Time,Acetic acid,N-Acetyl glucosamine,N-Acetyl-Neuraminic Acid,Adenosine,Adenosine 5'-monophosphate,2-Deoxy Adenosine,D-Alanine,L-Arginine,L-Asparagine,ATGC mixture,Chitin from Crab Shells ,Chitin from shrimp shells ,Citric Acid,Cytidine,Dextrin,D-Fructose,Fumaric Acid,D-Galactose,D-Gluconic Acid,D-Glucosamine,α-D-Glucose,D-Glucose-6-Phosphate,L-Glutamic Acid,L-Glutamine,Glycerol,"D,L-Glycerol-Phosphate",Glycogen,Guanosine,L-Histidine,α-Keto-Glutaric Acid,Inosine,L-Lactic Acid,L-Malic Acid,Maltose,Maltotriose,D-Mannitol,D-Mannose,ß-Methyl-D-Glucoside,L-Ornithine,L-Proline,Propionic Acid,Pyruvic Acid,D-Ribose,D-Serine,L-Serine,Succinic Acid,Sucrose,L-Threonine,Thymidine,D-Trehalose,Tween 20,Tween 40,Tween 80,Uridine,Uridine monophosphate [C9H13N2O9P],Peptone,Supplemented
0,0.111,0.134,0.137,0.124,0.115,0.115,0.124,0.152,0.131,0.123,0.32,0.461,0.122,0.13,0.211,0.117,0.133,0.127,0.125,0.121,0.116,0.122,0.121,0.128,0.118,0.118,0.124,0.208,0.137,0.117,0.111,0.111,0.111,0.121,0.114,0.126,0.118,0.113,0.123,0.121,0.105,0.125,0.121,0.115,0.124,0.117,0.115,0.121,0.144,0.119,0.114,0.122,0.117,0.126,0.122,0.13,0.13
0.083333333,0.111,0.134,0.137,0.124,0.115,0.115,0.124,0.152,0.131,0.123,0.311,0.485,0.122,0.13,0.21,0.117,0.132,0.127,0.125,0.121,0.116,0.122,0.121,0.128,0.118,0.118,0.124,0.215,0.136,0.117,0.111,0.111,0.111,0.121,0.114,0.126,0.118,0.113,0.123,0.121,0.105,0.125,0.121,0.115,0.123,0.117,0.115,0.121,0.144,0.119,0.114,0.122,0.117,0.125,0.122,0.13,0.131
0.166666667,0.111,0.133,0.137,0.124,0.115,0.115,0.124,0.151,0.131,0.123,0.307,0.471,0.122,0.129,0.21,0.117,0.132,0.126,0.125,0.121,0.116,0.122,0.121,0.128,0.118,0.118,0.124,0.203,0.136,0.117,0.111,0.111,0.111,0.121,0.114,0.126,0.118,0.113,0.122,0.121,0.105,0.125,0.121,0.115,0.123,0.117,0.115,0.121,0.144,0.119,0.114,0.122,0.117,0.125,0.122,0.13,0.132
0.25,0.111,0.133,0.137,0.124,0.115,0.115,0.124,0.151,0.131,0.123,0.307,0.451,0.122,0.129,0.211,0.117,0.131,0.126,0.125,0.121,0.116,0.122,0.121,0.128,0.119,0.118,0.125,0.201,0.135,0.117,0.111,0.111,0.111,0.121,0.114,0.126,0.118,0.113,0.123,0.121,0.105,0.125,0.121,0.115,0.123,0.117,0.115,0.121,0.144,0.119,0.114,0.122,0.117,0.125,0.122,0.131,0.133
0.333333333,0.111,0.133,0.137,0.123,0.115,0.115,0.124,0.151,0.131,0.124,0.318,0.405,0.122,0.13,0.211,0.117,0.131,0.126,0.125,0.122,0.116,0.122,0.121,0.128,0.119,0.118,0.125,0.19,0.135,0.117,0.111,0.111,0.112,0.121,0.114,0.126,0.118,0.113,0.123,0.122,0.105,0.125,0.121,0.115,0.123,0.117,0.115,0.121,0.143,0.119,0.114,0.122,0.117,0.125,0.122,0.132,0.134
0.416666667,0.111,0.133,0.136,0.123,0.115,0.115,0.124,0.151,0.131,0.124,0.314,0.333,0.122,0.13,0.211,0.117,0.13,0.126,0.125,0.122,0.116,0.122,0.121,0.128,0.119,0.118,0.125,0.187,0.135,0.117,0.111,0.111,0.112,0.121,0.114,0.126,0.118,0.113,0.123,0.122,0.105,0.125,0.121,0.115,0.123,0.117,0.115,0.12,0.143,0.119,0.114,0.122,0.117,0.125,0.122,0.133,0.135
0.5,0.111,0.133,0.136,0.123,0.115,0.115,0.124,0.151,0.131,0.124,0.318,0.326,0.121,0.13,0.211,0.117,0.13,0.126,0.125,0.122,0.116,0.122,0.121,0.128,0.119,0.118,0.126,0.21,0.135,0.118,0.112,0.111,0.112,0.121,0.115,0.126,0.119,0.113,0.123,0.122,0.105,0.125,0.121,0.115,0.123,0.118,0.115,0.12,0.143,0.12,0.114,0.122,0.117,0.125,0.122,0.135,0.137
0.583333333,0.111,0.134,0.136,0.124,0.115,0.115,0.124,0.151,0.131,0.124,0.329,0.283,0.121,0.13,0.211,0.117,0.13,0.126,0.124,0.122,0.116,0.122,0.121,0.128,0.119,0.118,0.126,0.193,0.135,0.118,0.112,0.111,0.112,0.121,0.115,0.126,0.119,0.112,0.123,0.122,0.105,0.125,0.122,0.115,0.123,0.118,0.115,0.12,0.143,0.12,0.115,0.122,0.117,0.125,0.122,0.136,0.138
0.666666667,0.111,0.134,0.135,0.124,0.115,0.115,0.124,0.151,0.131,0.125,0.323,0.24,0.121,0.13,0.211,0.118,0.13,0.126,0.125,0.122,0.117,0.122,0.121,0.128,0.119,0.118,0.126,0.218,0.135,0.118,0.112,0.112,0.112,0.121,0.115,0.126,0.119,0.112,0.123,0.122,0.105,0.125,0.122,0.116,0.123,0.118,0.115,0.12,0.143,0.12,0.115,0.123,0.117,0.125,0.122,0.138,0.14
0.75,0.111,0.134,0.136,0.124,0.115,0.115,0.124,0.15,0.132,0.125,0.322,0.283,0.121,0.13,0.211,0.118,0.131,0.127,0.125,0.122,0.117,0.122,0.121,0.129,0.119,0.119,0.127,0.199,0.135,0.118,0.112,0.112,0.112,0.122,0.115,0.126,0.119,0.112,0.123,0.122,0.106,0.126,0.122,0.116,0.123,0.118,0.116,0.12,0.142,0.12,0.115,0.123,0.118,0.126,0.122,0.14,0.141
0.833333333,0.111,0.134,0.136,0.124,0.116,0.115,0.125,0.15,0.132,0.125,0.329,0.379,0.121,0.13,0.212,0.118,0.13,0.127,0.125,0.123,0.117,0.122,0.122,0.129,0.119,0.119,0.127,0.185,0.135,0.118,0.113,0.112,0.112,0.122,0.115,0.127,0.119,0.112,0.123,0.122,0.106,0.126,0.122,0.116,0.123,0.118,0.116,0.12,0.142,0.12,0.115,0.123,0.118,0.126,0.122,0.142,0.142
0.916666667,0.111,0.134,0.136,0.124,0.116,0.115,0.125,0.15,0.132,0.126,0.325,0.382,0.121,0.131,0.212,0.118,0.131,0.127,0.125,0.123,0.117,0.123,0.122,0.129,0.119,0.119,0.127,0.192,0.135,0.118,0.113,0.112,0.113,0.122,0.116,0.127,0.119,0.112,0.124,0.123,0.106,0.126,0.122,0.116,0.124,0.119,0.116,0.12,0.142,0.12,0.115,0.123,0.118,0.126,0.123,0.145,0.144
1,0.111,0.134,0.136,0.125,0.116,0.115,0.125,0.15,0.132,0.126,0.342,0.315,0.121,0.131,0.212,0.119,0.131,0.127,0.125,0.123,0.117,0.123,0.122,0.129,0.12,0.119,0.128,0.183,0.135,0.118,0.113,0.113,0.113,0.122,0.116,0.127,0.119,0.112,0.124,0.123,0.106,0.126,0.123,0.116,0.124,0.119,0.116,0.12,0.142,0.121,0.115,0.123,0.118,0.126,0.123,0.147,0.146
1.083333333,0.112,0.134,0.136,0.125,0.117,0.115,0.125,0.15,0.132,0.126,0.332,0.315,0.121,0.131,0.212,0.119,0.131,0.127,0.126,0.123,0.118,0.123,0.122,0.129,0.12,0.12,0.128,0.196,0.136,0.118,0.113,0.113,0.113,0.122,0.116,0.127,0.12,0.112,0.124,0.123,0.106,0.126,0.123,0.116,0.124,0.119,0.116,0.12,0.142,0.121,0.115,0.124,0.119,0.127,0.123,0.15,0.147
1.166666667,0.112,0.134,0.136,0.125,0.117,0.115,0.126,0.15,0.139,0.127,0.333,0.313,0.121,0.131,0.212,0.119,0.131,0.128,0.126,0.124,0.118,0.123,0.123,0.13,0.12,0.12,0.129,0.186,0.136,0.119,0.114,0.113,0.113,0.123,0.116,0.127,0.12,0.112,0.125,0.123,0.106,0.126,0.123,0.117,0.124,0.119,0.117,0.12,0.142,0.121,0.116,0.124,0.119,0.127,0.123,0.153,0.149
1.25,0.112,0.134,0.136,0.125,0.117,0.115,0.126,0.149,0.139,0.127,0.316,0.322,0.121,0.132,0.212,0.119,0.131,0.127,0.126,0.124,0.118,0.123,0.123,0.13,0.12,0.12,0.129,0.181,0.136,0.119,0.114,0.113,0.113,0.123,0.116,0.127,0.12,0.112,0.124,0.124,0.106,0.127,0.123,0.116,0.124,0.119,0.117,0.12,0.142,0.121,0.116,0.124,0.119,0.127,0.124,0.155,0.151
1.333333333,0.112,0.134,0.136,0.126,0.117,0.115,0.126,0.15,0.139,0.127,0.323,0.41,0.121,0.132,0.213,0.12,0.132,0.128,0.126,0.124,0.118,0.124,0.123,0.13,0.121,0.12,0.13,0.168,0.136,0.119,0.114,0.114,0.114,0.123,0.117,0.128,0.12,0.112,0.125,0.124,0.106,0.127,0.124,0.117,0.124,0.12,0.117,0.12,0.142,0.122,0.116,0.124,0.119,0.127,0.124,0.156,0.153
1.416666667,0.112,0.135,0.136,0.126,0.118,0.115,0.126,0.149,0.139,0.128,0.333,0.368,0.121,0.132,0.213,0.12,0.132,0.128,0.127,0.124,0.119,0.124,0.123,0.131,0.121,0.121,0.131,0.187,0.136,0.119,0.114,0.114,0.114,0.123,0.117,0.128,0.121,0.112,0.125,0.124,0.106,0.127,0.124,0.117,0.125,0.12,0.117,0.12,0.142,0.122,0.116,0.124,0.119,0.127,0.124,0.158,0.155
1.5,0.112,0.135,0.136,0.126,0.118,0.115,0.127,0.149,0.139,0.128,0.321,0.403,0.121,0.133,0.213,0.12,0.132,0.129,0.127,0.125,0.119,0.124,0.124,0.131,0.121,0.121,0.131,0.191,0.136,0.119,0.115,0.115,0.114,0.124,0.117,0.128,0.121,0.112,0.126,0.124,0.106,0.128,0.124,0.117,0.125,0.12,0.118,0.12,0.142,0.122,0.117,0.125,0.12,0.128,0.124,0.16,0.158
1.583333333,0.112,0.135,0.136,0.126,0.119,0.115,0.127,0.149,0.14,0.128,0.321,0.375,0.121,0.133,0.214,0.121,0.132,0.129,0.127,0.125,0.119,0.125,0.124,0.131,0.122,0.121,0.132,0.189,0.136,0.12,0.115,0.115,0.115,0.124,0.117,0.129,0.121,0.112,0.126,0.125,0.106,0.128,0.125,0.117,0.125,0.121,0.118,0.12,0.142,0.122,0.117,0.125,0.12,0.128,0.125,0.163,0.16
1.666666667,0.112,0.135,0.136,0.127,0.119,0.115,0.127,0.149,0.14,0.129,0.334,0.407,0.121,0.133,0.214,0.121,0.133,0.129,0.128,0.126,0.12,0.125,0.124,0.132,0.122,0.122,0.133,0.177,0.137,0.12,0.116,0.115,0.115,0.124,0.118,0.129,0.122,0.112,0.126,0.125,0.106,0.128,0.125,0.118,0.125,0.121,0.118,0.12,0.142,0.123,0.117,0.126,0.121,0.128,0.125,0.165,0.162
1.75,0.113,0.136,0.136,0.127,0.119,0.115,0.127,0.149,0.14,0.129,0.337,0.409,0.121,0.133,0.214,0.121,0.133,0.13,0.128,0.126,0.12,0.126,0.125,0.132,0.123,0.122,0.133,0.184,0.137,0.12,0.116,0.116,0.115,0.125,0.118,0.129,0.122,0.112,0.127,0.126,0.107,0.129,0.125,0.118,0.126,0.121,0.119,0.12,0.142,0.123,0.117,0.126,0.121,0.129,0.126,0.168,0.164
1.833333333,0.113,0.136,0.137,0.128,0.12,0.115,0.128,0.149,0.141,0.13,0.334,0.397,0.121,0.133,0.215,0.122,0.134,0.13,0.128,0.126,0.121,0.126,0.125,0.133,0.123,0.123,0.134,0.143,0.137,0.121,0.117,0.116,0.115,0.125,0.118,0.13,0.123,0.112,0.127,0.126,0.106,0.129,0.126,0.118,0.126,0.122,0.119,0.12,0.142,0.124,0.118,0.126,0.121,0.129,0.126,0.171,0.167
1.916666667,0.113,0.136,0.137,0.128,0.121,0.115,0.128,0.149,0.141,0.13,0.34,0.332,0.121,0.134,0.215,0.122,0.134,0.13,0.129,0.127,0.121,0.126,0.125,0.133,0.123,0.123,0.134,0.152,0.137,0.121,0.117,0.117,0.116,0.125,0.119,0.13,0.123,0.112,0.128,0.126,0.107,0.129,0.126,0.119,0.126,0.122,0.12,0.12,0.141,0.124,0.118,0.127,0.122,0.129,0.126,0.174,0.17
2,0.113,0.137,0.137,0.128,0.121,0.115,0.128,0.149,0.141,0.131,0.331,0.336,0.121,0.134,0.215,0.123,0.135,0.131,0.129,0.127,0.121,0.127,0.126,0.133,0.124,0.124,0.135,0.152,0.138,0.121,0.117,0.117,0.116,0.126,0.119,0.13,0.123,0.112,0.128,0.126,0.107,0.13,0.126,0.119,0.126,0.122,0.12,0.12,0.141,0.124,0.118,0.127,0.122,0.13,0.127,0.176,0.173
2.083333333,0.113,0.137,0.137,0.129,0.122,0.116,0.129,0.149,0.142,0.131,0.329,0.321,0.121,0.134,0.216,0.123,0.135,0.131,0.13,0.128,0.122,0.127,0.126,0.134,0.124,0.124,0.135,0.153,0.138,0.121,0.118,0.117,0.116,0.126,0.12,0.131,0.124,0.112,0.129,0.127,0.107,0.13,0.127,0.119,0.127,0.123,0.12,0.12,0.142,0.125,0.118,0.127,0.123,0.13,0.127,0.178,0.176
2.166666667,0.113,0.138,0.138,0.129,0.122,0.116,0.129,0.149,0.142,0.132,0.34,0.295,0.121,0.135,0.216,0.123,0.135,0.132,0.13,0.128,0.122,0.128,0.127,0.134,0.125,0.125,0.136,0.145,0.138,0.122,0.118,0.118,0.117,0.127,0.12,0.131,0.124,0.112,0.129,0.127,0.107,0.131,0.128,0.12,0.127,0.124,0.121,0.12,0.142,0.125,0.119,0.128,0.123,0.131,0.128,0.181,0.179
2.25,0.114,0.138,0.138,0.13,0.123,0.116,0.13,0.149,0.142,0.132,0.345,0.317,0.121,0.136,0.216,0.124,0.136,0.132,0.13,0.129,0.123,0.128,0.127,0.135,0.125,0.125,0.136,0.149,0.138,0.122,0.119,0.118,0.117,0.127,0.12,0.132,0.125,0.112,0.13,0.128,0.107,0.131,0.128,0.12,0.127,0.124,0.121,0.12,0.141,0.126,0.119,0.128,0.123,0.131,0.128,0.184,0.182
2.333333333,0.114,0.139,0.138,0.13,0.123,0.116,0.13,0.149,0.143,0.133,0.349,0.296,0.121,0.136,0.217,0.124,0.137,0.133,0.131,0.129,0.123,0.129,0.128,0.135,0.126,0.126,0.137,0.155,0.139,0.122,0.12,0.119,0.117,0.128,0.121,0.132,0.125,0.112,0.13,0.128,0.107,0.132,0.128,0.12,0.128,0.124,0.122,0.12,0.141,0.126,0.12,0.129,0.124,0.132,0.129,0.188,0.185
2.416666667,0.114,0.139,0.138,0.131,0.124,0.116,0.131,0.149,0.143,0.134,0.35,0.283,0.121,0.137,0.217,0.125,0.137,0.133,0.134,0.13,0.124,0.129,0.128,0.136,0.126,0.126,0.137,0.189,0.139,0.123,0.12,0.12,0.118,0.128,0.122,0.132,0.126,0.112,0.131,0.129,0.107,0.132,0.129,0.121,0.128,0.125,0.123,0.12,0.141,0.127,0.12,0.129,0.124,0.132,0.129,0.194,0.189
2.5,0.114,0.14,0.139,0.131,0.125,0.116,0.131,0.149,0.144,0.135,0.315,0.338,0.121,0.137,0.218,0.126,0.138,0.134,0.132,0.13,0.125,0.13,0.129,0.138,0.127,0.127,0.138,0.18,0.139,0.123,0.121,0.12,0.118,0.129,0.122,0.133,0.126,0.112,0.131,0.129,0.107,0.133,0.129,0.121,0.128,0.126,0.124,0.12,0.141,0.127,0.121,0.13,0.125,0.133,0.13,0.197,0.192
2.583333333,0.114,0.14,0.139,0.132,0.126,0.116,0.132,0.148,0.145,0.135,0.326,0.32,0.121,0.138,0.219,0.126,0.138,0.134,0.133,0.131,0.125,0.13,0.13,0.139,0.128,0.127,0.14,0.185,0.14,0.124,0.121,0.121,0.119,0.129,0.123,0.134,0.127,0.112,0.132,0.13,0.107,0.133,0.13,0.122,0.129,0.126,0.125,0.12,0.141,0.128,0.121,0.13,0.126,0.133,0.131,0.2,0.196
2.666666667,0.114,0.141,0.14,0.133,0.126,0.116,0.132,0.148,0.145,0.136,0.33,0.432,0.121,0.139,0.219,0.127,0.139,0.135,0.133,0.132,0.126,0.131,0.13,0.142,0.128,0.128,0.141,0.183,0.14,0.124,0.122,0.122,0.119,0.13,0.123,0.134,0.128,0.112,0.133,0.13,0.107,0.134,0.131,0.122,0.129,0.127,0.124,0.12,0.141,0.128,0.122,0.131,0.126,0.134,0.132,0.202,0.2
2.75,0.115,0.142,0.14,0.133,0.127,0.116,0.132,0.148,0.146,0.137,0.325,0.336,0.121,0.14,0.22,0.127,0.139,0.136,0.134,0.132,0.127,0.131,0.131,0.141,0.129,0.129,0.142,0.176,0.14,0.124,0.123,0.122,0.12,0.13,0.124,0.135,0.128,0.112,0.133,0.131,0.108,0.135,0.131,0.122,0.129,0.127,0.125,0.12,0.141,0.129,0.122,0.132,0.127,0.135,0.132,0.205,0.205
2.833333333,0.115,0.142,0.14,0.134,0.128,0.116,0.133,0.148,0.146,0.138,0.327,0.311,0.121,0.14,0.221,0.128,0.141,0.136,0.134,0.133,0.127,0.132,0.132,0.139,0.13,0.13,0.143,0.191,0.14,0.125,0.124,0.123,0.12,0.131,0.125,0.135,0.129,0.112,0.134,0.131,0.108,0.135,0.132,0.123,0.13,0.128,0.126,0.12,0.141,0.129,0.123,0.132,0.128,0.135,0.133,0.208,0.209
2.916666667,0.115,0.143,0.141,0.135,0.129,0.116,0.134,0.148,0.147,0.139,0.325,0.385,0.121,0.141,0.221,0.129,0.141,0.137,0.135,0.134,0.128,0.133,0.132,0.14,0.131,0.13,0.144,0.187,0.141,0.126,0.124,0.124,0.121,0.132,0.125,0.136,0.13,0.112,0.135,0.132,0.108,0.136,0.133,0.124,0.13,0.129,0.127,0.121,0.141,0.13,0.123,0.133,0.128,0.136,0.134,0.211,0.214
3,0.115,0.144,0.141,0.135,0.13,0.116,0.134,0.148,0.148,0.14,0.334,0.371,0.121,0.142,0.222,0.13,0.142,0.138,0.136,0.135,0.129,0.134,0.133,0.143,0.131,0.131,0.146,0.163,0.141,0.126,0.125,0.125,0.121,0.132,0.126,0.137,0.13,0.112,0.136,0.133,0.108,0.137,0.133,0.124,0.13,0.129,0.127,0.12,0.141,0.131,0.124,0.134,0.129,0.137,0.135,0.215,0.219
3.083333333,0.116,0.145,0.142,0.136,0.131,0.116,0.135,0.148,0.149,0.141,0.33,0.443,0.121,0.143,0.223,0.131,0.143,0.139,0.137,0.136,0.13,0.134,0.134,0.145,0.132,0.132,0.147,0.185,0.141,0.126,0.126,0.126,0.122,0.133,0.127,0.137,0.131,0.112,0.136,0.133,0.108,0.138,0.134,0.125,0.131,0.13,0.128,0.121,0.141,0.132,0.125,0.134,0.13,0.138,0.135,0.219,0.224
3.166666667,0.116,0.146,0.142,0.137,0.133,0.116,0.136,0.148,0.149,0.142,0.335,0.423,0.121,0.144,0.224,0.131,0.144,0.14,0.137,0.136,0.131,0.135,0.135,0.143,0.133,0.133,0.148,0.161,0.142,0.127,0.127,0.126,0.123,0.134,0.128,0.138,0.132,0.113,0.137,0.134,0.108,0.139,0.135,0.125,0.131,0.131,0.129,0.121,0.141,0.132,0.125,0.135,0.13,0.139,0.136,0.224,0.229
3.25,0.116,0.147,0.143,0.138,0.134,0.116,0.136,0.148,0.15,0.143,0.342,0.418,0.121,0.145,0.224,0.132,0.144,0.14,0.138,0.137,0.131,0.136,0.135,0.146,0.134,0.134,0.148,0.167,0.143,0.128,0.128,0.128,0.123,0.135,0.128,0.139,0.133,0.113,0.138,0.135,0.108,0.14,0.136,0.126,0.132,0.132,0.13,0.121,0.141,0.133,0.126,0.136,0.131,0.139,0.137,0.228,0.235
3.333333333,0.116,0.148,0.143,0.139,0.135,0.116,0.137,0.148,0.149,0.145,0.34,0.428,0.121,0.146,0.225,0.133,0.144,0.141,0.139,0.137,0.132,0.137,0.135,0.144,0.134,0.135,0.149,0.165,0.143,0.128,0.129,0.127,0.124,0.136,0.129,0.14,0.134,0.113,0.138,0.136,0.108,0.14,0.137,0.127,0.132,0.133,0.131,0.121,0.141,0.134,0.127,0.137,0.132,0.14,0.137,0.233,0.241
3.416666667,0.117,0.149,0.143,0.14,0.135,0.116,0.138,0.148,0.15,0.146,0.343,0.486,0.12,0.146,0.226,0.133,0.143,0.141,0.14,0.137,0.133,0.137,0.135,0.145,0.134,0.135,0.149,0.161,0.144,0.129,0.131,0.126,0.124,0.136,0.13,0.14,0.135,0.113,0.137,0.137,0.108,0.14,0.137,0.127,0.133,0.132,0.131,0.121,0.141,0.135,0.128,0.136,0.132,0.14,0.137,0.239,0.247
3.5,0.117,0.15,0.143,0.141,0.135,0.116,0.139,0.148,0.149,0.147,0.337,0.444,0.121,0.147,0.227,0.133,0.143,0.14,0.141,0.137,0.134,0.137,0.135,0.145,0.135,0.135,0.151,0.185,0.144,0.129,0.131,0.126,0.125,0.136,0.131,0.14,0.136,0.113,0.137,0.137,0.109,0.139,0.138,0.128,0.133,0.132,0.132,0.121,0.141,0.136,0.128,0.136,0.132,0.141,0.136,0.246,0.253
3.583333333,0.117,0.151,0.142,0.142,0.135,0.116,0.139,0.148,0.149,0.147,0.345,0.42,0.121,0.147,0.228,0.133,0.143,0.14,0.143,0.137,0.136,0.137,0.135,0.143,0.134,0.134,0.152,0.193,0.145,0.13,0.131,0.126,0.126,0.136,0.132,0.14,0.137,0.113,0.137,0.136,0.109,0.139,0.138,0.129,0.134,0.132,0.132,0.121,0.141,0.137,0.129,0.136,0.131,0.141,0.136,0.252,0.26
3.666666667,0.118,0.152,0.142,0.142,0.135,0.116,0.139,0.148,0.149,0.148,0.343,0.303,0.121,0.147,0.229,0.133,0.143,0.14,0.142,0.137,0.137,0.137,0.135,0.144,0.134,0.134,0.154,0.134,0.145,0.129,0.132,0.126,0.126,0.136,0.133,0.14,0.137,0.113,0.137,0.136,0.109,0.139,0.139,0.13,0.134,0.132,0.132,0.121,0.141,0.138,0.13,0.136,0.132,0.141,0.136,0.257,0.266
3.75,0.118,0.153,0.142,0.143,0.136,0.116,0.139,0.148,0.149,0.149,0.345,0.407,0.12,0.147,0.23,0.133,0.143,0.14,0.142,0.137,0.138,0.137,0.135,0.144,0.134,0.134,0.157,0.123,0.145,0.13,0.132,0.127,0.125,0.136,0.134,0.14,0.137,0.113,0.137,0.136,0.109,0.139,0.139,0.131,0.135,0.132,0.133,0.121,0.141,0.139,0.129,0.136,0.132,0.141,0.136,0.263,0.273
3.833333333,0.118,0.155,0.141,0.143,0.137,0.116,0.138,0.148,0.15,0.15,0.355,0.332,0.12,0.148,0.231,0.133,0.143,0.14,0.143,0.138,0.139,0.137,0.135,0.143,0.134,0.134,0.159,0.122,0.145,0.13,0.133,0.128,0.125,0.136,0.136,0.141,0.137,0.113,0.137,0.137,0.109,0.139,0.14,0.131,0.136,0.132,0.134,0.122,0.141,0.14,0.129,0.136,0.132,0.141,0.136,0.27,0.28
3.916666667,0.119,0.156,0.141,0.144,0.138,0.116,0.138,0.148,0.15,0.151,0.303,0.31,0.121,0.148,0.233,0.134,0.143,0.14,0.144,0.138,0.141,0.137,0.135,0.143,0.134,0.134,0.162,0.125,0.145,0.129,0.134,0.128,0.125,0.137,0.137,0.141,0.137,0.113,0.137,0.136,0.109,0.139,0.14,0.13,0.136,0.132,0.135,0.122,0.141,0.141,0.129,0.136,0.131,0.141,0.136,0.277,0.287
4,0.119,0.158,0.141,0.145,0.139,0.116,0.138,0.148,0.15,0.153,0.304,0.349,0.12,0.149,0.234,0.135,0.143,0.141,0.145,0.139,0.142,0.137,0.135,0.143,0.134,0.134,0.165,0.124,0.145,0.129,0.135,0.129,0.125,0.137,0.138,0.141,0.138,0.113,0.137,0.136,0.11,0.139,0.141,0.13,0.137,0.132,0.135,0.122,0.141,0.143,0.129,0.136,0.131,0.141,0.136,0.283,0.295
4.083333333,0.119,0.159,0.141,0.145,0.14,0.116,0.138,0.148,0.15,0.155,0.301,0.324,0.12,0.149,0.235,0.135,0.143,0.141,0.145,0.139,0.144,0.137,0.135,0.143,0.133,0.134,0.168,0.125,0.145,0.129,0.136,0.129,0.126,0.137,0.139,0.141,0.138,0.113,0.136,0.136,0.11,0.139,0.141,0.13,0.137,0.132,0.136,0.122,0.141,0.144,0.129,0.136,0.131,0.141,0.136,0.291,0.302
4.166666667,0.119,0.161,0.141,0.147,0.141,0.116,0.138,0.148,0.151,0.157,0.31,0.387,0.12,0.15,0.237,0.136,0.143,0.141,0.146,0.14,0.145,0.137,0.135,0.143,0.134,0.134,0.171,0.124,0.144,0.129,0.138,0.129,0.126,0.137,0.141,0.142,0.139,0.113,0.136,0.136,0.11,0.139,0.142,0.13,0.138,0.132,0.137,0.122,0.141,0.145,0.129,0.136,0.131,0.141,0.136,0.299,0.311
4.25,0.12,0.162,0.141,0.148,0.143,0.116,0.138,0.148,0.152,0.159,0.31,0.361,0.12,0.151,0.239,0.137,0.143,0.141,0.147,0.141,0.147,0.137,0.136,0.143,0.134,0.134,0.175,0.126,0.145,0.129,0.139,0.129,0.126,0.138,0.142,0.143,0.139,0.113,0.136,0.136,0.11,0.139,0.143,0.13,0.138,0.132,0.138,0.123,0.141,0.147,0.129,0.135,0.131,0.141,0.135,0.308,0.319
4.333333333,0.12,0.164,0.14,0.149,0.145,0.116,0.138,0.148,0.152,0.162,0.312,0.32,0.12,0.151,0.24,0.138,0.143,0.141,0.147,0.141,0.149,0.137,0.136,0.143,0.134,0.134,0.178,0.128,0.144,0.129,0.141,0.129,0.126,0.139,0.144,0.143,0.14,0.113,0.136,0.136,0.11,0.139,0.144,0.13,0.137,0.132,0.139,0.123,0.141,0.148,0.129,0.135,0.131,0.141,0.135,0.317,0.328
4.416666667,0.121,0.166,0.141,0.151,0.147,0.116,0.138,0.148,0.152,0.164,0.326,0.314,0.12,0.152,0.242,0.139,0.144,0.141,0.148,0.142,0.151,0.137,0.136,0.143,0.134,0.135,0.181,0.13,0.144,0.129,0.143,0.129,0.126,0.139,0.146,0.144,0.141,0.113,0.136,0.136,0.11,0.139,0.145,0.13,0.137,0.132,0.14,0.123,0.141,0.15,0.129,0.135,0.131,0.141,0.135,0.325,0.337
4.5,0.121,0.168,0.14,0.153,0.149,0.116,0.138,0.148,0.153,0.167,0.33,0.356,0.12,0.153,0.244,0.14,0.144,0.141,0.149,0.142,0.153,0.137,0.136,0.143,0.134,0.135,0.184,0.132,0.144,0.129,0.144,0.129,0.126,0.14,0.147,0.144,0.142,0.113,0.136,0.136,0.11,0.139,0.146,0.13,0.137,0.132,0.141,0.123,0.141,0.151,0.129,0.135,0.131,0.141,0.135,0.331,0.345
4.583333333,0.121,0.17,0.14,0.154,0.151,0.116,0.138,0.148,0.153,0.169,0.338,0.346,0.121,0.154,0.245,0.141,0.144,0.141,0.15,0.143,0.155,0.137,0.136,0.143,0.135,0.135,0.187,0.293,0.144,0.129,0.147,0.129,0.126,0.14,0.149,0.145,0.143,0.113,0.136,0.136,0.111,0.139,0.147,0.13,0.137,0.132,0.142,0.123,0.141,0.153,0.129,0.135,0.13,0.141,0.135,0.337,0.354
4.666666667,0.122,0.172,0.14,0.156,0.153,0.117,0.138,0.148,0.153,0.172,0.34,0.281,0.12,0.154,0.248,0.142,0.145,0.142,0.151,0.143,0.157,0.137,0.137,0.143,0.135,0.135,0.19,0.14,0.144,0.129,0.149,0.13,0.126,0.141,0.151,0.146,0.147,0.113,0.136,0.136,0.111,0.138,0.148,0.13,0.137,0.132,0.144,0.124,0.141,0.155,0.129,0.135,0.131,0.141,0.135,0.343,0.363
4.75,0.122,0.174,0.14,0.158,0.155,0.116,0.138,0.148,0.154,0.175,0.343,0.313,0.12,0.156,0.249,0.143,0.145,0.142,0.153,0.144,0.16,0.137,0.137,0.143,0.135,0.135,0.193,0.141,0.144,0.129,0.151,0.13,0.126,0.142,0.153,0.147,0.145,0.113,0.136,0.136,0.111,0.139,0.15,0.13,0.137,0.133,0.145,0.124,0.141,0.157,0.128,0.135,0.131,0.142,0.135,0.348,0.373
4.833333333,0.122,0.176,0.14,0.16,0.158,0.117,0.138,0.148,0.154,0.178,0.347,0.279,0.12,0.157,0.251,0.144,0.145,0.142,0.154,0.145,0.162,0.137,0.137,0.143,0.136,0.136,0.196,0.146,0.144,0.129,0.153,0.13,0.126,0.143,0.154,0.148,0.147,0.113,0.136,0.136,0.111,0.139,0.151,0.13,0.137,0.133,0.147,0.124,0.141,0.16,0.129,0.135,0.131,0.142,0.135,0.355,0.382
4.916666667,0.123,0.179,0.14,0.162,0.161,0.117,0.138,0.147,0.155,0.181,0.345,0.312,0.12,0.158,0.252,0.146,0.146,0.142,0.155,0.145,0.165,0.137,0.137,0.143,0.136,0.136,0.2,0.142,0.144,0.129,0.155,0.13,0.126,0.145,0.156,0.15,0.148,0.113,0.136,0.136,0.111,0.139,0.152,0.13,0.137,0.133,0.149,0.125,0.141,0.162,0.129,0.135,0.131,0.142,0.135,0.361,0.39
5,0.123,0.181,0.14,0.164,0.163,0.117,0.138,0.147,0.155,0.184,0.346,0.323,0.12,0.159,0.253,0.147,0.146,0.142,0.157,0.146,0.168,0.138,0.138,0.143,0.137,0.136,0.203,0.141,0.144,0.129,0.158,0.13,0.126,0.146,0.158,0.151,0.15,0.113,0.136,0.136,0.111,0.139,0.154,0.13,0.137,0.133,0.15,0.125,0.141,0.164,0.129,0.135,0.131,0.142,0.135,0.368,0.398
5.083333333,0.124,0.184,0.14,0.167,0.165,0.117,0.138,0.147,0.156,0.188,0.349,0.298,0.12,0.161,0.253,0.149,0.147,0.142,0.159,0.147,0.17,0.138,0.138,0.143,0.137,0.137,0.207,0.145,0.144,0.129,0.16,0.13,0.126,0.147,0.161,0.152,0.151,0.113,0.136,0.136,0.112,0.139,0.156,0.13,0.136,0.133,0.152,0.125,0.141,0.166,0.128,0.135,0.131,0.142,0.135,0.373,0.405
5.166666667,0.124,0.187,0.141,0.169,0.168,0.117,0.138,0.148,0.156,0.192,0.351,0.285,0.12,0.162,0.254,0.15,0.147,0.143,0.16,0.147,0.173,0.138,0.138,0.143,0.137,0.137,0.212,0.145,0.143,0.129,0.163,0.131,0.127,0.148,0.164,0.154,0.152,0.114,0.136,0.136,0.112,0.139,0.157,0.13,0.136,0.134,0.154,0.126,0.141,0.169,0.129,0.135,0.131,0.142,0.135,0.378,0.412
5.25,0.125,0.189,0.141,0.171,0.171,0.117,0.139,0.147,0.157,0.195,0.351,0.293,0.12,0.163,0.254,0.152,0.148,0.143,0.162,0.148,0.176,0.138,0.138,0.143,0.138,0.137,0.217,0.148,0.143,0.129,0.166,0.131,0.127,0.15,0.168,0.155,0.154,0.114,0.136,0.136,0.112,0.139,0.159,0.131,0.137,0.134,0.156,0.126,0.141,0.171,0.129,0.135,0.131,0.143,0.135,0.383,0.419
5.333333333,0.125,0.192,0.141,0.174,0.174,0.117,0.139,0.148,0.157,0.199,0.356,0.32,0.12,0.165,0.255,0.153,0.148,0.143,0.164,0.149,0.179,0.139,0.139,0.143,0.139,0.138,0.222,0.151,0.143,0.129,0.169,0.131,0.127,0.151,0.171,0.157,0.156,0.114,0.136,0.136,0.112,0.139,0.161,0.131,0.137,0.134,0.158,0.126,0.141,0.174,0.129,0.135,0.131,0.143,0.135,0.387,0.426
5.416666667,0.126,0.196,0.141,0.177,0.177,0.117,0.139,0.147,0.158,0.203,0.357,0.334,0.12,0.166,0.257,0.155,0.148,0.144,0.165,0.15,0.183,0.139,0.139,0.143,0.139,0.138,0.226,0.155,0.143,0.129,0.172,0.131,0.127,0.153,0.173,0.159,0.158,0.114,0.136,0.136,0.112,0.139,0.163,0.131,0.137,0.135,0.16,0.127,0.141,0.177,0.129,0.135,0.131,0.143,0.135,0.39,0.432
5.5,0.126,0.199,0.141,0.18,0.18,0.117,0.139,0.147,0.159,0.208,0.352,0.4,0.12,0.168,0.259,0.157,0.149,0.144,0.168,0.15,0.186,0.139,0.139,0.143,0.14,0.139,0.229,0.186,0.143,0.129,0.175,0.131,0.127,0.154,0.176,0.161,0.16,0.114,0.136,0.136,0.112,0.14,0.164,0.131,0.137,0.135,0.163,0.127,0.141,0.18,0.129,0.135,0.132,0.144,0.135,0.394,0.438
5.583333333,0.127,0.203,0.142,0.183,0.184,0.117,0.139,0.147,0.159,0.212,0.353,0.368,0.121,0.169,0.261,0.159,0.15,0.144,0.17,0.152,0.191,0.14,0.14,0.144,0.141,0.139,0.233,0.162,0.143,0.129,0.179,0.132,0.128,0.156,0.179,0.163,0.162,0.114,0.136,0.136,0.113,0.14,0.167,0.131,0.137,0.135,0.165,0.128,0.141,0.184,0.129,0.135,0.132,0.144,0.136,0.398,0.443
5.666666667,0.127,0.207,0.142,0.186,0.188,0.117,0.139,0.147,0.16,0.217,0.357,0.375,0.12,0.169,0.264,0.161,0.15,0.145,0.172,0.152,0.195,0.14,0.14,0.144,0.141,0.14,0.236,0.176,0.143,0.129,0.182,0.132,0.128,0.158,0.183,0.165,0.164,0.114,0.136,0.136,0.113,0.14,0.169,0.131,0.137,0.136,0.168,0.128,0.141,0.187,0.129,0.135,0.132,0.144,0.136,0.401,0.448
5.75,0.128,0.211,0.142,0.19,0.192,0.117,0.139,0.147,0.161,0.222,0.354,0.383,0.12,0.171,0.266,0.163,0.151,0.145,0.174,0.154,0.199,0.141,0.141,0.144,0.142,0.141,0.241,0.167,0.143,0.129,0.186,0.132,0.128,0.16,0.187,0.167,0.167,0.114,0.136,0.136,0.113,0.14,0.171,0.132,0.137,0.136,0.171,0.129,0.141,0.191,0.129,0.135,0.132,0.145,0.136,0.404,0.453
5.833333333,0.128,0.215,0.142,0.193,0.196,0.117,0.139,0.147,0.162,0.227,0.355,0.39,0.12,0.172,0.27,0.165,0.152,0.145,0.176,0.154,0.203,0.141,0.141,0.144,0.143,0.141,0.245,0.171,0.143,0.129,0.19,0.133,0.128,0.161,0.191,0.169,0.169,0.114,0.136,0.137,0.113,0.141,0.173,0.132,0.137,0.137,0.173,0.129,0.141,0.194,0.129,0.135,0.132,0.144,0.136,0.408,0.458
5.916666667,0.129,0.219,0.143,0.197,0.201,0.117,0.14,0.147,0.163,0.233,0.357,0.354,0.12,0.173,0.273,0.167,0.152,0.146,0.179,0.156,0.208,0.142,0.141,0.144,0.143,0.142,0.251,0.173,0.143,0.129,0.194,0.133,0.129,0.163,0.196,0.171,0.172,0.114,0.136,0.137,0.113,0.141,0.175,0.132,0.137,0.137,0.176,0.13,0.141,0.198,0.129,0.136,0.133,0.145,0.136,0.41,0.463
6,0.131,0.224,0.143,0.2,0.205,0.117,0.14,0.147,0.163,0.238,0.359,0.369,0.12,0.174,0.277,0.17,0.153,0.146,0.181,0.157,0.213,0.142,0.142,0.145,0.144,0.143,0.256,0.183,0.143,0.129,0.199,0.134,0.129,0.165,0.199,0.174,0.174,0.114,0.136,0.137,0.114,0.141,0.178,0.132,0.137,0.138,0.18,0.13,0.141,0.202,0.129,0.136,0.133,0.145,0.136,0.413,0.467
6.083333333,0.131,0.228,0.144,0.204,0.21,0.117,0.14,0.147,0.164,0.245,0.36,0.388,0.12,0.175,0.281,0.172,0.154,0.147,0.184,0.158,0.218,0.143,0.142,0.145,0.145,0.143,0.262,0.185,0.143,0.129,0.203,0.134,0.13,0.167,0.203,0.176,0.177,0.114,0.137,0.137,0.114,0.142,0.18,0.132,0.137,0.138,0.183,0.131,0.141,0.207,0.129,0.136,0.133,0.145,0.136,0.415,0.472
6.166666667,0.131,0.233,0.144,0.208,0.215,0.117,0.14,0.147,0.165,0.251,0.361,0.41,0.121,0.177,0.285,0.175,0.155,0.147,0.187,0.159,0.224,0.144,0.143,0.145,0.146,0.144,0.268,0.211,0.143,0.129,0.207,0.135,0.13,0.169,0.208,0.179,0.18,0.114,0.137,0.138,0.114,0.142,0.183,0.133,0.137,0.139,0.187,0.131,0.141,0.211,0.13,0.136,0.133,0.145,0.137,0.416,0.476
6.25,0.131,0.238,0.145,0.213,0.22,0.117,0.14,0.147,0.166,0.257,0.363,0.332,0.121,0.178,0.29,0.177,0.155,0.147,0.189,0.16,0.229,0.144,0.143,0.145,0.147,0.145,0.274,0.211,0.143,0.129,0.212,0.135,0.13,0.171,0.212,0.181,0.183,0.114,0.137,0.138,0.114,0.142,0.185,0.133,0.137,0.139,0.19,0.132,0.141,0.216,0.13,0.136,0.133,0.146,0.137,0.418,0.487
6.333333333,0.13,0.243,0.145,0.217,0.225,0.117,0.14,0.147,0.167,0.264,0.364,0.314,0.121,0.18,0.294,0.18,0.156,0.148,0.193,0.16,0.235,0.145,0.144,0.146,0.147,0.145,0.281,0.221,0.143,0.129,0.217,0.135,0.131,0.173,0.217,0.184,0.186,0.114,0.137,0.138,0.115,0.142,0.188,0.133,0.137,0.14,0.194,0.133,0.142,0.221,0.13,0.136,0.133,0.146,0.137,0.419,0.497
6.416666667,0.13,0.248,0.146,0.222,0.231,0.117,0.141,0.147,0.168,0.271,0.365,0.35,0.12,0.182,0.299,0.183,0.157,0.148,0.196,0.162,0.241,0.146,0.144,0.146,0.149,0.146,0.288,0.211,0.143,0.13,0.223,0.136,0.131,0.176,0.222,0.188,0.189,0.114,0.137,0.138,0.115,0.143,0.191,0.133,0.137,0.141,0.198,0.133,0.141,0.226,0.13,0.136,0.134,0.146,0.137,0.421,0.502
6.5,0.13,0.254,0.146,0.227,0.236,0.117,0.141,0.147,0.169,0.278,0.365,0.325,0.12,0.183,0.304,0.186,0.158,0.149,0.199,0.163,0.247,0.147,0.145,0.146,0.149,0.147,0.294,0.209,0.143,0.13,0.228,0.137,0.132,0.178,0.228,0.191,0.193,0.114,0.137,0.139,0.115,0.143,0.194,0.133,0.137,0.141,0.202,0.134,0.142,0.232,0.13,0.136,0.134,0.146,0.137,0.421,0.503
6.583333333,0.131,0.26,0.147,0.233,0.243,0.117,0.141,0.147,0.17,0.286,0.366,0.305,0.121,0.184,0.309,0.189,0.159,0.149,0.202,0.164,0.254,0.148,0.146,0.146,0.15,0.147,0.303,0.215,0.143,0.13,0.235,0.137,0.132,0.18,0.233,0.194,0.197,0.115,0.137,0.139,0.116,0.144,0.197,0.134,0.137,0.142,0.207,0.135,0.142,0.237,0.131,0.137,0.134,0.147,0.137,0.422,0.501
6.666666667,0.131,0.266,0.148,0.238,0.25,0.117,0.141,0.147,0.171,0.294,0.367,0.398,0.121,0.186,0.314,0.192,0.16,0.149,0.206,0.165,0.261,0.149,0.147,0.147,0.151,0.148,0.311,0.22,0.143,0.13,0.241,0.138,0.133,0.183,0.239,0.198,0.2,0.115,0.137,0.14,0.116,0.144,0.2,0.134,0.137,0.143,0.212,0.135,0.142,0.243,0.131,0.137,0.135,0.147,0.137,0.423,0.499
6.75,0.131,0.272,0.149,0.244,0.257,0.117,0.142,0.147,0.172,0.302,0.368,0.301,0.121,0.188,0.32,0.195,0.161,0.15,0.21,0.166,0.269,0.149,0.147,0.147,0.151,0.149,0.319,0.232,0.143,0.13,0.247,0.139,0.133,0.185,0.244,0.201,0.204,0.115,0.137,0.14,0.116,0.145,0.204,0.134,0.137,0.143,0.217,0.135,0.141,0.249,0.131,0.137,0.135,0.147,0.137,0.423,0.498
6.833333333,0.131,0.279,0.15,0.25,0.264,0.117,0.142,0.147,0.173,0.31,0.369,0.357,0.121,0.19,0.325,0.199,0.163,0.15,0.214,0.167,0.276,0.15,0.148,0.147,0.152,0.15,0.327,0.238,0.143,0.13,0.254,0.14,0.134,0.188,0.251,0.205,0.208,0.115,0.137,0.14,0.116,0.145,0.207,0.134,0.137,0.144,0.222,0.135,0.142,0.256,0.131,0.137,0.135,0.147,0.137,0.424,0.498
6.916666667,0.131,0.286,0.15,0.256,0.272,0.118,0.142,0.147,0.175,0.319,0.369,0.415,0.121,0.192,0.331,0.203,0.164,0.151,0.218,0.169,0.284,0.151,0.149,0.147,0.153,0.15,0.335,0.264,0.143,0.131,0.261,0.14,0.135,0.191,0.257,0.209,0.212,0.115,0.138,0.141,0.115,0.146,0.211,0.135,0.137,0.145,0.227,0.135,0.142,0.263,0.131,0.137,0.135,0.147,0.137,0.425,0.497
7,0.13,0.293,0.151,0.264,0.28,0.118,0.141,0.147,0.176,0.328,0.37,0.436,0.121,0.193,0.337,0.206,0.165,0.151,0.222,0.17,0.292,0.152,0.15,0.148,0.154,0.151,0.344,0.278,0.143,0.131,0.268,0.141,0.135,0.194,0.264,0.213,0.217,0.115,0.137,0.141,0.115,0.146,0.214,0.135,0.137,0.146,0.233,0.135,0.142,0.27,0.131,0.137,0.135,0.147,0.137,0.425,0.496
7.083333333,0.13,0.3,0.152,0.27,0.288,0.118,0.142,0.147,0.177,0.337,0.371,0.335,0.121,0.195,0.344,0.211,0.166,0.151,0.227,0.171,0.301,0.153,0.15,0.148,0.154,0.152,0.353,0.3,0.144,0.131,0.276,0.142,0.136,0.196,0.271,0.218,0.222,0.115,0.137,0.141,0.115,0.147,0.218,0.135,0.138,0.147,0.239,0.135,0.142,0.278,0.132,0.138,0.136,0.148,0.137,0.425,0.494
7.166666667,0.13,0.307,0.153,0.278,0.297,0.118,0.142,0.147,0.178,0.345,0.371,0.336,0.121,0.197,0.351,0.215,0.168,0.152,0.232,0.173,0.31,0.153,0.151,0.148,0.155,0.153,0.364,0.32,0.144,0.131,0.284,0.143,0.137,0.2,0.278,0.223,0.227,0.115,0.138,0.142,0.115,0.148,0.223,0.135,0.137,0.148,0.245,0.135,0.142,0.285,0.132,0.138,0.136,0.148,0.137,0.426,0.493
7.25,0.13,0.315,0.154,0.285,0.306,0.118,0.142,0.147,0.178,0.354,0.373,0.39,0.121,0.199,0.358,0.219,0.169,0.152,0.236,0.174,0.319,0.155,0.15,0.149,0.156,0.154,0.373,0.339,0.144,0.131,0.292,0.144,0.137,0.203,0.286,0.227,0.232,0.115,0.138,0.142,0.115,0.148,0.227,0.136,0.138,0.149,0.251,0.134,0.142,0.293,0.132,0.138,0.136,0.148,0.137,0.426,0.492
7.333333333,0.13,0.323,0.155,0.293,0.315,0.118,0.142,0.147,0.179,0.363,0.374,0.309,0.121,0.2,0.365,0.224,0.171,0.152,0.241,0.175,0.328,0.155,0.15,0.149,0.157,0.155,0.383,0.357,0.144,0.132,0.301,0.145,0.138,0.206,0.294,0.232,0.237,0.115,0.137,0.143,0.115,0.149,0.231,0.136,0.138,0.15,0.258,0.134,0.142,0.301,0.132,0.138,0.136,0.148,0.137,0.427,0.492
7.416666667,0.13,0.331,0.156,0.302,0.325,0.118,0.143,0.147,0.18,0.372,0.375,0.338,0.121,0.203,0.373,0.229,0.172,0.153,0.247,0.176,0.338,0.156,0.151,0.149,0.158,0.156,0.393,0.373,0.144,0.131,0.31,0.146,0.139,0.21,0.302,0.238,0.243,0.115,0.138,0.143,0.115,0.15,0.236,0.136,0.138,0.151,0.265,0.134,0.142,0.31,0.133,0.139,0.136,0.149,0.137,0.427,0.491
7.5,0.13,0.339,0.157,0.31,0.335,0.118,0.143,0.147,0.182,0.381,0.376,0.405,0.121,0.204,0.38,0.233,0.174,0.153,0.252,0.178,0.347,0.158,0.151,0.15,0.159,0.157,0.404,0.391,0.145,0.132,0.319,0.148,0.14,0.213,0.31,0.243,0.248,0.115,0.138,0.144,0.115,0.151,0.24,0.137,0.138,0.152,0.272,0.134,0.142,0.319,0.133,0.139,0.137,0.149,0.137,0.427,0.49
7.583333333,0.13,0.346,0.158,0.319,0.344,0.118,0.143,0.147,0.183,0.39,0.376,0.305,0.121,0.206,0.389,0.238,0.175,0.154,0.258,0.179,0.356,0.159,0.152,0.15,0.16,0.157,0.415,0.408,0.145,0.131,0.327,0.149,0.14,0.217,0.319,0.249,0.254,0.115,0.138,0.145,0.115,0.152,0.245,0.137,0.138,0.153,0.28,0.134,0.142,0.328,0.133,0.139,0.137,0.149,0.137,0.427,0.489
7.666666667,0.13,0.354,0.159,0.328,0.355,0.118,0.143,0.147,0.184,0.399,0.377,0.366,0.121,0.208,0.397,0.244,0.177,0.154,0.264,0.181,0.366,0.16,0.152,0.151,0.161,0.158,0.425,0.426,0.144,0.132,0.336,0.15,0.141,0.221,0.328,0.255,0.261,0.115,0.138,0.145,0.115,0.153,0.25,0.137,0.138,0.154,0.287,0.134,0.142,0.336,0.133,0.139,0.137,0.149,0.137,0.428,0.488
7.75,0.13,0.362,0.16,0.337,0.365,0.118,0.143,0.147,0.185,0.408,0.378,0.382,0.121,0.21,0.406,0.249,0.179,0.154,0.27,0.182,0.376,0.161,0.152,0.151,0.162,0.159,0.437,0.444,0.144,0.132,0.346,0.151,0.142,0.225,0.338,0.262,0.267,0.115,0.138,0.146,0.115,0.153,0.256,0.138,0.138,0.156,0.295,0.134,0.142,0.345,0.133,0.14,0.137,0.15,0.137,0.428,0.488
7.833333333,0.13,0.37,0.161,0.347,0.375,0.118,0.144,0.147,0.186,0.417,0.38,0.401,0.121,0.213,0.415,0.255,0.181,0.155,0.277,0.184,0.386,0.162,0.153,0.151,0.163,0.161,0.448,0.462,0.144,0.132,0.355,0.153,0.143,0.23,0.348,0.268,0.274,0.115,0.138,0.146,0.114,0.154,0.261,0.138,0.138,0.157,0.304,0.134,0.142,0.355,0.133,0.14,0.137,0.15,0.138,0.429,0.487
7.916666667,0.13,0.378,0.163,0.356,0.386,0.119,0.144,0.147,0.187,0.425,0.381,0.336,0.121,0.215,0.425,0.261,0.183,0.155,0.283,0.185,0.394,0.164,0.154,0.152,0.164,0.162,0.46,0.48,0.144,0.132,0.364,0.154,0.144,0.235,0.358,0.275,0.281,0.115,0.138,0.147,0.115,0.155,0.267,0.139,0.139,0.158,0.313,0.134,0.142,0.363,0.134,0.139,0.138,0.15,0.138,0.429,0.487
8,0.13,0.386,0.164,0.366,0.396,0.119,0.144,0.147,0.189,0.434,0.382,0.381,0.121,0.217,0.435,0.266,0.185,0.156,0.29,0.186,0.403,0.165,0.154,0.152,0.165,0.163,0.472,0.5,0.144,0.132,0.373,0.156,0.145,0.239,0.368,0.282,0.288,0.115,0.138,0.148,0.114,0.156,0.273,0.139,0.139,0.16,0.321,0.133,0.142,0.372,0.134,0.139,0.137,0.151,0.138,0.429,0.486
8.083333333,0.13,0.394,0.165,0.376,0.406,0.119,0.144,0.147,0.19,0.442,0.383,0.383,0.122,0.219,0.445,0.273,0.187,0.156,0.298,0.188,0.411,0.166,0.155,0.152,0.166,0.164,0.483,0.52,0.144,0.132,0.382,0.158,0.146,0.245,0.378,0.29,0.295,0.115,0.138,0.148,0.115,0.157,0.279,0.139,0.139,0.161,0.33,0.133,0.142,0.381,0.134,0.139,0.138,0.151,0.138,0.43,0.486
8.166666667,0.13,0.401,0.167,0.386,0.415,0.119,0.144,0.147,0.191,0.45,0.384,0.362,0.122,0.222,0.456,0.279,0.189,0.157,0.305,0.19,0.419,0.168,0.156,0.153,0.167,0.165,0.495,0.545,0.144,0.132,0.391,0.159,0.147,0.25,0.389,0.297,0.303,0.116,0.138,0.149,0.115,0.159,0.285,0.14,0.139,0.163,0.34,0.133,0.142,0.39,0.134,0.139,0.138,0.151,0.138,0.43,0.486
8.25,0.13,0.407,0.168,0.396,0.424,0.119,0.144,0.147,0.192,0.457,0.384,0.385,0.122,0.224,0.467,0.285,0.191,0.157,0.313,0.191,0.427,0.169,0.156,0.153,0.168,0.167,0.506,0.554,0.144,0.132,0.399,0.161,0.148,0.255,0.4,0.305,0.31,0.116,0.138,0.15,0.114,0.16,0.291,0.14,0.139,0.164,0.349,0.133,0.142,0.398,0.134,0.139,0.138,0.151,0.138,0.43,0.486
8.333333333,0.13,0.415,0.17,0.406,0.433,0.119,0.145,0.147,0.194,0.465,0.384,0.358,0.122,0.227,0.478,0.292,0.194,0.157,0.321,0.193,0.434,0.17,0.158,0.154,0.17,0.168,0.516,0.563,0.144,0.132,0.407,0.163,0.149,0.261,0.41,0.314,0.318,0.116,0.138,0.151,0.114,0.161,0.298,0.141,0.139,0.166,0.358,0.133,0.142,0.406,0.135,0.139,0.138,0.152,0.138,0.43,0.486
8.416666667,0.13,0.421,0.171,0.416,0.442,0.119,0.145,0.147,0.195,0.471,0.386,0.404,0.122,0.229,0.49,0.3,0.196,0.158,0.33,0.194,0.442,0.172,0.158,0.154,0.171,0.17,0.526,0.57,0.145,0.133,0.415,0.165,0.151,0.267,0.421,0.322,0.327,0.116,0.138,0.152,0.114,0.162,0.305,0.141,0.139,0.168,0.368,0.133,0.142,0.413,0.135,0.14,0.139,0.152,0.138,0.431,0.485
8.5,0.13,0.428,0.173,0.426,0.45,0.119,0.145,0.147,0.196,0.477,0.376,0.36,0.122,0.231,0.502,0.307,0.198,0.158,0.338,0.197,0.448,0.174,0.159,0.155,0.172,0.171,0.536,0.576,0.145,0.133,0.422,0.167,0.152,0.273,0.432,0.331,0.335,0.116,0.138,0.152,0.114,0.164,0.312,0.141,0.14,0.169,0.378,0.133,0.142,0.421,0.135,0.14,0.139,0.152,0.138,0.431,0.485
8.583333333,0.13,0.434,0.174,0.435,0.457,0.119,0.145,0.147,0.198,0.483,0.379,0.411,0.122,0.234,0.514,0.314,0.201,0.159,0.347,0.198,0.454,0.175,0.16,0.155,0.173,0.173,0.545,0.58,0.145,0.133,0.43,0.169,0.153,0.28,0.443,0.34,0.343,0.116,0.138,0.152,0.114,0.165,0.319,0.141,0.14,0.171,0.387,0.133,0.142,0.427,0.135,0.139,0.139,0.152,0.138,0.432,0.485
8.666666667,0.13,0.44,0.176,0.444,0.465,0.12,0.145,0.147,0.199,0.49,0.376,0.372,0.122,0.236,0.527,0.321,0.203,0.159,0.356,0.2,0.461,0.177,0.161,0.155,0.175,0.174,0.554,0.584,0.145,0.133,0.436,0.171,0.154,0.286,0.454,0.349,0.351,0.116,0.138,0.152,0.115,0.166,0.326,0.142,0.14,0.173,0.396,0.133,0.142,0.435,0.135,0.139,0.139,0.153,0.138,0.431,0.492
8.75,0.13,0.445,0.178,0.452,0.472,0.12,0.146,0.147,0.2,0.496,0.36,0.403,0.122,0.239,0.538,0.329,0.206,0.16,0.366,0.202,0.467,0.179,0.162,0.156,0.176,0.176,0.563,0.587,0.145,0.134,0.444,0.173,0.156,0.293,0.464,0.358,0.36,0.116,0.138,0.152,0.114,0.168,0.334,0.142,0.14,0.175,0.404,0.133,0.142,0.442,0.135,0.14,0.139,0.153,0.138,0.432,0.497
8.833333333,0.13,0.451,0.18,0.46,0.479,0.12,0.146,0.147,0.202,0.503,0.362,0.348,0.123,0.241,0.551,0.337,0.208,0.16,0.375,0.203,0.472,0.18,0.162,0.156,0.177,0.177,0.571,0.59,0.145,0.134,0.451,0.175,0.157,0.3,0.475,0.367,0.368,0.116,0.138,0.152,0.115,0.169,0.342,0.143,0.14,0.177,0.411,0.133,0.142,0.448,0.136,0.14,0.139,0.153,0.138,0.432,0.5
8.916666667,0.13,0.455,0.182,0.468,0.486,0.12,0.146,0.147,0.203,0.514,0.364,0.377,0.123,0.244,0.563,0.344,0.211,0.16,0.384,0.205,0.477,0.182,0.163,0.157,0.179,0.179,0.579,0.592,0.145,0.134,0.458,0.178,0.158,0.308,0.484,0.376,0.376,0.116,0.138,0.152,0.114,0.171,0.35,0.143,0.14,0.179,0.418,0.133,0.142,0.455,0.136,0.14,0.139,0.154,0.138,0.433,0.501
9,0.13,0.46,0.184,0.475,0.492,0.12,0.146,0.147,0.204,0.53,0.367,0.358,0.123,0.246,0.574,0.351,0.214,0.161,0.39,0.207,0.481,0.184,0.164,0.157,0.18,0.181,0.585,0.594,0.145,0.134,0.464,0.18,0.16,0.316,0.493,0.386,0.384,0.116,0.138,0.152,0.114,0.172,0.358,0.143,0.141,0.181,0.425,0.133,0.142,0.461,0.136,0.14,0.139,0.154,0.138,0.433,0.503
9.083333333,0.13,0.465,0.186,0.483,0.498,0.12,0.147,0.147,0.206,0.555,0.371,0.301,0.123,0.249,0.585,0.358,0.216,0.161,0.398,0.209,0.487,0.186,0.165,0.158,0.182,0.183,0.592,0.595,0.145,0.135,0.47,0.182,0.161,0.324,0.502,0.394,0.391,0.116,0.138,0.152,0.114,0.174,0.366,0.144,0.141,0.183,0.431,0.134,0.142,0.467,0.136,0.14,0.14,0.154,0.138,0.433,0.504
9.166666667,0.131,0.481,0.188,0.489,0.503,0.121,0.147,0.147,0.207,0.579,0.355,0.323,0.123,0.252,0.595,0.365,0.219,0.162,0.404,0.211,0.491,0.188,0.167,0.158,0.184,0.185,0.599,0.597,0.145,0.135,0.476,0.185,0.163,0.332,0.509,0.403,0.399,0.116,0.138,0.152,0.115,0.176,0.374,0.144,0.141,0.185,0.437,0.134,0.142,0.472,0.137,0.14,0.14,0.154,0.138,0.434,0.504
9.25,0.131,0.488,0.19,0.496,0.509,0.121,0.147,0.147,0.209,0.604,0.357,0.342,0.123,0.254,0.605,0.372,0.222,0.162,0.41,0.213,0.496,0.19,0.167,0.159,0.185,0.186,0.605,0.598,0.146,0.135,0.482,0.188,0.164,0.341,0.515,0.411,0.406,0.116,0.138,0.152,0.115,0.178,0.382,0.145,0.141,0.188,0.443,0.134,0.143,0.477,0.137,0.14,0.14,0.155,0.138,0.434,0.504
9.333333333,0.131,0.489,0.192,0.501,0.513,0.121,0.147,0.146,0.21,0.624,0.359,0.367,0.123,0.257,0.615,0.378,0.225,0.163,0.415,0.216,0.5,0.193,0.169,0.159,0.187,0.189,0.612,0.598,0.146,0.136,0.487,0.19,0.166,0.349,0.52,0.419,0.413,0.116,0.138,0.153,0.115,0.18,0.39,0.145,0.141,0.19,0.449,0.134,0.142,0.483,0.137,0.14,0.14,0.155,0.138,0.434,0.504
9.416666667,0.131,0.484,0.195,0.507,0.518,0.121,0.147,0.147,0.212,0.639,0.362,0.313,0.124,0.26,0.624,0.384,0.229,0.163,0.421,0.217,0.505,0.195,0.17,0.16,0.188,0.191,0.618,0.599,0.146,0.136,0.492,0.193,0.168,0.358,0.526,0.426,0.42,0.116,0.138,0.153,0.114,0.182,0.396,0.145,0.142,0.192,0.455,0.134,0.143,0.488,0.137,0.14,0.14,0.155,0.138,0.434,0.504
9.5,0.131,0.485,0.197,0.512,0.522,0.121,0.148,0.147,0.214,0.654,0.363,0.278,0.124,0.263,0.633,0.39,0.232,0.163,0.426,0.22,0.51,0.197,0.171,0.16,0.19,0.193,0.625,0.603,0.146,0.136,0.496,0.196,0.169,0.368,0.531,0.432,0.426,0.117,0.138,0.153,0.114,0.184,0.401,0.146,0.142,0.195,0.461,0.134,0.143,0.494,0.137,0.14,0.14,0.156,0.139,0.435,0.504
9.583333333,0.131,0.487,0.2,0.515,0.526,0.121,0.148,0.147,0.215,0.667,0.365,0.414,0.124,0.265,0.643,0.395,0.235,0.164,0.431,0.222,0.514,0.2,0.172,0.161,0.192,0.195,0.632,0.601,0.146,0.137,0.5,0.199,0.171,0.377,0.536,0.437,0.433,0.117,0.138,0.153,0.114,0.186,0.406,0.146,0.142,0.198,0.466,0.134,0.143,0.499,0.138,0.14,0.14,0.156,0.139,0.435,0.504
9.666666667,0.131,0.487,0.203,0.519,0.529,0.122,0.148,0.147,0.217,0.676,0.365,0.394,0.124,0.268,0.65,0.4,0.239,0.164,0.436,0.225,0.518,0.202,0.174,0.162,0.194,0.198,0.639,0.6,0.146,0.137,0.504,0.203,0.173,0.386,0.539,0.443,0.44,0.117,0.138,0.153,0.114,0.188,0.411,0.147,0.143,0.2,0.471,0.134,0.143,0.503,0.138,0.14,0.141,0.156,0.139,0.435,0.504
9.75,0.131,0.488,0.205,0.523,0.533,0.122,0.149,0.147,0.219,0.686,0.364,0.327,0.124,0.271,0.659,0.404,0.242,0.165,0.44,0.227,0.522,0.205,0.175,0.162,0.195,0.2,0.646,0.601,0.146,0.137,0.508,0.206,0.175,0.396,0.543,0.449,0.446,0.117,0.138,0.153,0.114,0.19,0.417,0.147,0.143,0.203,0.476,0.134,0.143,0.508,0.138,0.14,0.141,0.156,0.139,0.435,0.504
9.833333333,0.132,0.489,0.208,0.526,0.536,0.122,0.149,0.147,0.221,0.693,0.365,0.381,0.125,0.274,0.668,0.408,0.246,0.165,0.445,0.23,0.526,0.207,0.176,0.163,0.197,0.203,0.652,0.601,0.146,0.138,0.512,0.209,0.176,0.405,0.546,0.454,0.451,0.117,0.138,0.153,0.115,0.192,0.422,0.147,0.143,0.206,0.481,0.135,0.143,0.512,0.138,0.14,0.141,0.157,0.139,0.436,0.503
9.916666667,0.132,0.488,0.211,0.529,0.539,0.122,0.149,0.147,0.222,0.701,0.365,0.358,0.125,0.277,0.676,0.413,0.249,0.166,0.451,0.232,0.531,0.21,0.178,0.163,0.199,0.205,0.658,0.602,0.147,0.138,0.516,0.213,0.178,0.415,0.549,0.459,0.457,0.117,0.138,0.154,0.115,0.195,0.427,0.148,0.144,0.209,0.486,0.135,0.143,0.515,0.138,0.14,0.141,0.157,0.139,0.436,0.504
9.999999999,0.132,0.486,0.214,0.533,0.549,0.123,0.149,0.147,0.224,0.708,0.366,0.296,0.125,0.28,0.684,0.417,0.253,0.166,0.455,0.234,0.534,0.213,0.179,0.164,0.201,0.208,0.664,0.603,0.147,0.138,0.52,0.216,0.18,0.425,0.551,0.463,0.463,0.117,0.138,0.154,0.114,0.197,0.431,0.148,0.144,0.212,0.49,0.135,0.143,0.518,0.139,0.14,0.141,0.157,0.139,0.436,0.503
10.08333333,0.132,0.486,0.217,0.536,0.558,0.123,0.15,0.147,0.226,0.715,0.367,0.366,0.126,0.283,0.693,0.42,0.257,0.166,0.46,0.237,0.538,0.216,0.181,0.165,0.203,0.211,0.669,0.603,0.147,0.139,0.523,0.22,0.182,0.435,0.553,0.467,0.468,0.117,0.138,0.154,0.115,0.2,0.436,0.149,0.144,0.215,0.494,0.135,0.143,0.521,0.139,0.14,0.141,0.158,0.139,0.437,0.503
10.16666667,0.132,0.485,0.22,0.539,0.56,0.123,0.15,0.147,0.228,0.72,0.367,0.421,0.126,0.286,0.7,0.423,0.261,0.167,0.464,0.24,0.541,0.219,0.182,0.165,0.205,0.214,0.675,0.604,0.147,0.139,0.526,0.224,0.184,0.445,0.554,0.47,0.473,0.117,0.138,0.154,0.115,0.202,0.439,0.149,0.144,0.219,0.498,0.135,0.143,0.523,0.139,0.14,0.142,0.158,0.139,0.437,0.503
10.25,0.132,0.485,0.224,0.541,0.561,0.124,0.15,0.147,0.23,0.726,0.367,0.384,0.126,0.289,0.709,0.427,0.264,0.167,0.468,0.243,0.544,0.222,0.184,0.166,0.207,0.217,0.68,0.605,0.147,0.139,0.529,0.228,0.187,0.454,0.556,0.474,0.479,0.117,0.138,0.154,0.115,0.205,0.443,0.15,0.145,0.222,0.503,0.136,0.143,0.526,0.139,0.14,0.142,0.158,0.139,0.437,0.502
10.33333333,0.132,0.485,0.227,0.544,0.56,0.124,0.151,0.146,0.232,0.731,0.368,0.316,0.126,0.292,0.717,0.43,0.268,0.168,0.472,0.246,0.547,0.225,0.185,0.167,0.209,0.22,0.684,0.605,0.147,0.14,0.532,0.232,0.189,0.462,0.557,0.478,0.484,0.117,0.138,0.154,0.115,0.207,0.446,0.15,0.145,0.226,0.506,0.136,0.143,0.528,0.139,0.14,0.142,0.159,0.139,0.438,0.502
10.41666667,0.133,0.484,0.231,0.546,0.558,0.124,0.151,0.147,0.234,0.736,0.368,0.346,0.127,0.295,0.725,0.432,0.272,0.168,0.475,0.249,0.55,0.228,0.187,0.167,0.212,0.223,0.688,0.606,0.147,0.14,0.534,0.236,0.191,0.47,0.559,0.481,0.488,0.117,0.138,0.154,0.115,0.21,0.449,0.151,0.146,0.229,0.51,0.136,0.143,0.53,0.14,0.14,0.142,0.159,0.139,0.438,0.502
10.5,0.132,0.484,0.234,0.548,0.556,0.124,0.151,0.147,0.235,0.741,0.369,0.355,0.127,0.298,0.734,0.435,0.277,0.168,0.479,0.252,0.553,0.232,0.188,0.168,0.214,0.227,0.691,0.606,0.147,0.141,0.537,0.239,0.193,0.477,0.561,0.484,0.493,0.117,0.138,0.154,0.115,0.213,0.453,0.151,0.146,0.232,0.513,0.136,0.143,0.532,0.14,0.14,0.142,0.159,0.139,0.438,0.501
10.58333333,0.133,0.483,0.238,0.55,0.555,0.125,0.152,0.147,0.238,0.746,0.369,0.321,0.127,0.302,0.742,0.438,0.281,0.169,0.483,0.255,0.556,0.235,0.19,0.169,0.216,0.23,0.679,0.606,0.147,0.141,0.539,0.243,0.196,0.483,0.564,0.487,0.497,0.117,0.138,0.154,0.115,0.216,0.456,0.152,0.146,0.236,0.517,0.137,0.143,0.534,0.14,0.141,0.143,0.159,0.139,0.438,0.5
10.66666667,0.133,0.483,0.242,0.553,0.554,0.125,0.152,0.147,0.24,0.751,0.369,0.302,0.128,0.305,0.751,0.44,0.284,0.169,0.486,0.257,0.558,0.239,0.192,0.17,0.218,0.234,0.683,0.607,0.147,0.141,0.541,0.246,0.198,0.489,0.565,0.491,0.502,0.117,0.138,0.154,0.115,0.219,0.46,0.153,0.147,0.24,0.52,0.137,0.143,0.536,0.14,0.141,0.143,0.16,0.139,0.438,0.5
10.75,0.133,0.483,0.246,0.554,0.554,0.125,0.152,0.146,0.242,0.756,0.37,0.286,0.128,0.308,0.759,0.442,0.289,0.169,0.489,0.26,0.56,0.243,0.194,0.17,0.22,0.237,0.682,0.607,0.147,0.142,0.543,0.249,0.201,0.495,0.567,0.493,0.505,0.117,0.138,0.154,0.115,0.222,0.463,0.153,0.147,0.244,0.522,0.137,0.143,0.538,0.141,0.141,0.143,0.16,0.139,0.438,0.499
10.83333333,0.133,0.482,0.251,0.556,0.554,0.126,0.152,0.146,0.244,0.761,0.37,0.322,0.128,0.312,0.768,0.444,0.293,0.17,0.493,0.263,0.563,0.247,0.196,0.171,0.223,0.241,0.684,0.607,0.147,0.142,0.545,0.252,0.203,0.5,0.569,0.496,0.508,0.117,0.138,0.154,0.115,0.225,0.466,0.153,0.147,0.247,0.526,0.137,0.143,0.539,0.141,0.14,0.143,0.16,0.139,0.438,0.498
10.91666667,0.133,0.482,0.255,0.558,0.555,0.126,0.153,0.146,0.246,0.766,0.37,0.293,0.129,0.315,0.776,0.446,0.297,0.17,0.496,0.266,0.565,0.251,0.198,0.172,0.225,0.244,0.684,0.608,0.148,0.143,0.547,0.255,0.206,0.505,0.571,0.499,0.511,0.118,0.138,0.154,0.115,0.228,0.469,0.154,0.148,0.252,0.529,0.138,0.143,0.541,0.141,0.141,0.143,0.161,0.139,0.439,0.498
11,0.134,0.482,0.259,0.56,0.554,0.127,0.153,0.147,0.248,0.77,0.371,0.297,0.129,0.318,0.784,0.448,0.301,0.17,0.499,0.269,0.568,0.255,0.2,0.173,0.228,0.248,0.682,0.608,0.148,0.143,0.549,0.257,0.209,0.509,0.572,0.502,0.514,0.118,0.138,0.155,0.115,0.232,0.472,0.155,0.148,0.256,0.531,0.138,0.143,0.543,0.141,0.141,0.144,0.161,0.139,0.44,0.498
11.08333333,0.134,0.481,0.264,0.561,0.554,0.127,0.153,0.146,0.251,0.775,0.371,0.281,0.13,0.322,0.792,0.45,0.306,0.171,0.502,0.273,0.569,0.259,0.202,0.174,0.23,0.253,0.68,0.608,0.148,0.143,0.551,0.26,0.212,0.513,0.574,0.504,0.516,0.118,0.138,0.155,0.115,0.235,0.474,0.155,0.149,0.26,0.535,0.138,0.143,0.544,0.142,0.141,0.144,0.161,0.14,0.442,0.497
11.16666667,0.134,0.481,0.269,0.563,0.553,0.127,0.154,0.146,0.253,0.78,0.372,0.316,0.13,0.325,0.8,0.452,0.31,0.171,0.504,0.276,0.572,0.264,0.204,0.175,0.233,0.257,0.678,0.608,0.148,0.144,0.553,0.262,0.214,0.516,0.575,0.506,0.519,0.118,0.138,0.155,0.115,0.238,0.477,0.156,0.149,0.264,0.537,0.138,0.144,0.545,0.141,0.141,0.144,0.161,0.14,0.444,0.497
11.25,0.134,0.481,0.274,0.565,0.553,0.128,0.154,0.147,0.256,0.784,0.372,0.334,0.131,0.329,0.807,0.454,0.315,0.171,0.507,0.28,0.574,0.268,0.206,0.175,0.235,0.261,0.676,0.608,0.148,0.144,0.555,0.263,0.217,0.52,0.577,0.509,0.521,0.118,0.138,0.155,0.115,0.242,0.479,0.156,0.15,0.267,0.54,0.138,0.144,0.547,0.141,0.141,0.144,0.162,0.14,0.445,0.497
11.33333333,0.134,0.48,0.28,0.567,0.555,0.128,0.155,0.146,0.258,0.789,0.372,0.349,0.131,0.332,0.814,0.455,0.32,0.172,0.51,0.283,0.576,0.273,0.208,0.176,0.238,0.266,0.675,0.608,0.148,0.145,0.557,0.265,0.221,0.523,0.578,0.511,0.523,0.118,0.138,0.155,0.116,0.245,0.481,0.157,0.15,0.272,0.543,0.138,0.144,0.548,0.141,0.141,0.145,0.162,0.14,0.446,0.496
11.41666667,0.135,0.48,0.285,0.568,0.556,0.129,0.155,0.147,0.261,0.793,0.372,0.332,0.132,0.336,0.822,0.457,0.324,0.172,0.512,0.287,0.578,0.278,0.21,0.177,0.241,0.27,0.672,0.608,0.148,0.146,0.559,0.266,0.224,0.526,0.58,0.513,0.525,0.118,0.138,0.155,0.116,0.249,0.483,0.158,0.151,0.276,0.545,0.139,0.144,0.549,0.141,0.141,0.145,0.163,0.14,0.447,0.496
11.5,0.135,0.48,0.29,0.57,0.556,0.129,0.155,0.146,0.263,0.798,0.373,0.308,0.132,0.339,0.828,0.458,0.329,0.172,0.514,0.29,0.58,0.282,0.213,0.178,0.243,0.275,0.671,0.609,0.148,0.146,0.56,0.268,0.227,0.529,0.581,0.515,0.527,0.118,0.138,0.155,0.116,0.253,0.485,0.158,0.151,0.279,0.547,0.139,0.144,0.55,0.142,0.141,0.145,0.163,0.14,0.448,0.496
11.58333333,0.135,0.48,0.296,0.571,0.555,0.13,0.156,0.147,0.266,0.802,0.374,0.35,0.133,0.342,0.835,0.461,0.333,0.173,0.517,0.294,0.582,0.288,0.215,0.179,0.246,0.28,0.67,0.61,0.149,0.147,0.562,0.269,0.23,0.532,0.582,0.517,0.529,0.118,0.138,0.155,0.116,0.256,0.487,0.159,0.152,0.284,0.55,0.139,0.144,0.551,0.142,0.141,0.145,0.163,0.14,0.448,0.496
11.66666667,0.135,0.479,0.302,0.572,0.555,0.13,0.156,0.147,0.268,0.807,0.374,0.307,0.133,0.346,0.841,0.462,0.338,0.173,0.519,0.298,0.584,0.293,0.218,0.18,0.249,0.284,0.671,0.611,0.149,0.147,0.564,0.27,0.233,0.535,0.583,0.519,0.531,0.118,0.138,0.155,0.116,0.26,0.489,0.16,0.152,0.287,0.552,0.139,0.144,0.552,0.142,0.141,0.146,0.163,0.14,0.448,0.496
11.75,0.135,0.479,0.308,0.574,0.554,0.131,0.156,0.146,0.271,0.81,0.374,0.317,0.134,0.349,0.847,0.464,0.342,0.174,0.521,0.302,0.585,0.299,0.22,0.181,0.252,0.29,0.672,0.612,0.149,0.148,0.565,0.271,0.237,0.538,0.584,0.521,0.533,0.118,0.138,0.155,0.116,0.264,0.491,0.16,0.152,0.291,0.554,0.139,0.144,0.553,0.142,0.141,0.146,0.164,0.14,0.449,0.496
11.83333333,0.135,0.479,0.315,0.575,0.553,0.131,0.157,0.146,0.274,0.814,0.375,0.288,0.134,0.353,0.852,0.465,0.346,0.174,0.523,0.306,0.587,0.304,0.223,0.183,0.255,0.295,0.672,0.612,0.149,0.148,0.567,0.273,0.24,0.541,0.586,0.523,0.535,0.118,0.138,0.155,0.116,0.268,0.493,0.161,0.153,0.294,0.557,0.139,0.144,0.555,0.143,0.141,0.146,0.164,0.14,0.449,0.496
11.91666667,0.135,0.479,0.321,0.576,0.553,0.132,0.157,0.147,0.276,0.818,0.375,0.345,0.135,0.357,0.858,0.466,0.351,0.174,0.524,0.31,0.589,0.31,0.226,0.184,0.258,0.3,0.67,0.613,0.149,0.149,0.569,0.273,0.244,0.544,0.587,0.525,0.536,0.119,0.139,0.155,0.116,0.272,0.495,0.162,0.154,0.296,0.559,0.139,0.144,0.555,0.143,0.141,0.146,0.165,0.14,0.449,0.495
12,0.136,0.479,0.328,0.578,0.552,0.132,0.158,0.146,0.279,0.821,0.375,0.296,0.135,0.36,0.863,0.467,0.354,0.175,0.526,0.314,0.591,0.316,0.229,0.185,0.261,0.305,0.668,0.613,0.149,0.149,0.57,0.274,0.248,0.546,0.587,0.527,0.538,0.119,0.138,0.156,0.116,0.276,0.497,0.163,0.154,0.298,0.561,0.139,0.144,0.556,0.143,0.141,0.147,0.165,0.14,0.45,0.495
12.08333333,0.136,0.478,0.335,0.578,0.551,0.133,0.158,0.146,0.282,0.826,0.376,0.304,0.135,0.364,0.868,0.469,0.357,0.175,0.527,0.318,0.593,0.322,0.232,0.186,0.264,0.311,0.666,0.614,0.149,0.15,0.571,0.275,0.251,0.549,0.588,0.528,0.539,0.119,0.138,0.156,0.116,0.28,0.499,0.163,0.154,0.301,0.563,0.139,0.144,0.557,0.143,0.141,0.147,0.165,0.14,0.45,0.495
12.16666667,0.136,0.478,0.342,0.579,0.55,0.133,0.158,0.147,0.284,0.829,0.376,0.298,0.135,0.367,0.872,0.47,0.359,0.175,0.528,0.322,0.594,0.329,0.234,0.187,0.267,0.317,0.664,0.614,0.149,0.151,0.573,0.276,0.255,0.551,0.589,0.53,0.541,0.119,0.139,0.156,0.116,0.284,0.5,0.164,0.155,0.302,0.565,0.14,0.144,0.558,0.144,0.141,0.147,0.166,0.14,0.45,0.495
12.25,0.136,0.478,0.349,0.58,0.549,0.134,0.159,0.146,0.287,0.832,0.376,0.281,0.135,0.371,0.876,0.471,0.361,0.175,0.529,0.326,0.595,0.335,0.238,0.189,0.27,0.322,0.661,0.615,0.149,0.151,0.573,0.276,0.259,0.554,0.59,0.532,0.542,0.119,0.138,0.156,0.116,0.288,0.502,0.165,0.155,0.304,0.566,0.14,0.144,0.559,0.144,0.141,0.148,0.166,0.14,0.451,0.495
12.33333333,0.137,0.478,0.356,0.581,0.548,0.135,0.159,0.146,0.29,0.835,0.377,0.246,0.135,0.374,0.879,0.471,0.363,0.176,0.53,0.33,0.597,0.342,0.241,0.19,0.273,0.328,0.659,0.616,0.149,0.152,0.575,0.277,0.263,0.556,0.59,0.534,0.543,0.119,0.139,0.156,0.116,0.292,0.503,0.166,0.156,0.305,0.568,0.14,0.144,0.56,0.144,0.141,0.148,0.166,0.14,0.451,0.495
12.41666667,0.137,0.478,0.364,0.582,0.547,0.135,0.16,0.146,0.293,0.839,0.377,0.261,0.135,0.378,0.878,0.472,0.365,0.176,0.531,0.334,0.598,0.349,0.244,0.191,0.276,0.334,0.657,0.616,0.149,0.153,0.576,0.277,0.267,0.558,0.591,0.535,0.544,0.119,0.138,0.156,0.116,0.296,0.505,0.166,0.156,0.307,0.569,0.14,0.144,0.56,0.144,0.141,0.148,0.166,0.14,0.452,0.494
12.5,0.137,0.477,0.371,0.583,0.547,0.136,0.16,0.146,0.296,0.842,0.378,0.325,0.134,0.382,0.863,0.473,0.368,0.176,0.532,0.338,0.6,0.356,0.247,0.192,0.279,0.34,0.657,0.616,0.149,0.153,0.577,0.278,0.272,0.56,0.592,0.536,0.546,0.119,0.139,0.156,0.116,0.3,0.506,0.167,0.157,0.308,0.571,0.14,0.144,0.562,0.145,0.141,0.149,0.167,0.14,0.452,0.494
12.58333333,0.137,0.477,0.379,0.584,0.546,0.137,0.161,0.146,0.298,0.845,0.377,0.294,0.135,0.386,0.862,0.475,0.37,0.177,0.534,0.343,0.602,0.364,0.251,0.194,0.282,0.346,0.657,0.616,0.149,0.154,0.578,0.279,0.276,0.562,0.594,0.537,0.547,0.119,0.139,0.156,0.116,0.304,0.508,0.168,0.157,0.309,0.573,0.14,0.144,0.562,0.145,0.141,0.149,0.167,0.14,0.452,0.494
12.66666667,0.137,0.477,0.386,0.585,0.545,0.138,0.161,0.147,0.301,0.848,0.377,0.33,0.135,0.389,0.865,0.476,0.372,0.177,0.535,0.347,0.603,0.371,0.255,0.195,0.286,0.353,0.656,0.617,0.149,0.155,0.579,0.28,0.28,0.565,0.594,0.539,0.548,0.119,0.139,0.156,0.116,0.308,0.509,0.169,0.158,0.309,0.574,0.14,0.144,0.563,0.145,0.141,0.149,0.168,0.14,0.453,0.493
12.75,0.137,0.476,0.392,0.585,0.545,0.138,0.161,0.147,0.304,0.851,0.378,0.303,0.135,0.393,0.865,0.476,0.374,0.177,0.536,0.351,0.605,0.379,0.258,0.197,0.289,0.359,0.655,0.618,0.149,0.156,0.58,0.28,0.285,0.567,0.595,0.54,0.549,0.119,0.139,0.156,0.116,0.311,0.511,0.17,0.159,0.309,0.575,0.14,0.145,0.564,0.145,0.141,0.15,0.168,0.14,0.453,0.493
12.83333333,0.138,0.475,0.398,0.586,0.544,0.139,0.162,0.146,0.306,0.854,0.378,0.277,0.135,0.396,0.865,0.477,0.376,0.178,0.537,0.356,0.606,0.387,0.262,0.198,0.293,0.365,0.654,0.618,0.149,0.156,0.581,0.28,0.289,0.568,0.595,0.542,0.55,0.119,0.139,0.157,0.116,0.314,0.512,0.171,0.159,0.31,0.577,0.14,0.145,0.564,0.146,0.141,0.15,0.168,0.14,0.453,0.493
12.91666667,0.138,0.474,0.404,0.587,0.543,0.14,0.162,0.147,0.309,0.858,0.379,0.287,0.135,0.4,0.864,0.478,0.378,0.178,0.539,0.36,0.608,0.395,0.266,0.2,0.296,0.371,0.653,0.618,0.15,0.157,0.583,0.281,0.294,0.57,0.596,0.543,0.551,0.12,0.139,0.157,0.116,0.318,0.514,0.171,0.16,0.31,0.579,0.14,0.145,0.565,0.146,0.142,0.15,0.169,0.14,0.454,0.493
13,0.138,0.473,0.41,0.588,0.543,0.141,0.163,0.146,0.312,0.862,0.379,0.279,0.134,0.404,0.863,0.479,0.379,0.178,0.54,0.364,0.609,0.401,0.27,0.201,0.3,0.376,0.652,0.619,0.15,0.158,0.584,0.282,0.298,0.572,0.597,0.544,0.552,0.12,0.138,0.157,0.116,0.321,0.515,0.172,0.16,0.311,0.58,0.14,0.145,0.566,0.146,0.144,0.151,0.169,0.14,0.454,0.492
13.08333333,0.138,0.472,0.415,0.589,0.542,0.141,0.163,0.147,0.315,0.866,0.379,0.294,0.134,0.407,0.862,0.48,0.381,0.179,0.541,0.369,0.611,0.406,0.274,0.203,0.303,0.381,0.652,0.619,0.15,0.158,0.585,0.282,0.303,0.574,0.598,0.546,0.553,0.12,0.139,0.157,0.116,0.325,0.516,0.173,0.16,0.311,0.582,0.14,0.145,0.567,0.147,0.144,0.151,0.169,0.141,0.455,0.493
13.16666667,0.138,0.471,0.42,0.589,0.542,0.141,0.164,0.147,0.318,0.869,0.38,0.301,0.135,0.411,0.861,0.481,0.382,0.179,0.543,0.374,0.612,0.412,0.278,0.204,0.307,0.384,0.651,0.619,0.15,0.159,0.586,0.283,0.308,0.575,0.599,0.547,0.554,0.12,0.139,0.157,0.116,0.327,0.518,0.174,0.161,0.311,0.583,0.141,0.145,0.568,0.147,0.147,0.152,0.17,0.141,0.455,0.493
13.25,0.138,0.471,0.425,0.59,0.541,0.141,0.164,0.146,0.32,0.872,0.381,0.378,0.134,0.415,0.86,0.482,0.384,0.179,0.545,0.378,0.614,0.418,0.282,0.206,0.31,0.388,0.651,0.619,0.15,0.16,0.587,0.284,0.312,0.577,0.599,0.548,0.555,0.12,0.139,0.157,0.116,0.33,0.519,0.175,0.162,0.312,0.584,0.141,0.145,0.568,0.147,0.148,0.152,0.17,0.141,0.456,0.493
13.33333333,0.139,0.47,0.429,0.591,0.54,0.142,0.165,0.146,0.322,0.874,0.381,0.286,0.134,0.418,0.858,0.483,0.384,0.18,0.546,0.383,0.615,0.423,0.287,0.207,0.314,0.392,0.651,0.619,0.15,0.161,0.588,0.284,0.317,0.578,0.6,0.55,0.556,0.12,0.139,0.158,0.116,0.332,0.521,0.176,0.162,0.312,0.586,0.141,0.145,0.569,0.148,0.148,0.152,0.17,0.141,0.456,0.493
13.41666667,0.139,0.471,0.434,0.591,0.54,0.142,0.165,0.147,0.324,0.876,0.381,0.303,0.134,0.422,0.857,0.483,0.385,0.18,0.547,0.387,0.616,0.429,0.291,0.209,0.318,0.395,0.652,0.619,0.15,0.162,0.589,0.285,0.321,0.58,0.601,0.551,0.557,0.12,0.139,0.158,0.116,0.334,0.522,0.177,0.163,0.312,0.587,0.141,0.145,0.569,0.148,0.147,0.153,0.171,0.141,0.457,0.493
13.5,0.139,0.474,0.438,0.592,0.539,0.143,0.165,0.146,0.326,0.878,0.382,0.245,0.134,0.426,0.855,0.484,0.386,0.18,0.548,0.391,0.617,0.433,0.295,0.21,0.321,0.399,0.65,0.62,0.15,0.163,0.589,0.285,0.325,0.581,0.602,0.552,0.557,0.12,0.139,0.158,0.116,0.336,0.523,0.178,0.164,0.312,0.587,0.141,0.145,0.57,0.148,0.149,0.153,0.171,0.141,0.457,0.492
13.58333333,0.139,0.474,0.441,0.592,0.538,0.143,0.166,0.147,0.327,0.88,0.382,0.233,0.134,0.429,0.855,0.485,0.387,0.18,0.55,0.396,0.618,0.438,0.3,0.211,0.325,0.402,0.649,0.62,0.151,0.164,0.591,0.286,0.328,0.582,0.602,0.554,0.558,0.12,0.139,0.158,0.116,0.338,0.524,0.179,0.164,0.312,0.589,0.141,0.145,0.571,0.148,0.149,0.154,0.171,0.141,0.457,0.492
13.66666667,0.139,0.474,0.445,0.593,0.538,0.143,0.167,0.146,0.329,0.883,0.383,0.328,0.134,0.433,0.854,0.486,0.388,0.181,0.552,0.401,0.62,0.442,0.305,0.213,0.329,0.406,0.649,0.62,0.151,0.164,0.592,0.286,0.33,0.584,0.604,0.555,0.56,0.12,0.139,0.159,0.116,0.34,0.526,0.18,0.165,0.313,0.59,0.141,0.145,0.572,0.149,0.148,0.154,0.172,0.141,0.458,0.492
13.75,0.139,0.474,0.447,0.594,0.538,0.144,0.167,0.147,0.33,0.885,0.383,0.235,0.134,0.436,0.853,0.487,0.388,0.181,0.553,0.405,0.621,0.445,0.309,0.214,0.333,0.408,0.648,0.62,0.151,0.165,0.592,0.287,0.332,0.585,0.604,0.556,0.56,0.12,0.139,0.159,0.116,0.341,0.527,0.181,0.165,0.313,0.591,0.141,0.145,0.572,0.149,0.148,0.155,0.172,0.141,0.458,0.492
13.83333333,0.14,0.477,0.45,0.594,0.537,0.144,0.168,0.147,0.331,0.887,0.383,0.321,0.134,0.44,0.852,0.487,0.389,0.181,0.554,0.409,0.623,0.448,0.313,0.216,0.336,0.41,0.648,0.621,0.151,0.166,0.594,0.287,0.334,0.586,0.605,0.557,0.561,0.121,0.139,0.159,0.116,0.342,0.528,0.182,0.166,0.313,0.592,0.141,0.145,0.573,0.15,0.148,0.155,0.172,0.141,0.458,0.492
13.91666667,0.14,0.478,0.454,0.595,0.536,0.144,0.168,0.147,0.332,0.889,0.384,0.286,0.134,0.444,0.852,0.488,0.39,0.182,0.556,0.413,0.624,0.452,0.317,0.218,0.34,0.413,0.648,0.621,0.151,0.167,0.594,0.288,0.337,0.588,0.606,0.558,0.562,0.121,0.139,0.16,0.116,0.343,0.529,0.183,0.167,0.313,0.594,0.141,0.145,0.573,0.15,0.148,0.156,0.173,0.141,0.459,0.492
14,0.14,0.479,0.457,0.595,0.536,0.144,0.169,0.147,0.333,0.892,0.384,0.238,0.134,0.447,0.851,0.489,0.39,0.182,0.557,0.418,0.625,0.457,0.32,0.219,0.344,0.414,0.648,0.621,0.151,0.168,0.595,0.288,0.338,0.589,0.607,0.56,0.562,0.121,0.139,0.16,0.116,0.345,0.53,0.184,0.167,0.313,0.595,0.142,0.145,0.574,0.15,0.146,0.156,0.173,0.141,0.46,0.492
14.08333333,0.14,0.479,0.459,0.596,0.535,0.144,0.169,0.147,0.333,0.893,0.385,0.27,0.134,0.451,0.85,0.49,0.391,0.182,0.558,0.422,0.626,0.461,0.323,0.221,0.348,0.416,0.648,0.621,0.151,0.169,0.596,0.289,0.34,0.591,0.608,0.56,0.563,0.121,0.139,0.16,0.116,0.345,0.531,0.185,0.168,0.313,0.596,0.142,0.145,0.575,0.15,0.149,0.156,0.173,0.141,0.46,0.492
14.16666667,0.14,0.479,0.462,0.596,0.535,0.144,0.17,0.147,0.334,0.895,0.386,0.258,0.134,0.454,0.849,0.49,0.391,0.182,0.559,0.426,0.627,0.465,0.327,0.223,0.351,0.418,0.648,0.622,0.152,0.17,0.597,0.289,0.341,0.592,0.609,0.562,0.564,0.121,0.139,0.16,0.116,0.346,0.533,0.186,0.169,0.313,0.597,0.142,0.146,0.575,0.151,0.147,0.157,0.174,0.141,0.461,0.491
14.25,0.14,0.479,0.465,0.596,0.534,0.144,0.17,0.147,0.335,0.896,0.387,0.228,0.134,0.458,0.848,0.491,0.392,0.183,0.56,0.431,0.628,0.469,0.33,0.225,0.355,0.419,0.647,0.622,0.152,0.171,0.598,0.29,0.343,0.594,0.61,0.563,0.564,0.121,0.139,0.161,0.116,0.347,0.534,0.187,0.169,0.314,0.597,0.142,0.146,0.576,0.151,0.148,0.158,0.174,0.141,0.461,0.491
14.33333333,0.14,0.479,0.468,0.597,0.534,0.144,0.171,0.147,0.336,0.898,0.387,0.278,0.134,0.462,0.847,0.491,0.392,0.183,0.562,0.435,0.629,0.472,0.333,0.226,0.359,0.421,0.645,0.622,0.152,0.172,0.598,0.291,0.344,0.595,0.611,0.564,0.565,0.121,0.139,0.161,0.116,0.347,0.535,0.189,0.17,0.314,0.599,0.142,0.146,0.577,0.152,0.148,0.158,0.175,0.141,0.462,0.491
14.41666667,0.14,0.48,0.47,0.598,0.533,0.144,0.171,0.147,0.337,0.9,0.391,0.285,0.134,0.465,0.846,0.492,0.392,0.183,0.563,0.439,0.631,0.477,0.335,0.228,0.362,0.422,0.644,0.622,0.152,0.173,0.599,0.291,0.345,0.596,0.612,0.565,0.566,0.121,0.139,0.161,0.116,0.348,0.536,0.19,0.171,0.314,0.6,0.142,0.146,0.577,0.152,0.149,0.159,0.175,0.141,0.462,0.491
14.5,0.141,0.48,0.472,0.599,0.533,0.144,0.172,0.147,0.337,0.901,0.392,0.367,0.134,0.468,0.846,0.493,0.393,0.183,0.565,0.443,0.632,0.481,0.338,0.23,0.365,0.424,0.644,0.622,0.152,0.174,0.6,0.292,0.346,0.597,0.612,0.566,0.566,0.122,0.139,0.162,0.116,0.349,0.537,0.191,0.171,0.314,0.601,0.142,0.146,0.578,0.152,0.149,0.159,0.175,0.141,0.463,0.491
14.58333333,0.141,0.48,0.475,0.6,0.532,0.144,0.172,0.147,0.338,0.903,0.394,0.27,0.134,0.472,0.845,0.494,0.393,0.184,0.567,0.447,0.633,0.485,0.34,0.232,0.367,0.425,0.643,0.622,0.152,0.175,0.601,0.292,0.347,0.598,0.613,0.567,0.567,0.121,0.139,0.162,0.116,0.35,0.538,0.192,0.172,0.315,0.602,0.142,0.146,0.579,0.153,0.148,0.16,0.176,0.142,0.463,0.491
14.66666667,0.141,0.48,0.477,0.6,0.532,0.144,0.173,0.147,0.339,0.905,0.396,0.271,0.134,0.475,0.844,0.495,0.394,0.184,0.568,0.451,0.635,0.49,0.343,0.234,0.369,0.426,0.642,0.622,0.153,0.176,0.602,0.293,0.348,0.599,0.613,0.568,0.569,0.122,0.139,0.162,0.116,0.351,0.54,0.194,0.173,0.315,0.603,0.142,0.146,0.579,0.153,0.145,0.161,0.176,0.142,0.464,0.491
14.75,0.141,0.48,0.48,0.601,0.531,0.145,0.174,0.147,0.339,0.906,0.397,0.206,0.134,0.479,0.844,0.495,0.394,0.184,0.569,0.453,0.636,0.494,0.345,0.236,0.37,0.427,0.641,0.622,0.153,0.178,0.603,0.293,0.349,0.6,0.614,0.569,0.569,0.122,0.139,0.163,0.116,0.351,0.54,0.195,0.174,0.315,0.604,0.142,0.146,0.58,0.153,0.15,0.161,0.176,0.142,0.464,0.491
14.83333333,0.141,0.48,0.482,0.601,0.531,0.145,0.174,0.147,0.34,0.907,0.398,0.198,0.134,0.482,0.843,0.495,0.394,0.184,0.57,0.455,0.637,0.499,0.347,0.238,0.373,0.428,0.64,0.623,0.153,0.179,0.604,0.294,0.349,0.601,0.615,0.569,0.569,0.122,0.139,0.163,0.116,0.352,0.541,0.196,0.174,0.315,0.605,0.142,0.146,0.58,0.154,0.147,0.162,0.177,0.142,0.465,0.491
14.91666667,0.141,0.48,0.485,0.602,0.53,0.145,0.175,0.147,0.34,0.908,0.385,0.214,0.134,0.486,0.842,0.497,0.394,0.185,0.572,0.458,0.638,0.504,0.349,0.24,0.375,0.429,0.639,0.623,0.153,0.18,0.605,0.294,0.35,0.602,0.616,0.57,0.57,0.122,0.139,0.164,0.116,0.353,0.543,0.197,0.175,0.315,0.606,0.142,0.146,0.581,0.154,0.148,0.162,0.177,0.142,0.465,0.491
15,0.142,0.48,0.487,0.603,0.53,0.146,0.175,0.147,0.341,0.91,0.386,0.201,0.134,0.489,0.842,0.497,0.395,0.185,0.573,0.46,0.639,0.508,0.35,0.242,0.377,0.43,0.638,0.623,0.153,0.181,0.605,0.295,0.351,0.603,0.617,0.571,0.571,0.122,0.139,0.164,0.116,0.354,0.544,0.199,0.176,0.316,0.607,0.143,0.146,0.582,0.155,0.149,0.163,0.178,0.142,0.465,0.491
15.08333333,0.142,0.48,0.489,0.603,0.529,0.146,0.176,0.147,0.341,0.911,0.387,0.195,0.134,0.492,0.841,0.498,0.395,0.185,0.575,0.462,0.64,0.512,0.352,0.244,0.379,0.431,0.637,0.623,0.153,0.182,0.606,0.295,0.351,0.604,0.618,0.573,0.571,0.122,0.139,0.164,0.116,0.354,0.545,0.2,0.176,0.316,0.608,0.143,0.146,0.582,0.155,0.149,0.164,0.178,0.142,0.466,0.491
15.16666667,0.142,0.48,0.492,0.604,0.529,0.146,0.177,0.147,0.342,0.912,0.388,0.206,0.134,0.495,0.84,0.498,0.395,0.186,0.576,0.464,0.641,0.517,0.353,0.246,0.38,0.432,0.636,0.623,0.153,0.184,0.607,0.296,0.352,0.605,0.619,0.573,0.572,0.122,0.139,0.164,0.116,0.355,0.546,0.201,0.178,0.316,0.609,0.143,0.146,0.583,0.156,0.15,0.164,0.179,0.142,0.466,0.49
15.25,0.142,0.48,0.494,0.604,0.528,0.146,0.177,0.147,0.342,0.914,0.388,0.214,0.134,0.498,0.839,0.498,0.396,0.186,0.577,0.466,0.642,0.521,0.355,0.248,0.382,0.433,0.636,0.623,0.154,0.185,0.607,0.296,0.352,0.606,0.62,0.574,0.572,0.122,0.139,0.165,0.116,0.355,0.547,0.203,0.178,0.316,0.61,0.143,0.147,0.583,0.156,0.148,0.165,0.179,0.142,0.467,0.49
15.33333333,0.142,0.48,0.496,0.605,0.528,0.147,0.178,0.147,0.343,0.915,0.388,0.238,0.134,0.501,0.839,0.499,0.396,0.186,0.578,0.467,0.643,0.525,0.356,0.25,0.383,0.433,0.635,0.623,0.154,0.186,0.608,0.297,0.352,0.607,0.62,0.575,0.573,0.122,0.139,0.165,0.116,0.356,0.548,0.204,0.179,0.316,0.611,0.143,0.147,0.584,0.157,0.149,0.166,0.179,0.142,0.467,0.491
15.41666667,0.142,0.48,0.498,0.605,0.527,0.147,0.179,0.147,0.343,0.916,0.389,0.193,0.134,0.504,0.838,0.499,0.396,0.186,0.578,0.468,0.644,0.529,0.357,0.253,0.384,0.434,0.633,0.623,0.154,0.188,0.608,0.297,0.352,0.609,0.621,0.576,0.573,0.123,0.139,0.166,0.116,0.356,0.549,0.205,0.18,0.317,0.612,0.143,0.147,0.584,0.157,0.149,0.166,0.18,0.142,0.468,0.49
15.5,0.143,0.48,0.501,0.605,0.527,0.147,0.179,0.147,0.344,0.917,0.389,0.208,0.134,0.507,0.837,0.499,0.396,0.186,0.579,0.469,0.645,0.533,0.358,0.255,0.385,0.434,0.632,0.623,0.154,0.189,0.609,0.298,0.352,0.609,0.622,0.578,0.574,0.123,0.139,0.166,0.116,0.357,0.55,0.207,0.181,0.317,0.613,0.143,0.147,0.585,0.157,0.149,0.167,0.18,0.142,0.468,0.49
15.58333333,0.143,0.48,0.503,0.605,0.526,0.148,0.18,0.147,0.344,0.918,0.39,0.203,0.134,0.51,0.836,0.5,0.396,0.187,0.581,0.471,0.646,0.536,0.36,0.257,0.385,0.435,0.631,0.624,0.154,0.19,0.609,0.298,0.352,0.61,0.623,0.578,0.574,0.123,0.139,0.166,0.116,0.358,0.551,0.208,0.182,0.317,0.613,0.143,0.147,0.585,0.158,0.148,0.168,0.18,0.142,0.469,0.49
15.66666667,0.143,0.48,0.506,0.606,0.526,0.148,0.181,0.147,0.345,0.919,0.39,0.198,0.134,0.513,0.837,0.501,0.396,0.187,0.582,0.472,0.647,0.54,0.361,0.259,0.386,0.436,0.631,0.624,0.155,0.192,0.61,0.299,0.353,0.611,0.624,0.579,0.575,0.123,0.139,0.167,0.116,0.358,0.553,0.21,0.183,0.317,0.615,0.144,0.147,0.586,0.158,0.149,0.169,0.181,0.143,0.469,0.491
15.75,0.143,0.48,0.508,0.607,0.525,0.148,0.182,0.147,0.345,0.92,0.39,0.194,0.134,0.516,0.837,0.501,0.396,0.187,0.583,0.473,0.648,0.544,0.362,0.262,0.387,0.436,0.63,0.624,0.155,0.193,0.611,0.299,0.353,0.612,0.625,0.58,0.576,0.123,0.139,0.168,0.116,0.359,0.554,0.211,0.184,0.318,0.616,0.144,0.147,0.587,0.159,0.148,0.169,0.181,0.143,0.47,0.49
15.83333333,0.144,0.48,0.51,0.607,0.524,0.149,0.182,0.147,0.345,0.921,0.39,0.194,0.135,0.518,0.839,0.502,0.397,0.188,0.584,0.474,0.649,0.548,0.363,0.264,0.387,0.436,0.63,0.624,0.155,0.194,0.611,0.3,0.353,0.613,0.625,0.581,0.576,0.123,0.139,0.168,0.117,0.359,0.554,0.213,0.185,0.318,0.617,0.144,0.147,0.587,0.16,0.15,0.17,0.182,0.143,0.47,0.49
15.91666667,0.144,0.48,0.513,0.608,0.523,0.149,0.183,0.147,0.346,0.922,0.391,0.213,0.135,0.521,0.839,0.502,0.397,0.188,0.585,0.475,0.65,0.551,0.363,0.267,0.388,0.437,0.629,0.624,0.155,0.196,0.612,0.3,0.353,0.614,0.627,0.582,0.576,0.123,0.139,0.168,0.116,0.36,0.555,0.214,0.186,0.318,0.618,0.144,0.147,0.588,0.16,0.148,0.171,0.182,0.143,0.471,0.49
16,0.144,0.479,0.515,0.608,0.523,0.15,0.184,0.147,0.346,0.922,0.391,0.213,0.134,0.523,0.839,0.503,0.397,0.188,0.586,0.476,0.651,0.555,0.365,0.269,0.388,0.438,0.628,0.624,0.156,0.197,0.613,0.301,0.353,0.615,0.628,0.583,0.577,0.124,0.139,0.169,0.116,0.36,0.556,0.216,0.187,0.318,0.619,0.144,0.147,0.589,0.161,0.149,0.172,0.183,0.143,0.471,0.49
16.08333333,0.144,0.479,0.517,0.609,0.522,0.15,0.185,0.147,0.346,0.923,0.392,0.234,0.135,0.525,0.839,0.503,0.397,0.188,0.588,0.477,0.652,0.559,0.366,0.271,0.388,0.438,0.627,0.624,0.156,0.199,0.613,0.301,0.353,0.616,0.628,0.584,0.577,0.124,0.139,0.17,0.117,0.361,0.558,0.217,0.188,0.318,0.62,0.144,0.147,0.589,0.161,0.148,0.172,0.183,0.143,0.472,0.491
16.16666667,0.144,0.479,0.52,0.61,0.522,0.15,0.185,0.147,0.347,0.924,0.393,0.291,0.135,0.527,0.839,0.504,0.397,0.189,0.586,0.478,0.654,0.563,0.366,0.274,0.388,0.44,0.627,0.625,0.156,0.2,0.614,0.302,0.353,0.617,0.629,0.584,0.578,0.124,0.139,0.17,0.117,0.361,0.559,0.219,0.189,0.319,0.621,0.144,0.147,0.59,0.162,0.15,0.173,0.183,0.143,0.472,0.49
16.25,0.144,0.479,0.522,0.61,0.521,0.151,0.186,0.147,0.347,0.925,0.392,0.254,0.135,0.527,0.837,0.504,0.397,0.189,0.596,0.479,0.654,0.567,0.367,0.277,0.389,0.441,0.626,0.625,0.156,0.202,0.615,0.302,0.354,0.618,0.631,0.585,0.578,0.124,0.139,0.171,0.117,0.362,0.56,0.221,0.19,0.319,0.621,0.144,0.147,0.591,0.162,0.149,0.174,0.184,0.143,0.473,0.491
16.33333333,0.144,0.479,0.525,0.611,0.521,0.151,0.187,0.147,0.348,0.926,0.393,0.292,0.135,0.528,0.837,0.505,0.398,0.189,0.601,0.48,0.656,0.57,0.368,0.279,0.389,0.443,0.626,0.625,0.157,0.203,0.616,0.303,0.354,0.618,0.631,0.586,0.579,0.124,0.139,0.171,0.117,0.362,0.561,0.222,0.191,0.319,0.623,0.144,0.148,0.591,0.163,0.15,0.175,0.184,0.143,0.473,0.491
16.41666667,0.145,0.478,0.526,0.611,0.52,0.152,0.188,0.147,0.348,0.927,0.393,0.213,0.135,0.528,0.835,0.505,0.398,0.189,0.602,0.48,0.656,0.574,0.369,0.282,0.389,0.443,0.624,0.625,0.157,0.205,0.616,0.303,0.354,0.619,0.632,0.587,0.58,0.124,0.139,0.172,0.117,0.363,0.562,0.224,0.192,0.319,0.624,0.145,0.148,0.591,0.163,0.148,0.176,0.185,0.143,0.474,0.491
16.5,0.145,0.478,0.528,0.611,0.52,0.152,0.188,0.147,0.348,0.927,0.394,0.226,0.135,0.528,0.834,0.505,0.398,0.19,0.603,0.481,0.657,0.578,0.37,0.284,0.39,0.442,0.624,0.625,0.157,0.206,0.617,0.304,0.354,0.621,0.633,0.588,0.58,0.124,0.139,0.172,0.117,0.363,0.563,0.225,0.193,0.32,0.624,0.145,0.148,0.592,0.164,0.149,0.176,0.185,0.143,0.474,0.491
16.58333333,0.145,0.478,0.531,0.612,0.519,0.153,0.189,0.147,0.349,0.928,0.394,0.18,0.135,0.528,0.834,0.506,0.398,0.19,0.603,0.482,0.658,0.582,0.371,0.287,0.39,0.441,0.623,0.625,0.157,0.208,0.617,0.304,0.354,0.621,0.634,0.589,0.581,0.124,0.139,0.173,0.117,0.364,0.564,0.226,0.194,0.32,0.625,0.145,0.148,0.592,0.165,0.149,0.177,0.186,0.143,0.475,0.491
16.66666667,0.145,0.478,0.532,0.612,0.519,0.153,0.19,0.148,0.349,0.929,0.39,0.183,0.135,0.529,0.832,0.506,0.398,0.19,0.602,0.483,0.659,0.587,0.371,0.289,0.39,0.439,0.622,0.625,0.157,0.21,0.618,0.304,0.354,0.622,0.635,0.59,0.581,0.125,0.139,0.173,0.117,0.364,0.565,0.227,0.195,0.32,0.626,0.145,0.148,0.593,0.165,0.149,0.178,0.186,0.143,0.475,0.491
16.75,0.145,0.478,0.535,0.613,0.519,0.154,0.191,0.147,0.349,0.93,0.39,0.214,0.135,0.529,0.831,0.507,0.398,0.19,0.601,0.484,0.66,0.591,0.372,0.292,0.391,0.439,0.622,0.625,0.158,0.211,0.619,0.305,0.355,0.623,0.636,0.59,0.582,0.125,0.139,0.174,0.117,0.365,0.566,0.229,0.197,0.32,0.627,0.145,0.148,0.593,0.166,0.149,0.179,0.186,0.144,0.476,0.491
16.83333333,0.145,0.478,0.536,0.613,0.518,0.154,0.192,0.148,0.35,0.93,0.391,0.188,0.135,0.529,0.83,0.506,0.398,0.19,0.599,0.484,0.66,0.595,0.373,0.295,0.391,0.438,0.621,0.625,0.158,0.213,0.619,0.305,0.355,0.624,0.637,0.592,0.582,0.125,0.139,0.174,0.117,0.365,0.567,0.231,0.198,0.321,0.627,0.145,0.148,0.594,0.167,0.149,0.18,0.187,0.144,0.476,0.491
16.91666667,0.146,0.477,0.539,0.614,0.518,0.155,0.192,0.148,0.35,0.931,0.391,0.179,0.135,0.528,0.83,0.507,0.398,0.191,0.599,0.485,0.661,0.599,0.373,0.297,0.392,0.438,0.62,0.626,0.158,0.215,0.62,0.306,0.355,0.625,0.638,0.593,0.583,0.125,0.139,0.175,0.117,0.366,0.567,0.232,0.199,0.321,0.628,0.145,0.148,0.595,0.167,0.15,0.181,0.188,0.144,0.477,0.491
17,0.146,0.478,0.54,0.615,0.517,0.156,0.193,0.148,0.351,0.932,0.392,0.194,0.135,0.528,0.828,0.508,0.398,0.191,0.599,0.485,0.662,0.604,0.374,0.3,0.392,0.438,0.62,0.626,0.159,0.216,0.621,0.307,0.355,0.626,0.639,0.594,0.583,0.125,0.139,0.176,0.117,0.366,0.569,0.233,0.2,0.321,0.63,0.145,0.148,0.595,0.168,0.149,0.182,0.188,0.144,0.477,0.491
17.08333333,0.146,0.478,0.543,0.615,0.517,0.157,0.194,0.148,0.351,0.934,0.392,0.2,0.135,0.528,0.828,0.508,0.399,0.191,0.6,0.486,0.664,0.608,0.375,0.303,0.393,0.44,0.619,0.626,0.159,0.218,0.622,0.307,0.355,0.627,0.64,0.594,0.584,0.125,0.139,0.176,0.117,0.367,0.569,0.235,0.202,0.322,0.631,0.145,0.148,0.596,0.169,0.149,0.183,0.188,0.144,0.478,0.491
17.16666667,0.146,0.477,0.544,0.616,0.517,0.157,0.195,0.148,0.351,0.934,0.393,0.203,0.135,0.528,0.827,0.508,0.399,0.192,0.599,0.487,0.665,0.612,0.375,0.305,0.393,0.44,0.618,0.626,0.159,0.22,0.623,0.307,0.355,0.628,0.642,0.595,0.584,0.126,0.139,0.177,0.117,0.367,0.571,0.236,0.203,0.321,0.632,0.146,0.148,0.597,0.169,0.149,0.185,0.189,0.144,0.478,0.491
17.25,0.146,0.477,0.546,0.616,0.516,0.157,0.196,0.148,0.352,0.934,0.393,0.214,0.135,0.528,0.826,0.509,0.399,0.192,0.6,0.487,0.665,0.616,0.376,0.308,0.393,0.44,0.617,0.626,0.159,0.222,0.623,0.308,0.356,0.629,0.642,0.596,0.584,0.126,0.139,0.178,0.117,0.368,0.572,0.238,0.205,0.322,0.632,0.146,0.148,0.597,0.17,0.149,0.185,0.189,0.144,0.479,0.491
17.33333333,0.147,0.477,0.548,0.617,0.516,0.157,0.197,0.148,0.352,0.935,0.394,0.253,0.135,0.528,0.826,0.509,0.399,0.192,0.6,0.489,0.666,0.621,0.377,0.31,0.394,0.44,0.617,0.626,0.16,0.224,0.624,0.309,0.356,0.63,0.644,0.596,0.585,0.126,0.14,0.179,0.117,0.369,0.572,0.239,0.206,0.322,0.633,0.146,0.148,0.598,0.171,0.15,0.187,0.19,0.144,0.479,0.491
17.41666667,0.147,0.477,0.55,0.618,0.516,0.157,0.198,0.148,0.352,0.937,0.394,0.265,0.135,0.527,0.826,0.51,0.4,0.192,0.6,0.489,0.667,0.625,0.377,0.313,0.394,0.44,0.617,0.626,0.16,0.226,0.625,0.309,0.356,0.63,0.644,0.597,0.586,0.126,0.139,0.179,0.117,0.369,0.573,0.241,0.207,0.322,0.635,0.146,0.149,0.598,0.171,0.149,0.188,0.19,0.144,0.48,0.492
17.5,0.147,0.477,0.552,0.618,0.516,0.157,0.199,0.148,0.353,0.938,0.394,0.234,0.135,0.527,0.826,0.511,0.4,0.193,0.6,0.489,0.668,0.629,0.378,0.316,0.395,0.439,0.616,0.626,0.16,0.227,0.626,0.31,0.357,0.631,0.645,0.597,0.587,0.126,0.139,0.18,0.117,0.369,0.574,0.242,0.209,0.323,0.636,0.146,0.149,0.599,0.172,0.149,0.189,0.191,0.144,0.48,0.492
17.58333333,0.147,0.477,0.554,0.619,0.515,0.157,0.2,0.148,0.353,0.939,0.395,0.253,0.135,0.527,0.826,0.511,0.4,0.193,0.6,0.49,0.669,0.633,0.379,0.318,0.395,0.439,0.616,0.626,0.161,0.229,0.626,0.31,0.357,0.632,0.647,0.598,0.587,0.126,0.139,0.181,0.117,0.37,0.576,0.244,0.211,0.323,0.637,0.146,0.149,0.599,0.173,0.15,0.19,0.191,0.144,0.481,0.492
17.66666667,0.148,0.477,0.555,0.619,0.515,0.158,0.201,0.148,0.354,0.94,0.396,0.183,0.135,0.527,0.825,0.511,0.4,0.193,0.599,0.491,0.67,0.637,0.379,0.32,0.395,0.438,0.615,0.626,0.161,0.231,0.626,0.31,0.357,0.634,0.648,0.599,0.587,0.126,0.14,0.182,0.117,0.37,0.576,0.245,0.212,0.323,0.637,0.146,0.149,0.599,0.174,0.151,0.191,0.192,0.144,0.481,0.492
17.75,0.148,0.476,0.557,0.619,0.515,0.158,0.202,0.148,0.354,0.941,0.396,0.177,0.135,0.526,0.824,0.511,0.4,0.193,0.599,0.491,0.67,0.642,0.38,0.322,0.395,0.437,0.614,0.626,0.161,0.233,0.627,0.311,0.357,0.635,0.649,0.6,0.588,0.127,0.139,0.183,0.117,0.371,0.577,0.247,0.214,0.323,0.638,0.147,0.149,0.6,0.175,0.151,0.192,0.192,0.144,0.482,0.492
17.83333333,0.148,0.477,0.558,0.619,0.514,0.158,0.202,0.148,0.354,0.942,0.396,0.164,0.135,0.526,0.822,0.511,0.4,0.194,0.599,0.492,0.671,0.645,0.381,0.322,0.396,0.437,0.613,0.626,0.161,0.235,0.627,0.311,0.357,0.635,0.651,0.601,0.588,0.127,0.14,0.183,0.117,0.371,0.578,0.249,0.215,0.323,0.638,0.146,0.149,0.601,0.176,0.151,0.193,0.193,0.145,0.483,0.492
17.91666667,0.148,0.476,0.56,0.62,0.514,0.158,0.203,0.148,0.355,0.943,0.397,0.169,0.135,0.526,0.822,0.512,0.4,0.194,0.599,0.492,0.672,0.649,0.381,0.324,0.396,0.437,0.613,0.626,0.162,0.237,0.628,0.312,0.358,0.636,0.652,0.602,0.589,0.127,0.14,0.184,0.117,0.372,0.578,0.25,0.217,0.323,0.639,0.147,0.149,0.601,0.176,0.15,0.195,0.193,0.144,0.483,0.492
18,0.148,0.477,0.561,0.62,0.514,0.158,0.204,0.148,0.355,0.945,0.397,0.176,0.135,0.526,0.821,0.512,0.4,0.194,0.598,0.493,0.672,0.654,0.382,0.325,0.397,0.436,0.612,0.627,0.162,0.239,0.628,0.312,0.358,0.637,0.653,0.602,0.589,0.127,0.14,0.185,0.118,0.372,0.58,0.252,0.219,0.323,0.64,0.147,0.149,0.602,0.177,0.151,0.196,0.194,0.145,0.484,0.493
18.08333333,0.149,0.476,0.563,0.621,0.514,0.158,0.205,0.148,0.355,0.947,0.398,0.167,0.135,0.525,0.82,0.512,0.4,0.194,0.598,0.493,0.673,0.657,0.382,0.326,0.397,0.436,0.612,0.627,0.162,0.241,0.629,0.313,0.358,0.638,0.654,0.603,0.59,0.127,0.14,0.186,0.117,0.373,0.58,0.254,0.221,0.323,0.641,0.147,0.149,0.602,0.178,0.15,0.197,0.194,0.145,0.484,0.493
18.16666667,0.149,0.477,0.565,0.621,0.514,0.159,0.206,0.148,0.356,0.95,0.398,0.187,0.135,0.525,0.82,0.513,0.4,0.195,0.599,0.494,0.674,0.66,0.383,0.328,0.397,0.436,0.612,0.627,0.163,0.243,0.63,0.313,0.359,0.639,0.654,0.604,0.59,0.127,0.14,0.187,0.118,0.373,0.581,0.255,0.223,0.324,0.642,0.147,0.149,0.603,0.179,0.152,0.199,0.195,0.145,0.485,0.493
18.25,0.149,0.477,0.566,0.621,0.513,0.159,0.207,0.148,0.356,0.952,0.398,0.186,0.135,0.525,0.819,0.513,0.4,0.195,0.599,0.495,0.675,0.66,0.384,0.329,0.397,0.436,0.611,0.627,0.163,0.245,0.63,0.314,0.359,0.64,0.655,0.605,0.591,0.128,0.14,0.188,0.118,0.374,0.582,0.257,0.224,0.324,0.643,0.147,0.149,0.604,0.18,0.151,0.2,0.195,0.145,0.485,0.493
18.33333333,0.149,0.477,0.567,0.621,0.513,0.159,0.208,0.148,0.357,0.955,0.399,0.17,0.135,0.525,0.819,0.513,0.4,0.195,0.598,0.495,0.676,0.659,0.384,0.33,0.398,0.435,0.611,0.627,0.164,0.247,0.63,0.314,0.359,0.641,0.657,0.606,0.591,0.128,0.14,0.189,0.117,0.374,0.583,0.258,0.226,0.324,0.644,0.147,0.149,0.604,0.181,0.152,0.201,0.195,0.145,0.486,0.493
18.41666667,0.149,0.477,0.569,0.621,0.513,0.16,0.209,0.148,0.357,0.957,0.399,0.175,0.135,0.524,0.818,0.514,0.401,0.195,0.598,0.496,0.676,0.659,0.385,0.33,0.398,0.435,0.61,0.627,0.164,0.25,0.631,0.315,0.359,0.642,0.658,0.606,0.592,0.128,0.14,0.19,0.118,0.375,0.584,0.26,0.228,0.324,0.644,0.147,0.149,0.605,0.182,0.152,0.202,0.196,0.145,0.486,0.493
18.5,0.15,0.477,0.571,0.617,0.513,0.16,0.21,0.148,0.358,0.96,0.4,0.208,0.135,0.524,0.818,0.514,0.401,0.196,0.599,0.497,0.678,0.658,0.386,0.331,0.399,0.435,0.61,0.627,0.164,0.252,0.631,0.315,0.36,0.643,0.659,0.607,0.592,0.128,0.14,0.191,0.118,0.375,0.584,0.262,0.231,0.324,0.646,0.147,0.149,0.605,0.183,0.154,0.203,0.197,0.145,0.487,0.494
18.58333333,0.15,0.477,0.573,0.616,0.513,0.16,0.211,0.148,0.358,0.961,0.4,0.196,0.135,0.524,0.817,0.515,0.402,0.196,0.6,0.498,0.679,0.658,0.386,0.332,0.399,0.435,0.609,0.627,0.165,0.254,0.631,0.316,0.36,0.643,0.659,0.607,0.593,0.128,0.14,0.192,0.118,0.376,0.585,0.263,0.233,0.324,0.647,0.148,0.149,0.606,0.184,0.154,0.205,0.197,0.145,0.488,0.494
18.66666667,0.15,0.478,0.574,0.619,0.513,0.16,0.212,0.149,0.359,0.963,0.401,0.187,0.135,0.524,0.818,0.516,0.402,0.196,0.6,0.498,0.679,0.659,0.387,0.333,0.399,0.435,0.609,0.626,0.165,0.257,0.625,0.317,0.36,0.645,0.66,0.608,0.593,0.128,0.14,0.193,0.118,0.377,0.586,0.265,0.235,0.325,0.648,0.148,0.15,0.606,0.185,0.155,0.206,0.198,0.145,0.488,0.494
18.75,0.15,0.478,0.575,0.621,0.512,0.16,0.213,0.148,0.359,0.964,0.401,0.21,0.135,0.524,0.819,0.516,0.402,0.196,0.6,0.499,0.68,0.659,0.387,0.333,0.4,0.435,0.608,0.627,0.165,0.259,0.623,0.317,0.361,0.645,0.662,0.609,0.594,0.128,0.14,0.194,0.118,0.377,0.587,0.266,0.237,0.325,0.648,0.148,0.15,0.607,0.186,0.156,0.207,0.198,0.145,0.489,0.495
18.83333333,0.151,0.478,0.577,0.624,0.512,0.161,0.215,0.148,0.36,0.965,0.402,0.207,0.135,0.524,0.82,0.516,0.402,0.197,0.599,0.499,0.68,0.659,0.388,0.334,0.4,0.434,0.608,0.627,0.166,0.261,0.629,0.317,0.361,0.647,0.663,0.61,0.594,0.129,0.14,0.195,0.118,0.377,0.588,0.268,0.239,0.324,0.649,0.148,0.15,0.607,0.187,0.155,0.209,0.198,0.145,0.49,0.495
18.91666667,0.151,0.478,0.578,0.627,0.512,0.16,0.216,0.148,0.36,0.966,0.403,0.208,0.135,0.523,0.82,0.516,0.402,0.197,0.599,0.5,0.681,0.66,0.389,0.334,0.4,0.434,0.607,0.627,0.166,0.263,0.634,0.318,0.361,0.647,0.664,0.61,0.595,0.129,0.14,0.197,0.118,0.378,0.588,0.27,0.241,0.324,0.65,0.148,0.15,0.608,0.188,0.157,0.21,0.199,0.145,0.49,0.495
19,0.151,0.478,0.58,0.63,0.512,0.161,0.217,0.148,0.361,0.966,0.403,0.175,0.135,0.524,0.819,0.517,0.402,0.197,0.599,0.501,0.682,0.66,0.389,0.335,0.401,0.434,0.607,0.627,0.167,0.266,0.638,0.318,0.362,0.648,0.665,0.611,0.595,0.129,0.14,0.198,0.118,0.378,0.589,0.271,0.244,0.325,0.651,0.148,0.15,0.608,0.189,0.157,0.212,0.199,0.146,0.491,0.495
19.08333333,0.151,0.478,0.581,0.632,0.512,0.161,0.218,0.149,0.361,0.967,0.404,0.166,0.135,0.523,0.818,0.516,0.402,0.197,0.598,0.501,0.682,0.66,0.39,0.335,0.401,0.433,0.607,0.627,0.167,0.268,0.641,0.319,0.362,0.65,0.666,0.612,0.595,0.129,0.14,0.199,0.118,0.379,0.59,0.273,0.246,0.325,0.652,0.148,0.15,0.609,0.19,0.158,0.213,0.2,0.146,0.492,0.495
19.16666667,0.152,0.479,0.582,0.635,0.512,0.161,0.219,0.148,0.361,0.968,0.404,0.181,0.135,0.523,0.817,0.517,0.403,0.198,0.598,0.502,0.683,0.661,0.39,0.336,0.401,0.433,0.607,0.627,0.167,0.27,0.644,0.319,0.362,0.65,0.667,0.612,0.596,0.129,0.14,0.2,0.118,0.379,0.591,0.275,0.249,0.325,0.652,0.148,0.15,0.609,0.191,0.158,0.214,0.2,0.146,0.492,0.495
19.25,0.152,0.479,0.584,0.637,0.512,0.161,0.22,0.149,0.362,0.968,0.404,0.194,0.135,0.523,0.817,0.517,0.402,0.198,0.598,0.502,0.684,0.66,0.391,0.336,0.401,0.433,0.606,0.627,0.168,0.273,0.647,0.32,0.362,0.651,0.669,0.613,0.596,0.13,0.14,0.202,0.118,0.38,0.592,0.276,0.251,0.325,0.653,0.149,0.15,0.609,0.193,0.16,0.216,0.201,0.146,0.493,0.496
19.33333333,0.152,0.479,0.585,0.639,0.512,0.161,0.221,0.149,0.362,0.969,0.404,0.165,0.135,0.523,0.816,0.517,0.402,0.198,0.597,0.503,0.684,0.66,0.392,0.336,0.401,0.433,0.606,0.626,0.168,0.275,0.649,0.32,0.362,0.653,0.671,0.615,0.597,0.13,0.14,0.203,0.118,0.38,0.592,0.278,0.254,0.325,0.654,0.149,0.15,0.61,0.194,0.16,0.217,0.201,0.146,0.494,0.496
19.41666667,0.152,0.479,0.586,0.64,0.512,0.162,0.222,0.149,0.363,0.969,0.396,0.163,0.135,0.523,0.815,0.518,0.403,0.199,0.598,0.503,0.685,0.66,0.392,0.337,0.402,0.432,0.605,0.626,0.168,0.278,0.651,0.321,0.363,0.654,0.671,0.614,0.597,0.13,0.14,0.204,0.119,0.38,0.593,0.28,0.256,0.325,0.655,0.149,0.15,0.611,0.195,0.16,0.219,0.202,0.146,0.495,0.496
19.5,0.152,0.479,0.588,0.641,0.511,0.162,0.224,0.149,0.363,0.97,0.396,0.16,0.135,0.523,0.815,0.518,0.403,0.199,0.598,0.504,0.686,0.66,0.393,0.337,0.402,0.432,0.605,0.627,0.169,0.28,0.653,0.321,0.363,0.655,0.673,0.615,0.598,0.13,0.14,0.206,0.118,0.381,0.594,0.281,0.258,0.326,0.655,0.149,0.151,0.611,0.196,0.162,0.221,0.202,0.146,0.496,0.496
19.58333333,0.153,0.479,0.589,0.64,0.511,0.162,0.225,0.149,0.363,0.97,0.396,0.16,0.135,0.522,0.814,0.518,0.403,0.199,0.598,0.504,0.686,0.66,0.393,0.337,0.405,0.432,0.604,0.627,0.17,0.283,0.654,0.322,0.364,0.657,0.674,0.616,0.598,0.13,0.14,0.207,0.119,0.382,0.594,0.283,0.26,0.326,0.656,0.149,0.15,0.612,0.197,0.163,0.222,0.203,0.146,0.496,0.496
19.66666667,0.153,0.48,0.591,0.64,0.511,0.162,0.226,0.149,0.364,0.971,0.396,0.202,0.135,0.522,0.814,0.519,0.403,0.199,0.598,0.505,0.687,0.66,0.394,0.338,0.41,0.432,0.604,0.627,0.17,0.285,0.654,0.322,0.364,0.657,0.675,0.617,0.599,0.131,0.14,0.209,0.119,0.382,0.595,0.285,0.262,0.326,0.657,0.149,0.151,0.613,0.199,0.163,0.223,0.203,0.146,0.497,0.496
19.75,0.153,0.48,0.592,0.639,0.511,0.162,0.227,0.149,0.364,0.971,0.397,0.185,0.135,0.522,0.813,0.519,0.403,0.2,0.598,0.505,0.688,0.66,0.395,0.338,0.412,0.432,0.604,0.627,0.17,0.288,0.653,0.323,0.364,0.658,0.676,0.617,0.599,0.131,0.14,0.211,0.119,0.383,0.596,0.287,0.264,0.326,0.658,0.149,0.151,0.613,0.2,0.164,0.225,0.204,0.146,0.498,0.496
19.83333333,0.154,0.48,0.593,0.637,0.511,0.163,0.229,0.149,0.364,0.972,0.398,0.177,0.135,0.522,0.813,0.519,0.403,0.2,0.598,0.506,0.688,0.659,0.395,0.338,0.412,0.432,0.604,0.627,0.171,0.29,0.652,0.323,0.364,0.659,0.677,0.618,0.599,0.131,0.14,0.212,0.119,0.383,0.596,0.288,0.267,0.326,0.659,0.15,0.151,0.613,0.201,0.166,0.226,0.204,0.147,0.499,0.497
19.91666667,0.154,0.48,0.595,0.636,0.511,0.163,0.23,0.149,0.365,0.972,0.398,0.179,0.135,0.522,0.812,0.52,0.404,0.2,0.598,0.507,0.689,0.659,0.396,0.339,0.413,0.432,0.604,0.627,0.171,0.293,0.652,0.324,0.365,0.659,0.678,0.618,0.6,0.131,0.14,0.214,0.119,0.384,0.597,0.29,0.269,0.327,0.66,0.15,0.151,0.614,0.202,0.166,0.228,0.205,0.147,0.499,0.496
20,0.154,0.48,0.596,0.635,0.511,0.163,0.231,0.149,0.365,0.973,0.398,0.204,0.135,0.522,0.811,0.52,0.404,0.2,0.598,0.507,0.689,0.658,0.396,0.339,0.413,0.431,0.603,0.627,0.172,0.296,0.65,0.324,0.365,0.66,0.679,0.619,0.6,0.131,0.14,0.216,0.119,0.384,0.598,0.292,0.272,0.327,0.661,0.15,0.151,0.614,0.204,0.167,0.229,0.205,0.147,0.5,0.496
20.08333333,0.155,0.48,0.598,0.634,0.511,0.163,0.232,0.149,0.365,0.973,0.367,0.2,0.135,0.522,0.811,0.521,0.404,0.201,0.599,0.508,0.69,0.658,0.397,0.34,0.415,0.432,0.603,0.627,0.172,0.298,0.649,0.325,0.365,0.661,0.681,0.619,0.601,0.132,0.14,0.218,0.119,0.385,0.599,0.293,0.274,0.327,0.662,0.15,0.151,0.615,0.205,0.169,0.231,0.206,0.147,0.501,0.497
20.16666667,0.154,0.48,0.599,0.633,0.511,0.163,0.234,0.149,0.366,0.974,0.371,0.203,0.135,0.522,0.811,0.521,0.405,0.201,0.599,0.509,0.691,0.658,0.398,0.34,0.416,0.432,0.603,0.627,0.173,0.301,0.647,0.326,0.366,0.662,0.682,0.62,0.602,0.132,0.14,0.219,0.119,0.385,0.599,0.295,0.276,0.328,0.662,0.15,0.151,0.615,0.207,0.169,0.232,0.206,0.147,0.502,0.497
20.25,0.155,0.481,0.601,0.632,0.51,0.164,0.235,0.149,0.366,0.974,0.386,0.207,0.135,0.522,0.81,0.522,0.405,0.201,0.599,0.51,0.691,0.658,0.398,0.34,0.416,0.432,0.603,0.627,0.173,0.303,0.646,0.326,0.366,0.663,0.683,0.621,0.602,0.132,0.14,0.221,0.119,0.385,0.6,0.297,0.278,0.328,0.663,0.15,0.151,0.616,0.208,0.17,0.234,0.207,0.147,0.502,0.497
20.33333333,0.155,0.481,0.601,0.63,0.51,0.164,0.236,0.149,0.366,0.974,0.387,0.169,0.135,0.522,0.81,0.521,0.404,0.201,0.597,0.51,0.69,0.658,0.399,0.34,0.415,0.431,0.602,0.627,0.173,0.304,0.644,0.326,0.366,0.664,0.684,0.621,0.602,0.132,0.14,0.223,0.119,0.386,0.6,0.299,0.28,0.328,0.664,0.15,0.151,0.616,0.209,0.172,0.235,0.207,0.147,0.503,0.497
20.41666667,0.155,0.481,0.603,0.629,0.51,0.164,0.237,0.149,0.366,0.975,0.404,0.182,0.135,0.522,0.81,0.521,0.404,0.202,0.597,0.511,0.696,0.658,0.399,0.341,0.414,0.431,0.602,0.628,0.174,0.306,0.643,0.327,0.366,0.666,0.686,0.622,0.603,0.133,0.14,0.225,0.119,0.386,0.601,0.3,0.282,0.328,0.665,0.151,0.152,0.617,0.211,0.172,0.237,0.208,0.147,0.504,0.497
20.5,0.156,0.481,0.604,0.629,0.51,0.164,0.238,0.149,0.366,0.975,0.39,0.169,0.135,0.522,0.809,0.521,0.404,0.202,0.597,0.511,0.696,0.658,0.4,0.341,0.414,0.43,0.601,0.627,0.175,0.308,0.643,0.327,0.367,0.667,0.687,0.623,0.603,0.133,0.14,0.228,0.12,0.387,0.602,0.301,0.283,0.328,0.665,0.151,0.151,0.617,0.212,0.173,0.238,0.208,0.147,0.505,0.497
20.58333333,0.156,0.481,0.605,0.628,0.51,0.164,0.239,0.149,0.367,0.976,0.394,0.171,0.135,0.522,0.809,0.522,0.405,0.202,0.597,0.512,0.696,0.658,0.401,0.341,0.413,0.43,0.602,0.627,0.175,0.31,0.642,0.328,0.367,0.668,0.688,0.624,0.604,0.133,0.14,0.23,0.12,0.387,0.602,0.302,0.285,0.329,0.666,0.151,0.152,0.618,0.214,0.174,0.24,0.209,0.147,0.505,0.497
20.66666667,0.156,0.481,0.607,0.627,0.511,0.165,0.241,0.15,0.367,0.976,0.397,0.17,0.135,0.523,0.808,0.522,0.405,0.203,0.597,0.513,0.696,0.658,0.401,0.341,0.413,0.43,0.601,0.627,0.175,0.312,0.641,0.328,0.368,0.669,0.69,0.624,0.604,0.133,0.14,0.232,0.12,0.388,0.603,0.303,0.287,0.329,0.667,0.151,0.152,0.618,0.215,0.176,0.241,0.21,0.148,0.507,0.498
20.75,0.157,0.481,0.608,0.627,0.513,0.165,0.242,0.15,0.368,0.977,0.406,0.171,0.135,0.523,0.808,0.522,0.405,0.203,0.597,0.514,0.696,0.658,0.402,0.342,0.413,0.43,0.601,0.627,0.176,0.314,0.641,0.329,0.368,0.67,0.692,0.625,0.605,0.133,0.141,0.234,0.12,0.388,0.604,0.304,0.288,0.329,0.668,0.151,0.152,0.619,0.216,0.176,0.243,0.21,0.148,0.508,0.498
20.83333333,0.157,0.482,0.61,0.626,0.516,0.165,0.243,0.15,0.368,0.976,0.403,0.178,0.135,0.522,0.807,0.523,0.405,0.203,0.597,0.514,0.694,0.659,0.402,0.342,0.412,0.432,0.601,0.627,0.177,0.315,0.64,0.329,0.368,0.67,0.693,0.625,0.605,0.134,0.14,0.237,0.12,0.388,0.604,0.305,0.29,0.329,0.669,0.151,0.152,0.619,0.218,0.177,0.244,0.21,0.148,0.509,0.497
20.91666667,0.157,0.482,0.611,0.626,0.518,0.165,0.245,0.15,0.368,0.977,0.406,0.184,0.135,0.522,0.807,0.523,0.406,0.203,0.597,0.515,0.693,0.659,0.403,0.342,0.412,0.434,0.601,0.627,0.177,0.317,0.64,0.33,0.369,0.67,0.694,0.626,0.605,0.134,0.14,0.239,0.12,0.389,0.605,0.306,0.291,0.33,0.669,0.152,0.152,0.62,0.219,0.179,0.246,0.211,0.148,0.509,0.498
21,0.158,0.482,0.612,0.625,0.519,0.166,0.246,0.15,0.368,0.978,0.412,0.181,0.135,0.523,0.806,0.524,0.406,0.204,0.598,0.516,0.692,0.659,0.403,0.343,0.412,0.435,0.601,0.627,0.177,0.318,0.639,0.331,0.369,0.672,0.696,0.626,0.606,0.134,0.141,0.241,0.12,0.389,0.606,0.307,0.292,0.33,0.67,0.152,0.152,0.62,0.221,0.18,0.247,0.212,0.148,0.509,0.498
21.08333333,0.158,0.482,0.614,0.625,0.521,0.166,0.248,0.15,0.368,0.978,0.413,0.189,0.135,0.523,0.806,0.524,0.406,0.204,0.598,0.517,0.691,0.66,0.404,0.343,0.411,0.436,0.601,0.627,0.178,0.32,0.639,0.331,0.369,0.673,0.697,0.627,0.606,0.134,0.141,0.244,0.12,0.39,0.606,0.308,0.294,0.33,0.671,0.152,0.152,0.621,0.222,0.18,0.248,0.212,0.148,0.51,0.498
21.16666667,0.158,0.482,0.615,0.625,0.522,0.166,0.249,0.15,0.369,0.979,0.413,0.178,0.135,0.523,0.806,0.524,0.406,0.204,0.598,0.517,0.69,0.66,0.405,0.343,0.411,0.437,0.6,0.627,0.179,0.321,0.638,0.332,0.37,0.674,0.698,0.628,0.607,0.135,0.141,0.246,0.12,0.39,0.607,0.309,0.295,0.331,0.672,0.152,0.152,0.621,0.223,0.182,0.25,0.213,0.148,0.51,0.499
21.25,0.159,0.483,0.616,0.624,0.523,0.166,0.25,0.15,0.369,0.979,0.415,0.182,0.135,0.523,0.805,0.525,0.406,0.205,0.598,0.518,0.69,0.66,0.405,0.343,0.411,0.438,0.601,0.627,0.179,0.322,0.638,0.332,0.37,0.675,0.7,0.628,0.607,0.135,0.141,0.248,0.12,0.391,0.607,0.31,0.296,0.331,0.673,0.152,0.152,0.621,0.224,0.183,0.251,0.213,0.148,0.51,0.498
21.33333333,0.159,0.482,0.618,0.624,0.523,0.166,0.252,0.15,0.369,0.979,0.421,0.196,0.135,0.523,0.805,0.525,0.407,0.205,0.598,0.519,0.689,0.661,0.406,0.344,0.411,0.438,0.6,0.627,0.18,0.323,0.637,0.333,0.37,0.675,0.701,0.629,0.608,0.135,0.141,0.251,0.12,0.391,0.608,0.311,0.297,0.331,0.673,0.152,0.153,0.622,0.225,0.184,0.252,0.214,0.148,0.509,0.499
21.41666667,0.159,0.483,0.62,0.624,0.524,0.167,0.253,0.15,0.37,0.979,0.417,0.203,0.135,0.523,0.805,0.526,0.407,0.205,0.599,0.52,0.689,0.661,0.407,0.344,0.41,0.439,0.6,0.626,0.18,0.325,0.637,0.333,0.371,0.676,0.703,0.629,0.608,0.135,0.141,0.254,0.121,0.392,0.608,0.312,0.298,0.332,0.675,0.153,0.153,0.623,0.226,0.186,0.254,0.214,0.149,0.509,0.499
21.5,0.159,0.483,0.62,0.623,0.524,0.167,0.254,0.15,0.37,0.979,0.42,0.166,0.135,0.523,0.805,0.525,0.406,0.206,0.597,0.52,0.688,0.662,0.407,0.344,0.41,0.439,0.6,0.626,0.181,0.326,0.636,0.334,0.371,0.678,0.704,0.631,0.608,0.136,0.141,0.256,0.121,0.392,0.609,0.313,0.299,0.332,0.675,0.153,0.153,0.623,0.227,0.188,0.255,0.215,0.149,0.509,0.499
21.58333333,0.16,0.483,0.621,0.622,0.524,0.167,0.256,0.15,0.37,0.98,0.423,0.162,0.135,0.523,0.805,0.525,0.407,0.206,0.597,0.521,0.688,0.662,0.407,0.344,0.41,0.44,0.599,0.626,0.182,0.327,0.635,0.334,0.371,0.679,0.706,0.631,0.609,0.136,0.141,0.259,0.121,0.392,0.609,0.314,0.3,0.332,0.676,0.153,0.153,0.623,0.228,0.187,0.256,0.215,0.149,0.509,0.499
21.66666667,0.16,0.483,0.623,0.622,0.524,0.167,0.257,0.15,0.37,0.98,0.427,0.164,0.135,0.523,0.804,0.526,0.407,0.206,0.597,0.522,0.688,0.663,0.408,0.345,0.41,0.44,0.6,0.626,0.182,0.328,0.635,0.335,0.372,0.68,0.708,0.631,0.609,0.136,0.141,0.261,0.121,0.393,0.61,0.314,0.301,0.333,0.677,0.153,0.153,0.624,0.229,0.19,0.257,0.216,0.149,0.51,0.499
21.75,0.16,0.483,0.624,0.622,0.524,0.167,0.259,0.15,0.371,0.98,0.429,0.167,0.135,0.523,0.804,0.526,0.407,0.207,0.597,0.523,0.688,0.664,0.409,0.346,0.409,0.441,0.6,0.626,0.183,0.329,0.634,0.335,0.372,0.681,0.709,0.633,0.61,0.136,0.141,0.263,0.121,0.393,0.61,0.315,0.302,0.333,0.678,0.153,0.153,0.624,0.231,0.19,0.259,0.217,0.149,0.512,0.499
21.83333333,0.16,0.484,0.625,0.621,0.524,0.168,0.26,0.15,0.371,0.98,0.426,0.166,0.135,0.524,0.803,0.526,0.407,0.207,0.597,0.523,0.688,0.665,0.409,0.346,0.409,0.441,0.6,0.626,0.183,0.33,0.634,0.335,0.372,0.682,0.71,0.633,0.61,0.136,0.141,0.265,0.121,0.394,0.61,0.316,0.303,0.333,0.678,0.153,0.153,0.625,0.232,0.193,0.26,0.217,0.149,0.514,0.5
21.91666667,0.161,0.484,0.626,0.621,0.524,0.168,0.261,0.151,0.371,0.981,0.427,0.201,0.135,0.524,0.803,0.526,0.407,0.207,0.597,0.524,0.688,0.666,0.41,0.346,0.409,0.441,0.599,0.626,0.184,0.33,0.634,0.336,0.373,0.683,0.711,0.633,0.61,0.137,0.141,0.267,0.121,0.394,0.602,0.316,0.304,0.333,0.679,0.153,0.153,0.625,0.233,0.193,0.261,0.218,0.149,0.516,0.5
22,0.161,0.484,0.628,0.62,0.524,0.168,0.263,0.15,0.372,0.981,0.428,0.17,0.135,0.524,0.803,0.527,0.407,0.208,0.597,0.525,0.688,0.668,0.411,0.347,0.409,0.442,0.6,0.626,0.185,0.331,0.634,0.337,0.373,0.684,0.712,0.634,0.611,0.137,0.141,0.269,0.121,0.395,0.605,0.317,0.305,0.334,0.68,0.154,0.154,0.625,0.234,0.194,0.262,0.218,0.149,0.518,0.5
22.08333333,0.161,0.484,0.629,0.62,0.523,0.169,0.264,0.151,0.372,0.981,0.429,0.168,0.135,0.524,0.802,0.527,0.408,0.208,0.597,0.526,0.688,0.67,0.411,0.347,0.409,0.442,0.6,0.626,0.185,0.332,0.633,0.337,0.373,0.684,0.713,0.635,0.611,0.137,0.141,0.271,0.122,0.395,0.607,0.318,0.305,0.334,0.681,0.154,0.153,0.626,0.235,0.195,0.263,0.219,0.149,0.52,0.5
22.16666667,0.162,0.484,0.631,0.62,0.523,0.169,0.266,0.15,0.372,0.981,0.42,0.166,0.135,0.524,0.801,0.527,0.408,0.208,0.597,0.526,0.688,0.671,0.412,0.347,0.409,0.442,0.599,0.626,0.186,0.333,0.633,0.338,0.374,0.686,0.713,0.635,0.612,0.138,0.141,0.272,0.121,0.395,0.607,0.318,0.306,0.334,0.682,0.154,0.154,0.626,0.235,0.196,0.264,0.219,0.15,0.521,0.5
22.25,0.162,0.484,0.632,0.62,0.523,0.169,0.267,0.15,0.372,0.981,0.424,0.164,0.135,0.524,0.801,0.527,0.408,0.209,0.597,0.527,0.687,0.672,0.412,0.347,0.409,0.442,0.599,0.626,0.186,0.334,0.632,0.338,0.374,0.687,0.699,0.636,0.612,0.138,0.141,0.274,0.121,0.396,0.608,0.319,0.307,0.334,0.682,0.154,0.154,0.627,0.236,0.197,0.265,0.22,0.15,0.523,0.501
22.33333333,0.162,0.485,0.633,0.619,0.522,0.169,0.268,0.151,0.373,0.981,0.425,0.155,0.135,0.524,0.801,0.528,0.408,0.209,0.596,0.527,0.687,0.673,0.413,0.348,0.408,0.442,0.599,0.626,0.187,0.334,0.631,0.339,0.375,0.688,0.696,0.637,0.613,0.138,0.141,0.276,0.122,0.396,0.608,0.319,0.308,0.334,0.683,0.154,0.154,0.628,0.237,0.199,0.266,0.221,0.15,0.525,0.501
22.41666667,0.163,0.485,0.635,0.619,0.522,0.169,0.269,0.151,0.373,0.982,0.42,0.162,0.135,0.524,0.801,0.528,0.408,0.209,0.598,0.529,0.688,0.674,0.414,0.348,0.408,0.442,0.599,0.627,0.188,0.335,0.631,0.339,0.375,0.69,0.706,0.637,0.613,0.138,0.141,0.277,0.122,0.397,0.609,0.32,0.309,0.335,0.684,0.155,0.154,0.628,0.238,0.199,0.267,0.221,0.15,0.526,0.501
22.5,0.163,0.485,0.636,0.619,0.522,0.17,0.27,0.151,0.374,0.982,0.421,0.163,0.135,0.524,0.8,0.529,0.409,0.21,0.598,0.53,0.687,0.675,0.414,0.349,0.408,0.443,0.6,0.627,0.189,0.336,0.632,0.34,0.376,0.69,0.71,0.638,0.614,0.139,0.141,0.279,0.122,0.397,0.609,0.321,0.31,0.335,0.685,0.155,0.154,0.628,0.239,0.201,0.268,0.222,0.15,0.527,0.501
22.58333333,0.164,0.485,0.637,0.618,0.522,0.17,0.272,0.151,0.374,0.982,0.422,0.155,0.135,0.525,0.8,0.529,0.409,0.21,0.598,0.53,0.687,0.675,0.415,0.349,0.408,0.443,0.6,0.627,0.189,0.337,0.631,0.34,0.376,0.69,0.709,0.638,0.614,0.139,0.141,0.28,0.122,0.398,0.61,0.321,0.31,0.336,0.686,0.155,0.154,0.629,0.239,0.201,0.269,0.222,0.15,0.528,0.501
22.66666667,0.164,0.486,0.639,0.618,0.522,0.17,0.272,0.151,0.374,0.982,0.424,0.169,0.135,0.525,0.799,0.529,0.409,0.21,0.599,0.531,0.687,0.675,0.415,0.349,0.408,0.443,0.6,0.627,0.19,0.338,0.631,0.341,0.376,0.691,0.708,0.638,0.614,0.139,0.141,0.281,0.122,0.398,0.61,0.322,0.311,0.336,0.686,0.155,0.154,0.63,0.24,0.201,0.27,0.223,0.15,0.529,0.501
22.75,0.164,0.486,0.641,0.618,0.521,0.171,0.273,0.151,0.374,0.982,0.422,0.198,0.135,0.525,0.799,0.53,0.41,0.211,0.598,0.532,0.687,0.674,0.416,0.35,0.408,0.443,0.6,0.627,0.191,0.338,0.631,0.341,0.377,0.692,0.706,0.639,0.615,0.139,0.141,0.282,0.122,0.399,0.609,0.322,0.312,0.337,0.687,0.155,0.154,0.63,0.241,0.204,0.27,0.224,0.15,0.529,0.501
22.83333333,0.165,0.486,0.642,0.618,0.521,0.171,0.274,0.151,0.375,0.983,0.423,0.176,0.135,0.525,0.799,0.53,0.41,0.211,0.598,0.533,0.688,0.674,0.417,0.351,0.408,0.443,0.6,0.627,0.191,0.339,0.631,0.342,0.377,0.693,0.706,0.64,0.616,0.14,0.141,0.283,0.122,0.399,0.608,0.323,0.313,0.337,0.688,0.156,0.154,0.631,0.241,0.205,0.271,0.224,0.151,0.53,0.501
22.91666667,0.165,0.486,0.642,0.617,0.521,0.171,0.275,0.151,0.375,0.983,0.424,0.157,0.135,0.525,0.798,0.53,0.409,0.211,0.598,0.533,0.687,0.674,0.417,0.351,0.407,0.443,0.6,0.627,0.192,0.34,0.629,0.342,0.377,0.695,0.707,0.641,0.616,0.14,0.141,0.284,0.122,0.4,0.608,0.323,0.313,0.337,0.689,0.156,0.154,0.631,0.242,0.206,0.272,0.225,0.151,0.53,0.502
23,0.165,0.486,0.644,0.617,0.52,0.171,0.276,0.151,0.375,0.983,0.426,0.165,0.135,0.525,0.798,0.53,0.41,0.212,0.598,0.534,0.688,0.675,0.418,0.351,0.407,0.443,0.599,0.627,0.193,0.34,0.63,0.343,0.378,0.695,0.708,0.641,0.616,0.14,0.141,0.285,0.123,0.4,0.608,0.324,0.314,0.337,0.689,0.156,0.155,0.632,0.241,0.206,0.273,0.225,0.151,0.53,0.502
23.08333333,0.165,0.486,0.646,0.617,0.52,0.171,0.276,0.151,0.376,0.983,0.427,0.163,0.135,0.525,0.798,0.531,0.41,0.212,0.599,0.535,0.688,0.677,0.418,0.352,0.407,0.443,0.6,0.626,0.194,0.341,0.629,0.343,0.378,0.696,0.709,0.642,0.617,0.141,0.141,0.286,0.123,0.4,0.608,0.324,0.315,0.338,0.69,0.156,0.155,0.632,0.243,0.208,0.273,0.226,0.151,0.531,0.502
23.16666667,0.166,0.487,0.647,0.616,0.52,0.172,0.277,0.151,0.376,0.983,0.428,0.162,0.135,0.526,0.797,0.531,0.41,0.213,0.598,0.535,0.688,0.679,0.419,0.352,0.407,0.443,0.6,0.626,0.194,0.342,0.629,0.344,0.378,0.697,0.709,0.642,0.617,0.141,0.141,0.287,0.123,0.401,0.607,0.325,0.315,0.338,0.691,0.156,0.155,0.632,0.243,0.209,0.274,0.227,0.151,0.531,0.502
23.25,0.166,0.487,0.647,0.616,0.52,0.172,0.278,0.151,0.376,0.984,0.427,0.156,0.135,0.526,0.797,0.531,0.41,0.213,0.598,0.536,0.688,0.68,0.419,0.352,0.407,0.443,0.6,0.627,0.195,0.342,0.628,0.344,0.378,0.698,0.71,0.643,0.618,0.141,0.142,0.288,0.123,0.401,0.607,0.325,0.316,0.338,0.692,0.157,0.155,0.632,0.244,0.21,0.275,0.227,0.151,0.531,0.502
23.33333333,0.167,0.487,0.649,0.615,0.519,0.173,0.279,0.151,0.377,0.984,0.428,0.155,0.135,0.526,0.797,0.531,0.41,0.213,0.598,0.537,0.688,0.681,0.42,0.353,0.407,0.443,0.6,0.627,0.195,0.343,0.628,0.345,0.379,0.699,0.709,0.643,0.618,0.141,0.142,0.289,0.123,0.402,0.606,0.326,0.317,0.338,0.693,0.157,0.155,0.633,0.244,0.211,0.275,0.228,0.151,0.531,0.503
23.41666667,0.167,0.487,0.651,0.615,0.519,0.173,0.28,0.151,0.377,0.984,0.428,0.154,0.135,0.526,0.797,0.532,0.411,0.214,0.599,0.537,0.689,0.683,0.42,0.353,0.406,0.443,0.6,0.626,0.196,0.343,0.628,0.345,0.379,0.7,0.709,0.644,0.619,0.142,0.142,0.29,0.123,0.402,0.606,0.326,0.317,0.339,0.694,0.157,0.155,0.633,0.244,0.212,0.276,0.229,0.151,0.531,0.503
23.5,0.167,0.487,0.651,0.615,0.518,0.173,0.28,0.151,0.377,0.984,0.429,0.154,0.135,0.526,0.796,0.532,0.411,0.214,0.599,0.538,0.689,0.683,0.421,0.354,0.406,0.443,0.6,0.626,0.197,0.344,0.627,0.346,0.38,0.701,0.708,0.645,0.619,0.142,0.142,0.291,0.124,0.402,0.606,0.327,0.318,0.339,0.694,0.157,0.155,0.634,0.245,0.212,0.277,0.229,0.152,0.531,0.503
23.58333333,0.168,0.487,0.652,0.615,0.518,0.173,0.281,0.151,0.378,0.984,0.43,0.156,0.135,0.526,0.796,0.532,0.411,0.215,0.599,0.539,0.689,0.684,0.421,0.354,0.406,0.442,0.6,0.627,0.198,0.344,0.627,0.346,0.38,0.702,0.708,0.645,0.619,0.142,0.142,0.292,0.124,0.403,0.606,0.327,0.319,0.339,0.695,0.157,0.155,0.635,0.245,0.214,0.277,0.23,0.152,0.531,0.503
23.66666667,0.168,0.488,0.654,0.615,0.518,0.173,0.282,0.152,0.378,0.984,0.431,0.157,0.135,0.527,0.796,0.532,0.411,0.215,0.599,0.54,0.689,0.685,0.422,0.354,0.406,0.443,0.6,0.627,0.199,0.345,0.627,0.347,0.381,0.704,0.708,0.646,0.62,0.143,0.142,0.293,0.124,0.404,0.606,0.327,0.32,0.34,0.696,0.157,0.155,0.635,0.245,0.214,0.278,0.231,0.152,0.531,0.503
23.75,0.168,0.487,0.656,0.616,0.518,0.174,0.282,0.152,0.378,0.984,0.432,0.166,0.135,0.527,0.795,0.532,0.412,0.216,0.6,0.541,0.689,0.686,0.422,0.355,0.406,0.443,0.6,0.627,0.199,0.345,0.627,0.347,0.381,0.704,0.708,0.646,0.62,0.143,0.142,0.294,0.124,0.404,0.606,0.328,0.32,0.34,0.697,0.158,0.155,0.636,0.245,0.216,0.279,0.231,0.152,0.532,0.503
23.83333333,0.169,0.488,0.656,0.618,0.518,0.174,0.283,0.152,0.378,0.984,0.432,0.161,0.135,0.527,0.795,0.533,0.412,0.216,0.6,0.542,0.691,0.687,0.423,0.355,0.406,0.443,0.6,0.627,0.2,0.346,0.626,0.348,0.381,0.705,0.707,0.647,0.621,0.143,0.142,0.295,0.124,0.404,0.606,0.328,0.321,0.34,0.697,0.158,0.156,0.63,0.246,0.217,0.279,0.232,0.152,0.531,0.503
23.91666667,0.169,0.487,0.658,0.62,0.517,0.174,0.283,0.152,0.379,0.985,0.433,0.165,0.135,0.527,0.795,0.533,0.412,0.217,0.599,0.542,0.692,0.688,0.423,0.355,0.406,0.442,0.6,0.627,0.201,0.346,0.626,0.348,0.382,0.706,0.707,0.647,0.621,0.144,0.142,0.295,0.124,0.405,0.606,0.329,0.321,0.341,0.698,0.158,0.156,0.637,0.246,0.218,0.279,0.232,0.152,0.531,0.504
24,0.169,0.487,0.659,0.622,0.517,0.175,0.284,0.152,0.379,0.985,0.433,0.168,0.135,0.527,0.795,0.534,0.412,0.217,0.6,0.543,0.694,0.688,0.424,0.356,0.406,0.442,0.6,0.627,0.202,0.347,0.626,0.349,0.382,0.707,0.707,0.648,0.621,0.144,0.142,0.296,0.124,0.405,0.606,0.329,0.322,0.341,0.699,0.158,0.156,0.64,0.246,0.219,0.28,0.233,0.152,0.532,0.504
24.08333333,0.17,0.485,0.662,0.62,0.518,0.175,0.285,0.152,0.376,0.982,0.443,0.161,0.135,0.53,0.792,0.54,0.415,0.221,0.606,0.55,0.704,0.688,0.423,0.356,0.407,0.443,0.602,0.628,0.207,0.349,0.625,0.349,0.385,0.712,0.711,0.649,0.622,0.145,0.143,0.299,0.124,0.407,0.61,0.33,0.322,0.34,0.703,0.159,0.156,0.645,0.246,0.222,0.281,0.234,0.152,0.531,0.504
24.16666667,0.17,0.487,0.658,0.621,0.517,0.175,0.286,0.152,0.38,0.984,0.434,0.185,0.135,0.528,0.787,0.532,0.413,0.219,0.597,0.543,0.692,0.688,0.425,0.356,0.406,0.443,0.6,0.627,0.204,0.348,0.621,0.35,0.382,0.706,0.704,0.647,0.622,0.145,0.142,0.298,0.125,0.405,0.604,0.33,0.323,0.342,0.699,0.159,0.156,0.637,0.247,0.222,0.281,0.234,0.153,0.532,0.504
24.25,0.171,0.488,0.66,0.621,0.517,0.175,0.286,0.152,0.381,0.984,0.434,0.154,0.135,0.528,0.789,0.533,0.413,0.219,0.596,0.544,0.691,0.689,0.426,0.357,0.406,0.443,0.601,0.627,0.205,0.349,0.62,0.351,0.382,0.708,0.703,0.649,0.622,0.145,0.142,0.299,0.125,0.405,0.602,0.33,0.324,0.342,0.7,0.159,0.156,0.635,0.247,0.223,0.281,0.235,0.153,0.532,0.504
24.33333333,0.171,0.488,0.663,0.621,0.517,0.176,0.286,0.152,0.381,0.985,0.435,0.157,0.135,0.528,0.791,0.534,0.413,0.219,0.597,0.545,0.691,0.69,0.426,0.357,0.406,0.442,0.601,0.627,0.206,0.349,0.621,0.351,0.383,0.709,0.704,0.649,0.623,0.146,0.142,0.299,0.125,0.406,0.602,0.331,0.324,0.343,0.702,0.159,0.157,0.635,0.247,0.224,0.281,0.236,0.153,0.532,0.505
24.41666667,0.171,0.488,0.664,0.621,0.516,0.176,0.287,0.152,0.382,0.986,0.436,0.157,0.135,0.529,0.791,0.534,0.413,0.219,0.598,0.546,0.692,0.69,0.426,0.357,0.405,0.442,0.602,0.628,0.207,0.35,0.621,0.352,0.383,0.71,0.704,0.65,0.624,0.146,0.142,0.3,0.125,0.406,0.602,0.331,0.325,0.343,0.702,0.159,0.157,0.635,0.247,0.223,0.282,0.236,0.153,0.532,0.505
24.5,0.172,0.488,0.665,0.621,0.516,0.176,0.288,0.152,0.382,0.987,0.436,0.153,0.135,0.529,0.791,0.534,0.414,0.219,0.598,0.547,0.692,0.691,0.426,0.357,0.405,0.442,0.601,0.627,0.207,0.35,0.62,0.352,0.384,0.71,0.704,0.651,0.625,0.146,0.142,0.3,0.125,0.407,0.603,0.331,0.326,0.343,0.703,0.159,0.157,0.635,0.247,0.225,0.282,0.237,0.153,0.532,0.505
24.58333333,0.172,0.488,0.666,0.621,0.515,0.177,0.288,0.152,0.382,0.989,0.437,0.153,0.135,0.528,0.791,0.534,0.414,0.22,0.598,0.547,0.692,0.692,0.427,0.357,0.405,0.442,0.601,0.627,0.208,0.35,0.62,0.352,0.384,0.712,0.705,0.651,0.625,0.146,0.142,0.303,0.125,0.408,0.604,0.332,0.327,0.343,0.704,0.159,0.157,0.635,0.247,0.226,0.282,0.237,0.154,0.532,0.505
24.66666667,0.172,0.488,0.668,0.621,0.515,0.177,0.289,0.152,0.382,0.99,0.437,0.155,0.135,0.529,0.792,0.535,0.415,0.22,0.601,0.548,0.693,0.693,0.427,0.357,0.408,0.442,0.602,0.627,0.209,0.351,0.621,0.353,0.385,0.713,0.705,0.652,0.625,0.147,0.142,0.306,0.125,0.409,0.605,0.332,0.327,0.343,0.705,0.16,0.157,0.635,0.247,0.228,0.283,0.238,0.154,0.532,0.505
24.75,0.173,0.489,0.669,0.621,0.515,0.178,0.289,0.152,0.382,0.991,0.439,0.152,0.136,0.529,0.791,0.535,0.415,0.221,0.601,0.549,0.693,0.693,0.428,0.358,0.41,0.442,0.602,0.627,0.21,0.352,0.621,0.353,0.385,0.714,0.705,0.653,0.625,0.147,0.142,0.309,0.126,0.409,0.606,0.332,0.328,0.344,0.705,0.16,0.157,0.635,0.247,0.228,0.283,0.239,0.154,0.532,0.505
24.83333333,0.173,0.489,0.67,0.622,0.514,0.178,0.29,0.152,0.382,0.991,0.439,0.162,0.135,0.529,0.791,0.535,0.415,0.222,0.602,0.55,0.693,0.694,0.428,0.358,0.412,0.441,0.602,0.627,0.211,0.352,0.621,0.354,0.385,0.715,0.705,0.653,0.626,0.148,0.143,0.31,0.126,0.41,0.606,0.333,0.328,0.344,0.706,0.16,0.157,0.635,0.248,0.228,0.284,0.239,0.154,0.532,0.505
24.91666667,0.174,0.489,0.672,0.621,0.514,0.178,0.29,0.153,0.383,0.99,0.44,0.16,0.135,0.529,0.791,0.536,0.415,0.222,0.601,0.551,0.693,0.694,0.429,0.358,0.412,0.441,0.602,0.627,0.213,0.352,0.622,0.355,0.386,0.716,0.704,0.654,0.627,0.148,0.143,0.311,0.126,0.41,0.606,0.333,0.329,0.344,0.707,0.16,0.157,0.635,0.248,0.229,0.284,0.24,0.154,0.532,0.505
25,0.174,0.489,0.674,0.621,0.514,0.178,0.291,0.153,0.384,0.99,0.441,0.162,0.136,0.53,0.791,0.539,0.415,0.223,0.602,0.552,0.694,0.695,0.429,0.358,0.413,0.441,0.603,0.627,0.213,0.353,0.622,0.355,0.386,0.716,0.704,0.654,0.627,0.148,0.143,0.311,0.126,0.41,0.606,0.333,0.33,0.345,0.708,0.161,0.157,0.634,0.248,0.229,0.284,0.241,0.154,0.532,0.506
25.08333333,0.174,0.489,0.675,0.621,0.514,0.179,0.291,0.153,0.384,0.99,0.442,0.168,0.136,0.53,0.791,0.542,0.416,0.223,0.602,0.552,0.694,0.695,0.43,0.359,0.413,0.441,0.603,0.627,0.215,0.353,0.622,0.355,0.387,0.717,0.704,0.655,0.628,0.149,0.143,0.311,0.126,0.411,0.606,0.334,0.33,0.345,0.709,0.161,0.157,0.634,0.248,0.231,0.285,0.241,0.154,0.532,0.512
25.16666667,0.175,0.49,0.681,0.621,0.513,0.179,0.292,0.153,0.384,0.99,0.442,0.177,0.136,0.53,0.791,0.543,0.416,0.224,0.602,0.553,0.694,0.696,0.43,0.359,0.414,0.441,0.603,0.627,0.216,0.354,0.622,0.356,0.387,0.718,0.704,0.656,0.629,0.149,0.143,0.312,0.126,0.411,0.606,0.334,0.331,0.345,0.71,0.161,0.158,0.634,0.248,0.231,0.285,0.242,0.155,0.532,0.515
25.25,0.175,0.49,0.684,0.621,0.513,0.179,0.293,0.153,0.384,0.99,0.443,0.171,0.136,0.53,0.791,0.543,0.416,0.224,0.602,0.553,0.694,0.697,0.43,0.359,0.414,0.441,0.603,0.627,0.217,0.354,0.622,0.356,0.388,0.719,0.704,0.656,0.629,0.15,0.143,0.313,0.127,0.411,0.606,0.334,0.332,0.346,0.711,0.161,0.158,0.634,0.248,0.233,0.285,0.243,0.155,0.532,0.518
25.33333333,0.176,0.49,0.682,0.62,0.512,0.18,0.293,0.153,0.384,0.99,0.444,0.157,0.136,0.53,0.79,0.542,0.416,0.224,0.602,0.554,0.694,0.696,0.431,0.359,0.414,0.441,0.602,0.627,0.218,0.354,0.62,0.357,0.387,0.721,0.704,0.658,0.629,0.15,0.143,0.313,0.127,0.412,0.606,0.334,0.332,0.346,0.711,0.161,0.158,0.634,0.248,0.233,0.285,0.243,0.155,0.532,0.52
25.41666667,0.176,0.49,0.68,0.62,0.512,0.18,0.294,0.153,0.385,0.99,0.445,0.168,0.136,0.531,0.79,0.542,0.417,0.225,0.603,0.555,0.694,0.697,0.432,0.359,0.415,0.441,0.603,0.627,0.219,0.355,0.621,0.357,0.388,0.722,0.704,0.658,0.629,0.15,0.143,0.314,0.127,0.412,0.606,0.335,0.333,0.346,0.712,0.162,0.158,0.634,0.248,0.234,0.286,0.244,0.155,0.531,0.522
25.5,0.177,0.49,0.677,0.62,0.512,0.18,0.294,0.153,0.385,0.989,0.445,0.155,0.136,0.531,0.79,0.54,0.416,0.226,0.602,0.555,0.693,0.697,0.432,0.359,0.415,0.44,0.603,0.627,0.22,0.355,0.62,0.357,0.388,0.723,0.704,0.659,0.63,0.151,0.143,0.315,0.127,0.413,0.607,0.335,0.333,0.346,0.712,0.162,0.158,0.633,0.248,0.236,0.286,0.244,0.155,0.532,0.524
25.58333333,0.177,0.491,0.676,0.619,0.511,0.181,0.294,0.153,0.386,0.989,0.446,0.155,0.136,0.531,0.79,0.539,0.417,0.226,0.602,0.556,0.693,0.697,0.432,0.36,0.415,0.44,0.603,0.627,0.221,0.355,0.62,0.358,0.389,0.723,0.704,0.66,0.63,0.151,0.143,0.316,0.127,0.413,0.607,0.335,0.334,0.347,0.713,0.162,0.158,0.633,0.248,0.236,0.286,0.245,0.155,0.531,0.525
25.66666667,0.177,0.491,0.675,0.619,0.511,0.181,0.295,0.153,0.386,0.989,0.447,0.155,0.136,0.531,0.79,0.538,0.417,0.227,0.602,0.557,0.693,0.698,0.433,0.36,0.415,0.44,0.603,0.627,0.222,0.356,0.619,0.359,0.389,0.725,0.704,0.661,0.63,0.151,0.143,0.317,0.128,0.414,0.606,0.336,0.334,0.347,0.714,0.162,0.158,0.633,0.248,0.236,0.286,0.246,0.155,0.532,0.527
25.75,0.178,0.491,0.674,0.619,0.511,0.181,0.295,0.153,0.386,0.989,0.448,0.159,0.136,0.531,0.79,0.538,0.417,0.227,0.603,0.557,0.693,0.699,0.433,0.36,0.415,0.44,0.603,0.627,0.224,0.356,0.619,0.359,0.39,0.726,0.704,0.661,0.631,0.152,0.143,0.317,0.128,0.414,0.607,0.336,0.335,0.348,0.715,0.163,0.158,0.633,0.248,0.239,0.286,0.246,0.156,0.531,0.527
25.83333333,0.178,0.491,0.673,0.619,0.51,0.182,0.296,0.153,0.387,0.989,0.449,0.157,0.136,0.531,0.789,0.538,0.417,0.228,0.603,0.558,0.693,0.699,0.434,0.36,0.415,0.44,0.604,0.626,0.225,0.357,0.619,0.359,0.39,0.727,0.704,0.662,0.632,0.152,0.143,0.318,0.128,0.414,0.607,0.336,0.336,0.348,0.716,0.163,0.159,0.633,0.248,0.239,0.287,0.247,0.156,0.531,0.528
25.91666667,0.179,0.491,0.673,0.619,0.51,0.182,0.296,0.154,0.387,0.989,0.449,0.157,0.136,0.531,0.79,0.537,0.418,0.228,0.603,0.558,0.693,0.7,0.434,0.36,0.415,0.44,0.603,0.627,0.226,0.357,0.619,0.36,0.39,0.728,0.704,0.662,0.632,0.153,0.143,0.318,0.128,0.414,0.607,0.336,0.336,0.348,0.716,0.163,0.159,0.633,0.249,0.24,0.286,0.248,0.156,0.531,0.528
26,0.179,0.492,0.672,0.618,0.51,0.183,0.297,0.154,0.387,0.988,0.45,0.156,0.136,0.532,0.79,0.538,0.418,0.229,0.603,0.559,0.692,0.7,0.435,0.36,0.415,0.44,0.604,0.626,0.227,0.357,0.619,0.36,0.391,0.729,0.704,0.663,0.632,0.153,0.143,0.319,0.128,0.415,0.607,0.337,0.337,0.348,0.717,0.163,0.159,0.633,0.249,0.241,0.287,0.248,0.156,0.531,0.529
26.08333333,0.18,0.492,0.671,0.618,0.51,0.183,0.297,0.154,0.387,0.988,0.451,0.166,0.136,0.532,0.79,0.538,0.418,0.23,0.603,0.56,0.692,0.701,0.435,0.36,0.415,0.439,0.604,0.627,0.228,0.357,0.619,0.361,0.391,0.73,0.703,0.664,0.633,0.154,0.143,0.32,0.128,0.415,0.607,0.337,0.337,0.349,0.718,0.164,0.159,0.633,0.249,0.242,0.287,0.249,0.156,0.531,0.529
26.16666667,0.18,0.492,0.671,0.618,0.509,0.183,0.298,0.154,0.387,0.988,0.453,0.158,0.136,0.532,0.79,0.537,0.418,0.23,0.603,0.561,0.692,0.701,0.436,0.361,0.415,0.439,0.604,0.627,0.23,0.358,0.619,0.361,0.391,0.731,0.704,0.664,0.633,0.154,0.143,0.32,0.129,0.416,0.608,0.337,0.338,0.349,0.718,0.164,0.159,0.633,0.249,0.244,0.288,0.25,0.157,0.531,0.53
26.25,0.18,0.492,0.67,0.618,0.509,0.184,0.298,0.154,0.388,0.988,0.454,0.158,0.136,0.532,0.79,0.537,0.418,0.231,0.603,0.562,0.691,0.702,0.436,0.361,0.415,0.439,0.604,0.627,0.231,0.358,0.618,0.362,0.392,0.733,0.703,0.665,0.634,0.154,0.144,0.321,0.129,0.416,0.608,0.337,0.339,0.349,0.719,0.164,0.159,0.633,0.249,0.244,0.288,0.25,0.157,0.531,0.53
26.33333333,0.181,0.492,0.669,0.618,0.509,0.184,0.299,0.154,0.388,0.988,0.456,0.158,0.136,0.532,0.789,0.538,0.418,0.231,0.604,0.562,0.691,0.702,0.436,0.361,0.415,0.439,0.604,0.627,0.232,0.359,0.618,0.362,0.392,0.733,0.703,0.665,0.634,0.155,0.143,0.322,0.129,0.416,0.608,0.338,0.339,0.349,0.72,0.164,0.159,0.633,0.249,0.245,0.288,0.251,0.157,0.531,0.53
26.41666667,0.182,0.493,0.67,0.618,0.508,0.184,0.299,0.154,0.389,0.988,0.456,0.165,0.136,0.533,0.789,0.538,0.419,0.232,0.603,0.562,0.691,0.702,0.437,0.361,0.415,0.439,0.605,0.627,0.233,0.359,0.618,0.363,0.393,0.734,0.703,0.665,0.635,0.155,0.144,0.322,0.129,0.417,0.608,0.338,0.34,0.35,0.721,0.164,0.159,0.635,0.249,0.246,0.288,0.252,0.157,0.531,0.53
26.5,0.182,0.493,0.669,0.617,0.508,0.185,0.3,0.154,0.389,0.988,0.457,0.188,0.136,0.533,0.789,0.538,0.419,0.232,0.603,0.563,0.69,0.702,0.438,0.361,0.415,0.439,0.605,0.627,0.234,0.359,0.618,0.363,0.393,0.735,0.703,0.666,0.636,0.156,0.144,0.323,0.129,0.417,0.608,0.338,0.34,0.35,0.722,0.165,0.16,0.636,0.249,0.246,0.288,0.252,0.157,0.531,0.53
26.58333333,0.183,0.493,0.667,0.617,0.508,0.185,0.3,0.154,0.389,0.987,0.457,0.175,0.136,0.533,0.789,0.537,0.419,0.232,0.603,0.563,0.69,0.703,0.438,0.362,0.414,0.439,0.604,0.627,0.235,0.36,0.617,0.364,0.393,0.736,0.703,0.667,0.636,0.156,0.144,0.323,0.129,0.418,0.608,0.338,0.341,0.35,0.723,0.165,0.16,0.637,0.249,0.247,0.288,0.253,0.157,0.531,0.53
26.66666667,0.183,0.493,0.667,0.617,0.507,0.185,0.301,0.154,0.389,0.988,0.458,0.165,0.136,0.533,0.789,0.537,0.419,0.233,0.604,0.564,0.69,0.703,0.439,0.362,0.414,0.438,0.605,0.626,0.237,0.36,0.617,0.364,0.394,0.736,0.703,0.667,0.636,0.157,0.144,0.324,0.13,0.417,0.608,0.339,0.341,0.351,0.723,0.165,0.16,0.637,0.249,0.249,0.288,0.254,0.157,0.531,0.53
26.75,0.183,0.494,0.666,0.617,0.507,0.186,0.301,0.154,0.39,0.987,0.46,0.162,0.136,0.533,0.789,0.537,0.419,0.234,0.603,0.565,0.689,0.703,0.439,0.362,0.414,0.438,0.605,0.626,0.238,0.36,0.617,0.365,0.394,0.738,0.703,0.668,0.636,0.157,0.144,0.324,0.13,0.418,0.608,0.339,0.342,0.351,0.724,0.165,0.16,0.637,0.249,0.25,0.288,0.254,0.158,0.531,0.531
26.83333333,0.184,0.494,0.666,0.616,0.507,0.186,0.302,0.155,0.39,0.987,0.461,0.157,0.136,0.533,0.789,0.537,0.42,0.234,0.603,0.565,0.689,0.704,0.439,0.362,0.413,0.438,0.605,0.626,0.239,0.361,0.617,0.365,0.394,0.739,0.703,0.669,0.636,0.158,0.144,0.325,0.13,0.418,0.608,0.339,0.342,0.351,0.725,0.166,0.16,0.637,0.249,0.25,0.288,0.255,0.158,0.531,0.53
26.91666667,0.184,0.494,0.666,0.617,0.507,0.186,0.302,0.155,0.39,0.987,0.464,0.157,0.136,0.534,0.789,0.537,0.42,0.235,0.604,0.566,0.689,0.704,0.44,0.362,0.413,0.438,0.605,0.626,0.241,0.361,0.617,0.365,0.395,0.74,0.703,0.668,0.637,0.158,0.144,0.325,0.13,0.419,0.609,0.339,0.343,0.351,0.725,0.166,0.16,0.637,0.249,0.252,0.289,0.256,0.158,0.531,0.531
27,0.185,0.494,0.665,0.616,0.506,0.187,0.303,0.155,0.391,0.987,0.466,0.155,0.136,0.534,0.789,0.537,0.42,0.235,0.604,0.567,0.688,0.703,0.441,0.363,0.413,0.438,0.605,0.626,0.242,0.361,0.617,0.366,0.395,0.741,0.703,0.669,0.637,0.159,0.144,0.326,0.13,0.419,0.608,0.34,0.343,0.352,0.727,0.166,0.16,0.637,0.249,0.252,0.289,0.256,0.158,0.531,0.53
27.08333333,0.185,0.495,0.665,0.616,0.506,0.187,0.303,0.155,0.391,0.987,0.467,0.159,0.136,0.534,0.789,0.537,0.42,0.236,0.608,0.567,0.688,0.704,0.441,0.363,0.413,0.438,0.605,0.626,0.243,0.362,0.616,0.366,0.396,0.742,0.703,0.67,0.638,0.159,0.144,0.326,0.131,0.419,0.609,0.34,0.344,0.352,0.727,0.166,0.16,0.637,0.249,0.253,0.289,0.257,0.158,0.531,0.53
27.16666667,0.186,0.495,0.665,0.616,0.505,0.188,0.303,0.155,0.391,0.987,0.467,0.156,0.136,0.534,0.789,0.537,0.421,0.237,0.612,0.568,0.688,0.705,0.441,0.363,0.413,0.437,0.606,0.626,0.245,0.362,0.617,0.367,0.396,0.743,0.703,0.671,0.639,0.16,0.144,0.327,0.131,0.42,0.609,0.34,0.344,0.353,0.728,0.167,0.161,0.636,0.249,0.254,0.289,0.258,0.158,0.531,0.53
27.25,0.186,0.495,0.665,0.616,0.505,0.188,0.304,0.155,0.392,0.988,0.468,0.162,0.136,0.534,0.789,0.537,0.421,0.237,0.614,0.569,0.687,0.706,0.442,0.363,0.413,0.437,0.606,0.626,0.246,0.363,0.62,0.367,0.397,0.744,0.703,0.671,0.639,0.16,0.144,0.328,0.131,0.42,0.611,0.341,0.345,0.353,0.729,0.167,0.161,0.637,0.249,0.254,0.289,0.258,0.159,0.53,0.53
27.33333333,0.187,0.495,0.665,0.616,0.505,0.189,0.304,0.155,0.392,0.987,0.469,0.157,0.136,0.535,0.789,0.537,0.421,0.238,0.615,0.569,0.687,0.706,0.443,0.363,0.412,0.437,0.606,0.626,0.248,0.363,0.622,0.368,0.397,0.745,0.703,0.671,0.64,0.161,0.144,0.328,0.131,0.421,0.611,0.341,0.346,0.353,0.73,0.167,0.161,0.636,0.249,0.255,0.29,0.259,0.159,0.531,0.53
27.41666667,0.187,0.495,0.665,0.616,0.505,0.189,0.305,0.155,0.392,0.987,0.47,0.173,0.136,0.535,0.789,0.537,0.421,0.238,0.617,0.57,0.686,0.707,0.443,0.364,0.412,0.437,0.606,0.626,0.249,0.363,0.624,0.368,0.397,0.745,0.704,0.672,0.64,0.161,0.144,0.328,0.131,0.421,0.611,0.341,0.346,0.353,0.731,0.167,0.161,0.636,0.249,0.257,0.289,0.26,0.159,0.531,0.53
27.5,0.188,0.496,0.665,0.616,0.504,0.189,0.306,0.155,0.392,0.987,0.471,0.182,0.137,0.535,0.789,0.538,0.421,0.239,0.62,0.57,0.686,0.707,0.443,0.364,0.412,0.437,0.607,0.626,0.251,0.364,0.625,0.369,0.398,0.746,0.706,0.672,0.641,0.161,0.144,0.329,0.132,0.421,0.61,0.342,0.347,0.354,0.731,0.168,0.161,0.636,0.249,0.257,0.29,0.26,0.159,0.531,0.53
27.58333333,0.188,0.496,0.664,0.616,0.504,0.19,0.306,0.155,0.393,0.987,0.472,0.174,0.137,0.535,0.789,0.538,0.422,0.24,0.621,0.571,0.685,0.708,0.444,0.364,0.412,0.436,0.607,0.626,0.252,0.364,0.626,0.369,0.398,0.747,0.707,0.673,0.641,0.162,0.144,0.329,0.132,0.421,0.611,0.342,0.347,0.354,0.732,0.168,0.161,0.636,0.25,0.257,0.29,0.261,0.159,0.53,0.53
27.66666667,0.189,0.496,0.665,0.616,0.504,0.19,0.306,0.155,0.393,0.987,0.475,0.157,0.137,0.535,0.789,0.538,0.422,0.24,0.623,0.571,0.685,0.708,0.444,0.364,0.411,0.436,0.607,0.626,0.254,0.364,0.626,0.37,0.398,0.748,0.708,0.673,0.642,0.162,0.145,0.33,0.132,0.422,0.611,0.342,0.348,0.354,0.733,0.168,0.161,0.636,0.25,0.259,0.29,0.261,0.16,0.531,0.53
27.75,0.189,0.496,0.664,0.615,0.503,0.191,0.306,0.155,0.393,0.987,0.478,0.155,0.137,0.536,0.789,0.537,0.422,0.241,0.623,0.572,0.685,0.709,0.445,0.364,0.411,0.436,0.607,0.626,0.255,0.365,0.625,0.37,0.399,0.749,0.708,0.675,0.642,0.163,0.145,0.33,0.132,0.422,0.611,0.342,0.348,0.354,0.733,0.168,0.161,0.636,0.25,0.259,0.29,0.262,0.16,0.531,0.53
27.83333333,0.19,0.497,0.663,0.615,0.503,0.191,0.307,0.156,0.394,0.987,0.48,0.17,0.137,0.536,0.789,0.537,0.422,0.241,0.623,0.573,0.684,0.709,0.445,0.365,0.411,0.436,0.607,0.626,0.257,0.365,0.625,0.37,0.399,0.75,0.708,0.675,0.637,0.164,0.145,0.331,0.133,0.423,0.611,0.343,0.349,0.355,0.734,0.169,0.162,0.635,0.25,0.26,0.29,0.263,0.16,0.53,0.53
27.91666667,0.19,0.497,0.661,0.615,0.503,0.191,0.308,0.156,0.394,0.986,0.479,0.161,0.137,0.536,0.79,0.537,0.422,0.242,0.623,0.573,0.684,0.709,0.446,0.365,0.41,0.436,0.607,0.626,0.258,0.366,0.625,0.371,0.399,0.751,0.708,0.676,0.644,0.164,0.145,0.331,0.133,0.423,0.611,0.343,0.349,0.355,0.734,0.169,0.162,0.635,0.25,0.261,0.29,0.264,0.16,0.53,0.53
28,0.191,0.497,0.66,0.615,0.502,0.192,0.308,0.156,0.394,0.987,0.481,0.162,0.137,0.536,0.79,0.537,0.422,0.242,0.623,0.574,0.684,0.71,0.446,0.365,0.41,0.435,0.607,0.626,0.26,0.366,0.625,0.371,0.4,0.752,0.708,0.676,0.645,0.165,0.145,0.332,0.133,0.423,0.61,0.343,0.35,0.355,0.735,0.169,0.162,0.635,0.25,0.26,0.29,0.264,0.16,0.531,0.529
28.08333333,0.191,0.498,0.66,0.615,0.502,0.193,0.308,0.156,0.394,0.987,0.484,0.162,0.137,0.536,0.79,0.537,0.423,0.243,0.623,0.574,0.683,0.711,0.447,0.365,0.41,0.435,0.607,0.626,0.261,0.367,0.625,0.372,0.4,0.753,0.708,0.677,0.644,0.165,0.145,0.332,0.133,0.423,0.611,0.343,0.35,0.356,0.737,0.169,0.162,0.635,0.25,0.261,0.29,0.265,0.16,0.53,0.529
28.16666667,0.192,0.498,0.661,0.615,0.502,0.193,0.309,0.156,0.395,0.987,0.484,0.162,0.137,0.537,0.79,0.538,0.423,0.244,0.623,0.575,0.683,0.712,0.447,0.365,0.41,0.435,0.608,0.626,0.263,0.367,0.625,0.372,0.4,0.753,0.707,0.677,0.643,0.166,0.145,0.332,0.134,0.424,0.611,0.344,0.351,0.356,0.738,0.17,0.162,0.635,0.25,0.262,0.29,0.266,0.161,0.53,0.529
28.25,0.192,0.498,0.66,0.615,0.501,0.193,0.309,0.156,0.395,0.986,0.486,0.17,0.137,0.537,0.79,0.538,0.423,0.245,0.623,0.576,0.682,0.712,0.448,0.366,0.409,0.435,0.608,0.626,0.265,0.368,0.625,0.372,0.401,0.755,0.708,0.675,0.642,0.166,0.145,0.333,0.134,0.424,0.612,0.344,0.351,0.356,0.738,0.17,0.162,0.635,0.25,0.262,0.291,0.266,0.161,0.53,0.529
28.33333333,0.193,0.498,0.66,0.615,0.501,0.194,0.31,0.156,0.395,0.987,0.49,0.158,0.137,0.537,0.79,0.538,0.424,0.245,0.623,0.577,0.682,0.713,0.448,0.366,0.409,0.435,0.608,0.626,0.266,0.368,0.625,0.373,0.401,0.755,0.708,0.68,0.643,0.167,0.145,0.333,0.134,0.425,0.612,0.344,0.352,0.357,0.739,0.17,0.162,0.636,0.25,0.262,0.291,0.267,0.161,0.531,0.529
28.41666667,0.193,0.499,0.66,0.614,0.501,0.194,0.31,0.156,0.396,0.986,0.493,0.157,0.137,0.537,0.791,0.538,0.424,0.246,0.622,0.577,0.682,0.713,0.449,0.366,0.409,0.435,0.608,0.626,0.268,0.368,0.625,0.373,0.402,0.756,0.707,0.682,0.642,0.167,0.145,0.334,0.134,0.425,0.612,0.345,0.352,0.357,0.74,0.171,0.162,0.635,0.25,0.263,0.291,0.268,0.161,0.53,0.529
28.5,0.194,0.499,0.66,0.614,0.5,0.195,0.311,0.156,0.396,0.986,0.498,0.165,0.137,0.537,0.791,0.538,0.424,0.246,0.622,0.578,0.681,0.714,0.449,0.366,0.409,0.434,0.609,0.625,0.27,0.369,0.625,0.374,0.402,0.756,0.708,0.684,0.642,0.168,0.145,0.334,0.134,0.425,0.613,0.345,0.353,0.357,0.74,0.171,0.163,0.635,0.25,0.262,0.291,0.269,0.161,0.53,0.529
28.58333333,0.194,0.499,0.659,0.614,0.5,0.195,0.311,0.157,0.396,0.986,0.377,0.163,0.137,0.537,0.791,0.537,0.424,0.247,0.622,0.578,0.681,0.714,0.449,0.367,0.408,0.434,0.608,0.626,0.271,0.369,0.625,0.374,0.402,0.756,0.707,0.685,0.642,0.168,0.145,0.334,0.135,0.425,0.613,0.345,0.353,0.358,0.741,0.171,0.163,0.635,0.25,0.262,0.291,0.269,0.161,0.53,0.529
28.66666667,0.195,0.499,0.659,0.614,0.5,0.196,0.311,0.157,0.396,0.986,0.386,0.166,0.137,0.537,0.791,0.538,0.425,0.247,0.622,0.579,0.68,0.715,0.45,0.367,0.408,0.434,0.609,0.626,0.273,0.37,0.624,0.375,0.403,0.738,0.707,0.686,0.641,0.169,0.145,0.335,0.135,0.426,0.613,0.345,0.354,0.358,0.741,0.171,0.163,0.635,0.25,0.262,0.291,0.27,0.162,0.53,0.529
28.75,0.195,0.5,0.659,0.615,0.5,0.196,0.312,0.157,0.397,0.986,0.397,0.166,0.137,0.538,0.792,0.538,0.425,0.248,0.621,0.579,0.68,0.715,0.451,0.367,0.408,0.434,0.61,0.626,0.275,0.37,0.624,0.375,0.403,0.739,0.707,0.684,0.642,0.17,0.146,0.335,0.135,0.426,0.614,0.346,0.355,0.358,0.743,0.172,0.163,0.634,0.25,0.261,0.291,0.27,0.162,0.53,0.528
28.83333333,0.196,0.5,0.659,0.615,0.499,0.197,0.312,0.157,0.397,0.986,0.39,0.168,0.137,0.538,0.792,0.538,0.425,0.249,0.621,0.58,0.679,0.716,0.451,0.367,0.408,0.434,0.609,0.625,0.276,0.371,0.624,0.376,0.403,0.748,0.707,0.683,0.641,0.17,0.146,0.335,0.135,0.426,0.614,0.346,0.355,0.358,0.743,0.172,0.163,0.634,0.25,0.261,0.291,0.271,0.162,0.53,0.529
28.91666667,0.197,0.5,0.66,0.614,0.499,0.197,0.313,0.157,0.397,0.985,0.389,0.163,0.138,0.538,0.792,0.538,0.425,0.25,0.62,0.58,0.679,0.716,0.452,0.368,0.408,0.434,0.609,0.626,0.278,0.371,0.625,0.376,0.404,0.75,0.707,0.682,0.641,0.171,0.146,0.335,0.136,0.427,0.614,0.346,0.356,0.359,0.744,0.172,0.163,0.634,0.25,0.261,0.291,0.272,0.162,0.53,0.528
29,0.197,0.501,0.658,0.614,0.499,0.198,0.313,0.157,0.397,0.985,0.389,0.159,0.138,0.538,0.792,0.538,0.425,0.25,0.62,0.581,0.678,0.716,0.452,0.368,0.407,0.433,0.609,0.625,0.28,0.372,0.623,0.377,0.404,0.75,0.707,0.681,0.641,0.171,0.146,0.336,0.136,0.427,0.614,0.347,0.356,0.359,0.745,0.172,0.163,0.633,0.25,0.261,0.291,0.272,0.162,0.53,0.528
29.08333333,0.198,0.501,0.658,0.614,0.498,0.198,0.314,0.157,0.398,0.985,0.387,0.159,0.138,0.539,0.792,0.538,0.425,0.251,0.62,0.582,0.678,0.717,0.452,0.368,0.407,0.433,0.61,0.626,0.282,0.372,0.623,0.377,0.404,0.749,0.707,0.68,0.64,0.172,0.146,0.336,0.136,0.427,0.619,0.347,0.357,0.36,0.745,0.173,0.164,0.633,0.25,0.262,0.291,0.273,0.163,0.53,0.528
29.16666667,0.198,0.501,0.658,0.614,0.498,0.199,0.314,0.157,0.398,0.985,0.386,0.162,0.138,0.539,0.797,0.538,0.426,0.252,0.62,0.582,0.678,0.718,0.453,0.368,0.407,0.433,0.61,0.626,0.283,0.372,0.623,0.377,0.405,0.748,0.707,0.678,0.64,0.173,0.146,0.336,0.136,0.428,0.623,0.347,0.357,0.36,0.746,0.173,0.164,0.633,0.25,0.262,0.291,0.274,0.163,0.531,0.528
29.25,0.199,0.501,0.658,0.614,0.498,0.199,0.314,0.158,0.398,0.985,0.383,0.156,0.138,0.539,0.802,0.538,0.426,0.252,0.62,0.583,0.678,0.718,0.453,0.368,0.407,0.433,0.61,0.625,0.285,0.373,0.622,0.378,0.405,0.747,0.707,0.677,0.64,0.173,0.146,0.336,0.137,0.428,0.626,0.348,0.357,0.36,0.747,0.173,0.164,0.633,0.25,0.263,0.291,0.274,0.163,0.531,0.528
29.33333333,0.199,0.502,0.657,0.614,0.498,0.2,0.315,0.157,0.399,0.985,0.381,0.157,0.138,0.539,0.833,0.538,0.426,0.253,0.619,0.584,0.677,0.719,0.454,0.369,0.406,0.432,0.61,0.625,0.287,0.373,0.622,0.378,0.405,0.747,0.707,0.676,0.64,0.174,0.146,0.337,0.137,0.428,0.628,0.348,0.358,0.36,0.748,0.174,0.164,0.633,0.25,0.264,0.292,0.275,0.163,0.531,0.528
29.41666667,0.2,0.502,0.657,0.614,0.497,0.2,0.315,0.158,0.399,0.985,0.379,0.157,0.138,0.539,0.792,0.538,0.426,0.253,0.619,0.586,0.676,0.719,0.454,0.369,0.406,0.432,0.61,0.625,0.288,0.374,0.622,0.379,0.406,0.747,0.707,0.675,0.64,0.174,0.146,0.337,0.137,0.429,0.628,0.348,0.359,0.36,0.748,0.174,0.164,0.633,0.25,0.264,0.291,0.276,0.163,0.531,0.528
29.5,0.2,0.502,0.657,0.614,0.497,0.201,0.315,0.158,0.399,0.986,0.383,0.158,0.138,0.539,0.8,0.538,0.426,0.254,0.619,0.587,0.676,0.72,0.455,0.369,0.406,0.432,0.61,0.625,0.291,0.374,0.621,0.379,0.406,0.748,0.707,0.674,0.64,0.175,0.146,0.337,0.138,0.429,0.629,0.349,0.359,0.361,0.749,0.174,0.164,0.633,0.251,0.265,0.292,0.276,0.163,0.53,0.528
29.58333333,0.201,0.502,0.657,0.614,0.496,0.201,0.315,0.158,0.399,0.988,0.38,0.154,0.138,0.54,0.805,0.538,0.427,0.255,0.619,0.588,0.675,0.72,0.456,0.369,0.406,0.432,0.61,0.625,0.292,0.375,0.622,0.379,0.406,0.748,0.707,0.673,0.64,0.176,0.146,0.338,0.138,0.429,0.628,0.349,0.36,0.361,0.75,0.175,0.165,0.633,0.252,0.266,0.291,0.277,0.164,0.53,0.527
29.66666667,0.202,0.503,0.657,0.614,0.496,0.202,0.316,0.158,0.399,0.989,0.383,0.154,0.138,0.54,0.808,0.538,0.427,0.255,0.619,0.589,0.675,0.721,0.456,0.37,0.406,0.432,0.611,0.625,0.294,0.375,0.623,0.38,0.406,0.749,0.707,0.673,0.639,0.176,0.146,0.338,0.138,0.43,0.629,0.349,0.36,0.361,0.738,0.175,0.165,0.633,0.252,0.267,0.292,0.278,0.164,0.531,0.527
29.75,0.202,0.503,0.657,0.614,0.496,0.203,0.316,0.158,0.4,0.989,0.383,0.155,0.139,0.54,0.811,0.538,0.427,0.256,0.619,0.589,0.675,0.722,0.456,0.37,0.405,0.432,0.611,0.625,0.296,0.375,0.625,0.38,0.407,0.75,0.708,0.673,0.639,0.177,0.146,0.338,0.139,0.43,0.629,0.35,0.361,0.362,0.746,0.176,0.165,0.633,0.252,0.268,0.292,0.278,0.164,0.531,0.527
29.83333333,0.203,0.503,0.657,0.614,0.495,0.203,0.316,0.158,0.4,0.989,0.382,0.156,0.139,0.54,0.812,0.538,0.427,0.257,0.618,0.59,0.674,0.722,0.457,0.37,0.405,0.431,0.611,0.625,0.298,0.376,0.625,0.381,0.407,0.749,0.707,0.672,0.639,0.178,0.147,0.338,0.139,0.43,0.629,0.35,0.361,0.362,0.747,0.176,0.165,0.633,0.252,0.268,0.292,0.279,0.164,0.531,0.527
29.91666667,0.203,0.504,0.656,0.614,0.495,0.204,0.317,0.158,0.4,0.989,0.384,0.157,0.139,0.54,0.812,0.538,0.427,0.257,0.618,0.59,0.673,0.723,0.457,0.37,0.405,0.431,0.611,0.625,0.299,0.376,0.626,0.381,0.408,0.749,0.708,0.672,0.639,0.178,0.147,0.339,0.139,0.431,0.629,0.35,0.362,0.362,0.746,0.176,0.165,0.633,0.252,0.27,0.292,0.28,0.164,0.531,0.527
30,0.204,0.504,0.657,0.614,0.495,0.204,0.317,0.158,0.401,0.989,0.371,0.167,0.139,0.54,0.813,0.538,0.428,0.258,0.618,0.59,0.672,0.723,0.458,0.371,0.405,0.431,0.611,0.625,0.301,0.377,0.626,0.382,0.408,0.748,0.707,0.671,0.639,0.179,0.147,0.339,0.139,0.431,0.629,0.35,0.362,0.363,0.745,0.176,0.165,0.632,0.252,0.27,0.292,0.28,0.164,0.531,0.527
30.08333333,0.205,0.504,0.657,0.614,0.495,0.205,0.317,0.159,0.401,0.989,0.381,0.167,0.139,0.541,0.814,0.538,0.427,0.259,0.618,0.592,0.671,0.723,0.458,0.371,0.405,0.431,0.611,0.625,0.303,0.378,0.626,0.382,0.408,0.747,0.707,0.67,0.639,0.179,0.147,0.339,0.14,0.431,0.629,0.351,0.363,0.363,0.744,0.177,0.165,0.632,0.252,0.271,0.292,0.281,0.165,0.531,0.527
30.16666667,0.205,0.504,0.657,0.613,0.494,0.205,0.317,0.158,0.401,0.989,0.37,0.166,0.139,0.541,0.814,0.538,0.428,0.259,0.618,0.592,0.671,0.724,0.459,0.371,0.404,0.431,0.612,0.624,0.305,0.378,0.625,0.383,0.409,0.746,0.707,0.67,0.638,0.18,0.147,0.34,0.14,0.432,0.629,0.351,0.363,0.363,0.743,0.177,0.165,0.632,0.252,0.272,0.292,0.282,0.165,0.531,0.527
30.25,0.206,0.505,0.657,0.613,0.494,0.206,0.318,0.159,0.401,0.989,0.378,0.163,0.139,0.541,0.814,0.538,0.428,0.26,0.617,0.593,0.672,0.724,0.459,0.371,0.404,0.43,0.612,0.625,0.306,0.378,0.626,0.383,0.409,0.746,0.707,0.669,0.639,0.181,0.147,0.34,0.14,0.432,0.628,0.351,0.364,0.364,0.743,0.177,0.166,0.631,0.252,0.273,0.292,0.282,0.165,0.531,0.526
30.33333333,0.207,0.505,0.656,0.613,0.494,0.206,0.318,0.159,0.402,0.989,0.385,0.164,0.139,0.541,0.814,0.538,0.428,0.26,0.617,0.594,0.673,0.725,0.46,0.372,0.404,0.43,0.612,0.625,0.308,0.379,0.625,0.384,0.409,0.746,0.707,0.669,0.637,0.181,0.147,0.34,0.141,0.432,0.628,0.352,0.364,0.364,0.744,0.178,0.166,0.631,0.252,0.274,0.292,0.283,0.165,0.531,0.527
30.41666667,0.207,0.505,0.656,0.613,0.493,0.207,0.318,0.159,0.402,0.989,0.378,0.16,0.139,0.541,0.814,0.538,0.428,0.261,0.617,0.594,0.673,0.725,0.46,0.372,0.404,0.43,0.612,0.624,0.31,0.379,0.624,0.384,0.409,0.745,0.707,0.669,0.637,0.182,0.147,0.34,0.141,0.433,0.628,0.352,0.365,0.364,0.744,0.178,0.166,0.631,0.252,0.275,0.292,0.284,0.165,0.531,0.526
30.5,0.208,0.505,0.656,0.613,0.493,0.208,0.318,0.159,0.402,0.989,0.375,0.161,0.14,0.547,0.814,0.538,0.428,0.262,0.617,0.594,0.674,0.726,0.461,0.372,0.403,0.43,0.612,0.625,0.312,0.38,0.624,0.385,0.41,0.745,0.707,0.668,0.638,0.183,0.147,0.341,0.141,0.433,0.628,0.353,0.365,0.364,0.744,0.179,0.166,0.631,0.252,0.276,0.292,0.284,0.166,0.531,0.526
30.58333333,0.208,0.506,0.656,0.613,0.493,0.208,0.319,0.159,0.402,0.989,0.372,0.157,0.14,0.552,0.814,0.538,0.428,0.263,0.617,0.594,0.674,0.726,0.461,0.372,0.403,0.43,0.612,0.625,0.314,0.38,0.624,0.385,0.41,0.745,0.707,0.668,0.638,0.184,0.147,0.341,0.141,0.433,0.628,0.353,0.366,0.365,0.744,0.179,0.166,0.631,0.252,0.277,0.292,0.285,0.166,0.531,0.526
30.66666667,0.209,0.506,0.655,0.613,0.493,0.209,0.319,0.159,0.403,0.989,0.368,0.155,0.14,0.555,0.814,0.538,0.429,0.263,0.618,0.595,0.674,0.727,0.462,0.373,0.403,0.43,0.612,0.625,0.315,0.38,0.623,0.385,0.41,0.744,0.707,0.668,0.637,0.184,0.147,0.342,0.142,0.434,0.628,0.353,0.366,0.365,0.744,0.179,0.166,0.631,0.252,0.278,0.292,0.286,0.166,0.531,0.526
30.75,0.209,0.506,0.655,0.613,0.492,0.209,0.319,0.159,0.403,0.989,0.368,0.157,0.14,0.556,0.814,0.538,0.429,0.264,0.617,0.595,0.675,0.727,0.462,0.373,0.403,0.429,0.613,0.624,0.317,0.381,0.623,0.386,0.411,0.744,0.707,0.668,0.637,0.185,0.147,0.342,0.142,0.434,0.629,0.354,0.367,0.365,0.744,0.18,0.166,0.631,0.252,0.279,0.292,0.287,0.167,0.531,0.526
30.83333333,0.21,0.506,0.655,0.614,0.492,0.21,0.319,0.16,0.403,0.989,0.384,0.156,0.14,0.555,0.815,0.538,0.429,0.264,0.618,0.596,0.675,0.728,0.462,0.373,0.402,0.429,0.612,0.624,0.318,0.381,0.623,0.386,0.411,0.744,0.708,0.668,0.638,0.186,0.147,0.342,0.143,0.434,0.629,0.354,0.368,0.366,0.743,0.18,0.167,0.632,0.252,0.28,0.293,0.287,0.167,0.531,0.525
30.91666667,0.21,0.507,0.656,0.613,0.492,0.211,0.32,0.16,0.404,0.988,0.383,0.159,0.14,0.554,0.815,0.538,0.43,0.265,0.618,0.597,0.676,0.729,0.463,0.373,0.403,0.429,0.613,0.624,0.32,0.382,0.623,0.387,0.411,0.743,0.707,0.667,0.637,0.186,0.148,0.343,0.143,0.435,0.629,0.354,0.368,0.366,0.743,0.18,0.167,0.631,0.252,0.281,0.292,0.288,0.167,0.532,0.525
31,0.211,0.507,0.657,0.614,0.491,0.211,0.32,0.16,0.404,0.988,0.394,0.16,0.14,0.553,0.815,0.539,0.43,0.266,0.617,0.598,0.675,0.729,0.463,0.374,0.402,0.429,0.613,0.624,0.322,0.382,0.623,0.387,0.411,0.742,0.707,0.667,0.638,0.187,0.148,0.343,0.143,0.435,0.629,0.355,0.369,0.366,0.744,0.181,0.167,0.63,0.251,0.281,0.293,0.289,0.167,0.532,0.525
31.08333333,0.212,0.507,0.657,0.613,0.491,0.212,0.32,0.16,0.404,0.988,0.402,0.159,0.141,0.551,0.816,0.539,0.431,0.266,0.617,0.598,0.675,0.729,0.464,0.374,0.402,0.428,0.613,0.625,0.323,0.383,0.623,0.388,0.411,0.741,0.707,0.666,0.64,0.188,0.148,0.343,0.143,0.436,0.629,0.355,0.369,0.366,0.743,0.181,0.167,0.629,0.251,0.282,0.293,0.289,0.167,0.532,0.525
31.16666667,0.212,0.508,0.656,0.613,0.491,0.212,0.32,0.16,0.404,0.988,0.4,0.161,0.141,0.549,0.815,0.539,0.431,0.267,0.617,0.599,0.675,0.73,0.464,0.374,0.402,0.428,0.614,0.624,0.325,0.383,0.623,0.388,0.412,0.741,0.706,0.666,0.642,0.189,0.148,0.344,0.144,0.436,0.629,0.355,0.369,0.367,0.742,0.182,0.167,0.629,0.251,0.283,0.293,0.29,0.167,0.532,0.525
31.25,0.213,0.508,0.657,0.613,0.491,0.213,0.321,0.16,0.404,0.988,0.402,0.17,0.141,0.548,0.816,0.539,0.431,0.268,0.617,0.599,0.675,0.73,0.465,0.374,0.402,0.428,0.614,0.624,0.326,0.383,0.622,0.389,0.412,0.74,0.706,0.666,0.643,0.19,0.148,0.344,0.144,0.436,0.629,0.356,0.37,0.367,0.743,0.182,0.167,0.629,0.251,0.284,0.293,0.291,0.168,0.532,0.525
31.33333333,0.214,0.508,0.656,0.613,0.49,0.214,0.321,0.16,0.405,0.988,0.4,0.168,0.141,0.546,0.816,0.539,0.432,0.269,0.617,0.599,0.675,0.731,0.465,0.375,0.401,0.428,0.614,0.624,0.328,0.384,0.622,0.389,0.412,0.74,0.706,0.666,0.643,0.19,0.148,0.344,0.145,0.437,0.629,0.356,0.37,0.367,0.742,0.182,0.167,0.629,0.251,0.284,0.293,0.291,0.168,0.532,0.525
31.41666667,0.214,0.508,0.655,0.613,0.49,0.214,0.321,0.16,0.405,0.988,0.4,0.162,0.141,0.545,0.816,0.538,0.431,0.269,0.617,0.599,0.675,0.731,0.466,0.375,0.401,0.427,0.613,0.624,0.329,0.384,0.622,0.389,0.412,0.739,0.707,0.665,0.643,0.191,0.148,0.344,0.145,0.436,0.628,0.356,0.371,0.367,0.741,0.183,0.168,0.629,0.251,0.285,0.293,0.292,0.168,0.532,0.525
31.5,0.215,0.508,0.655,0.613,0.49,0.215,0.321,0.161,0.405,0.988,0.408,0.174,0.141,0.544,0.816,0.538,0.432,0.27,0.617,0.6,0.675,0.732,0.466,0.375,0.401,0.427,0.614,0.624,0.331,0.385,0.622,0.39,0.412,0.739,0.707,0.666,0.643,0.192,0.148,0.345,0.145,0.437,0.628,0.357,0.371,0.368,0.741,0.183,0.168,0.628,0.251,0.286,0.292,0.293,0.168,0.532,0.525
31.58333333,0.216,0.509,0.655,0.613,0.489,0.216,0.321,0.161,0.405,0.988,0.529,0.166,0.141,0.543,0.816,0.538,0.432,0.27,0.617,0.6,0.675,0.732,0.467,0.376,0.401,0.427,0.614,0.624,0.332,0.385,0.622,0.39,0.411,0.739,0.707,0.666,0.642,0.193,0.148,0.345,0.145,0.437,0.628,0.357,0.372,0.368,0.741,0.184,0.168,0.628,0.251,0.287,0.293,0.293,0.168,0.532,0.524
31.66666667,0.217,0.509,0.657,0.613,0.489,0.216,0.322,0.161,0.406,0.988,0.543,0.16,0.142,0.542,0.817,0.539,0.432,0.271,0.617,0.601,0.675,0.733,0.467,0.376,0.401,0.427,0.614,0.624,0.334,0.386,0.622,0.39,0.409,0.737,0.706,0.665,0.643,0.193,0.148,0.346,0.146,0.438,0.629,0.357,0.372,0.369,0.741,0.184,0.168,0.628,0.252,0.288,0.293,0.294,0.169,0.532,0.524
31.75,0.217,0.509,0.655,0.613,0.489,0.217,0.322,0.161,0.406,0.988,0.536,0.157,0.142,0.542,0.817,0.539,0.432,0.272,0.617,0.602,0.675,0.734,0.467,0.376,0.401,0.427,0.614,0.624,0.336,0.386,0.622,0.391,0.408,0.737,0.707,0.665,0.642,0.194,0.148,0.346,0.146,0.438,0.631,0.357,0.373,0.369,0.741,0.185,0.168,0.628,0.251,0.288,0.293,0.295,0.169,0.532,0.524
31.83333333,0.218,0.51,0.656,0.613,0.489,0.218,0.322,0.161,0.407,0.988,0.558,0.158,0.142,0.541,0.817,0.539,0.433,0.273,0.617,0.603,0.675,0.734,0.468,0.377,0.4,0.427,0.614,0.624,0.337,0.386,0.621,0.391,0.408,0.737,0.706,0.665,0.642,0.195,0.149,0.347,0.147,0.438,0.634,0.358,0.373,0.369,0.741,0.185,0.168,0.628,0.251,0.289,0.293,0.296,0.169,0.533,0.524
31.91666667,0.218,0.51,0.655,0.613,0.488,0.218,0.323,0.161,0.407,0.988,0.566,0.159,0.142,0.54,0.819,0.539,0.433,0.273,0.617,0.604,0.675,0.734,0.468,0.376,0.4,0.426,0.614,0.624,0.338,0.387,0.621,0.391,0.409,0.736,0.707,0.665,0.642,0.196,0.149,0.347,0.147,0.439,0.636,0.358,0.374,0.369,0.74,0.185,0.169,0.628,0.251,0.29,0.293,0.296,0.169,0.532,0.524
32,0.219,0.51,0.656,0.613,0.488,0.219,0.323,0.161,0.407,0.988,0.603,0.16,0.142,0.539,0.818,0.539,0.433,0.274,0.617,0.604,0.674,0.736,0.469,0.377,0.4,0.426,0.615,0.624,0.339,0.387,0.621,0.392,0.409,0.736,0.707,0.665,0.642,0.197,0.149,0.347,0.148,0.439,0.636,0.359,0.374,0.37,0.74,0.186,0.169,0.628,0.251,0.291,0.293,0.297,0.17,0.533,0.524
32.08333333,0.22,0.51,0.656,0.613,0.488,0.22,0.323,0.161,0.407,0.987,0.464,0.157,0.143,0.538,0.818,0.539,0.433,0.274,0.617,0.605,0.674,0.736,0.469,0.377,0.4,0.426,0.615,0.624,0.34,0.388,0.621,0.392,0.409,0.735,0.707,0.665,0.642,0.197,0.149,0.348,0.148,0.439,0.636,0.359,0.374,0.37,0.74,0.186,0.169,0.628,0.251,0.291,0.293,0.298,0.17,0.532,0.524
32.16666667,0.221,0.511,0.655,0.613,0.487,0.22,0.323,0.161,0.407,0.988,0.453,0.158,0.143,0.537,0.818,0.539,0.433,0.275,0.617,0.604,0.674,0.736,0.469,0.377,0.4,0.426,0.615,0.624,0.341,0.388,0.62,0.393,0.41,0.735,0.707,0.665,0.642,0.199,0.149,0.348,0.148,0.44,0.636,0.359,0.375,0.37,0.74,0.187,0.169,0.628,0.251,0.292,0.293,0.298,0.17,0.533,0.524
32.25,0.221,0.511,0.655,0.613,0.487,0.221,0.324,0.161,0.407,0.987,0.457,0.158,0.143,0.536,0.819,0.539,0.434,0.276,0.616,0.605,0.673,0.737,0.47,0.378,0.399,0.426,0.615,0.624,0.341,0.388,0.62,0.393,0.41,0.735,0.706,0.665,0.641,0.199,0.149,0.348,0.149,0.44,0.635,0.36,0.375,0.37,0.739,0.187,0.169,0.627,0.251,0.293,0.293,0.299,0.17,0.533,0.524
32.33333333,0.222,0.511,0.656,0.613,0.487,0.222,0.324,0.162,0.408,0.987,0.466,0.164,0.143,0.536,0.819,0.539,0.434,0.276,0.616,0.605,0.673,0.737,0.471,0.378,0.399,0.426,0.616,0.624,0.342,0.389,0.621,0.394,0.41,0.735,0.706,0.664,0.642,0.2,0.149,0.349,0.149,0.44,0.635,0.36,0.376,0.371,0.739,0.188,0.169,0.626,0.251,0.293,0.293,0.3,0.171,0.533,0.524
32.41666667,0.223,0.512,0.655,0.613,0.486,0.222,0.324,0.162,0.407,0.987,0.458,0.157,0.143,0.535,0.819,0.539,0.435,0.277,0.616,0.606,0.673,0.738,0.471,0.378,0.399,0.425,0.616,0.624,0.343,0.389,0.62,0.394,0.41,0.734,0.706,0.665,0.642,0.201,0.149,0.35,0.149,0.441,0.635,0.36,0.376,0.371,0.739,0.188,0.169,0.627,0.251,0.294,0.293,0.301,0.171,0.533,0.523
32.5,0.224,0.512,0.655,0.613,0.486,0.223,0.325,0.162,0.408,0.987,0.455,0.157,0.144,0.534,0.819,0.539,0.435,0.278,0.616,0.606,0.673,0.738,0.471,0.378,0.399,0.425,0.616,0.623,0.344,0.39,0.62,0.395,0.41,0.733,0.705,0.664,0.641,0.202,0.149,0.35,0.15,0.441,0.634,0.361,0.377,0.371,0.739,0.189,0.17,0.626,0.251,0.294,0.293,0.301,0.171,0.533,0.523
32.58333333,0.224,0.512,0.657,0.612,0.486,0.223,0.325,0.162,0.408,0.987,0.459,0.166,0.144,0.534,0.82,0.539,0.435,0.278,0.616,0.607,0.672,0.738,0.472,0.379,0.399,0.425,0.616,0.624,0.344,0.39,0.62,0.395,0.41,0.732,0.705,0.663,0.641,0.203,0.15,0.35,0.15,0.441,0.634,0.361,0.377,0.372,0.738,0.189,0.17,0.625,0.251,0.295,0.293,0.302,0.171,0.533,0.523
32.66666667,0.225,0.512,0.657,0.612,0.486,0.224,0.325,0.162,0.409,0.987,0.453,0.161,0.144,0.533,0.82,0.539,0.436,0.279,0.616,0.608,0.672,0.739,0.472,0.379,0.399,0.425,0.616,0.624,0.345,0.391,0.62,0.396,0.411,0.732,0.705,0.663,0.641,0.204,0.15,0.351,0.151,0.442,0.633,0.361,0.377,0.372,0.738,0.19,0.17,0.625,0.251,0.295,0.293,0.302,0.171,0.533,0.523
32.75,0.225,0.513,0.657,0.612,0.485,0.225,0.325,0.162,0.409,0.987,0.456,0.172,0.144,0.533,0.82,0.539,0.436,0.28,0.616,0.608,0.671,0.74,0.473,0.379,0.399,0.425,0.616,0.624,0.346,0.391,0.62,0.396,0.411,0.732,0.705,0.663,0.641,0.205,0.15,0.351,0.151,0.442,0.633,0.362,0.378,0.372,0.738,0.19,0.17,0.625,0.251,0.296,0.293,0.303,0.172,0.533,0.522
32.83333333,0.226,0.513,0.656,0.613,0.485,0.226,0.326,0.162,0.409,0.987,0.457,0.172,0.144,0.532,0.821,0.539,0.436,0.28,0.616,0.609,0.671,0.74,0.473,0.38,0.398,0.425,0.616,0.624,0.346,0.392,0.619,0.397,0.411,0.732,0.705,0.663,0.641,0.205,0.15,0.351,0.152,0.442,0.633,0.362,0.378,0.373,0.738,0.191,0.17,0.625,0.251,0.296,0.293,0.304,0.172,0.534,0.523
32.91666667,0.227,0.513,0.655,0.612,0.485,0.226,0.326,0.162,0.409,0.987,0.474,0.158,0.144,0.531,0.82,0.539,0.436,0.281,0.616,0.609,0.671,0.741,0.473,0.38,0.398,0.424,0.616,0.624,0.346,0.392,0.619,0.397,0.412,0.731,0.706,0.663,0.64,0.206,0.15,0.352,0.152,0.442,0.632,0.362,0.379,0.373,0.737,0.191,0.17,0.624,0.251,0.297,0.293,0.305,0.172,0.534,0.523
33,0.228,0.513,0.654,0.612,0.485,0.227,0.326,0.163,0.41,0.987,0.463,0.156,0.145,0.531,0.821,0.539,0.436,0.282,0.616,0.609,0.671,0.741,0.474,0.38,0.398,0.424,0.617,0.624,0.347,0.392,0.618,0.397,0.412,0.731,0.707,0.663,0.64,0.207,0.15,0.352,0.153,0.443,0.632,0.362,0.379,0.373,0.737,0.192,0.171,0.624,0.251,0.297,0.293,0.305,0.172,0.534,0.523
33.08333333,0.229,0.514,0.655,0.613,0.484,0.228,0.327,0.163,0.41,0.987,0.457,0.156,0.145,0.53,0.821,0.539,0.437,0.282,0.617,0.61,0.67,0.743,0.474,0.38,0.398,0.424,0.617,0.623,0.347,0.393,0.618,0.398,0.412,0.731,0.709,0.663,0.64,0.208,0.15,0.353,0.153,0.443,0.632,0.363,0.379,0.373,0.738,0.192,0.171,0.625,0.251,0.298,0.293,0.306,0.172,0.534,0.522
33.16666667,0.229,0.514,0.655,0.612,0.484,0.229,0.327,0.163,0.41,0.986,0.454,0.156,0.145,0.529,0.821,0.539,0.437,0.283,0.616,0.609,0.67,0.743,0.475,0.38,0.397,0.424,0.617,0.624,0.348,0.393,0.618,0.398,0.412,0.731,0.71,0.663,0.64,0.209,0.15,0.353,0.154,0.444,0.632,0.363,0.38,0.374,0.737,0.193,0.171,0.625,0.251,0.298,0.293,0.307,0.173,0.534,0.523
33.25,0.23,0.514,0.655,0.612,0.484,0.229,0.327,0.163,0.41,0.986,0.462,0.16,0.145,0.529,0.822,0.539,0.437,0.284,0.616,0.61,0.67,0.744,0.475,0.381,0.397,0.423,0.617,0.624,0.348,0.394,0.618,0.399,0.412,0.73,0.712,0.663,0.64,0.21,0.15,0.353,0.154,0.444,0.632,0.363,0.38,0.374,0.738,0.193,0.171,0.624,0.251,0.299,0.293,0.307,0.173,0.534,0.522
33.33333333,0.231,0.515,0.656,0.612,0.483,0.23,0.328,0.163,0.41,0.986,0.456,0.162,0.146,0.528,0.822,0.539,0.437,0.284,0.616,0.611,0.669,0.746,0.476,0.381,0.397,0.423,0.618,0.623,0.349,0.394,0.618,0.399,0.413,0.73,0.713,0.663,0.64,0.211,0.15,0.354,0.155,0.444,0.632,0.364,0.38,0.374,0.737,0.194,0.171,0.624,0.25,0.3,0.293,0.308,0.173,0.534,0.522
33.41666667,0.232,0.515,0.655,0.612,0.483,0.231,0.328,0.163,0.411,0.986,0.466,0.163,0.146,0.528,0.822,0.539,0.438,0.285,0.616,0.611,0.669,0.751,0.476,0.381,0.397,0.423,0.617,0.623,0.349,0.395,0.617,0.399,0.413,0.729,0.713,0.662,0.639,0.212,0.151,0.354,0.155,0.445,0.631,0.364,0.381,0.375,0.737,0.195,0.172,0.624,0.251,0.3,0.293,0.309,0.173,0.534,0.522
33.5,0.233,0.515,0.656,0.612,0.483,0.232,0.328,0.163,0.411,0.986,0.463,0.163,0.146,0.527,0.822,0.539,0.438,0.285,0.616,0.612,0.668,0.754,0.477,0.381,0.397,0.423,0.618,0.623,0.35,0.395,0.617,0.4,0.413,0.729,0.713,0.662,0.639,0.213,0.15,0.355,0.156,0.445,0.631,0.364,0.381,0.375,0.737,0.195,0.172,0.623,0.251,0.3,0.293,0.309,0.174,0.534,0.522
33.58333333,0.233,0.515,0.657,0.612,0.483,0.232,0.328,0.163,0.411,0.986,0.458,0.161,0.147,0.527,0.822,0.539,0.438,0.286,0.616,0.613,0.668,0.754,0.477,0.382,0.397,0.423,0.618,0.623,0.35,0.395,0.617,0.4,0.413,0.728,0.713,0.662,0.64,0.214,0.151,0.355,0.156,0.445,0.631,0.365,0.382,0.375,0.737,0.196,0.172,0.623,0.251,0.301,0.294,0.31,0.174,0.535,0.522
33.66666667,0.234,0.515,0.657,0.612,0.483,0.233,0.329,0.164,0.411,0.986,0.457,0.163,0.147,0.526,0.823,0.54,0.439,0.287,0.616,0.614,0.668,0.753,0.477,0.382,0.396,0.423,0.618,0.623,0.351,0.396,0.617,0.401,0.414,0.728,0.713,0.662,0.64,0.215,0.151,0.356,0.157,0.446,0.631,0.365,0.382,0.376,0.737,0.196,0.172,0.623,0.251,0.301,0.293,0.311,0.174,0.535,0.522
33.75,0.235,0.515,0.658,0.612,0.482,0.234,0.329,0.164,0.411,0.986,0.458,0.165,0.147,0.526,0.823,0.539,0.439,0.287,0.616,0.614,0.667,0.753,0.478,0.382,0.396,0.423,0.618,0.623,0.351,0.396,0.617,0.401,0.414,0.727,0.713,0.661,0.64,0.216,0.151,0.356,0.157,0.446,0.63,0.365,0.383,0.376,0.737,0.197,0.172,0.622,0.25,0.302,0.293,0.312,0.174,0.535,0.521
33.83333333,0.236,0.516,0.658,0.612,0.482,0.234,0.329,0.164,0.412,0.986,0.457,0.17,0.148,0.525,0.823,0.539,0.439,0.288,0.616,0.614,0.667,0.753,0.478,0.382,0.396,0.422,0.619,0.623,0.352,0.397,0.617,0.402,0.414,0.727,0.713,0.661,0.64,0.217,0.151,0.356,0.158,0.446,0.631,0.366,0.383,0.376,0.737,0.198,0.172,0.622,0.25,0.302,0.293,0.313,0.175,0.535,0.521
33.91666667,0.237,0.516,0.658,0.612,0.482,0.235,0.329,0.164,0.412,0.986,0.46,0.161,0.148,0.525,0.823,0.539,0.44,0.289,0.616,0.614,0.667,0.752,0.479,0.383,0.396,0.422,0.619,0.623,0.352,0.397,0.617,0.402,0.414,0.727,0.713,0.661,0.639,0.218,0.151,0.357,0.158,0.446,0.63,0.366,0.383,0.376,0.736,0.198,0.172,0.622,0.25,0.302,0.293,0.313,0.175,0.535,0.521
34,0.237,0.516,0.656,0.611,0.481,0.236,0.33,0.164,0.412,0.986,0.459,0.166,0.148,0.524,0.824,0.539,0.44,0.289,0.616,0.614,0.667,0.751,0.479,0.383,0.396,0.422,0.619,0.623,0.352,0.397,0.616,0.402,0.414,0.727,0.714,0.662,0.639,0.219,0.151,0.357,0.159,0.447,0.63,0.366,0.383,0.376,0.736,0.199,0.172,0.622,0.25,0.302,0.293,0.314,0.175,0.535,0.521
34.08333333,0.238,0.516,0.657,0.611,0.481,0.237,0.33,0.164,0.413,0.986,0.456,0.163,0.148,0.524,0.824,0.54,0.44,0.29,0.616,0.614,0.666,0.75,0.48,0.383,0.395,0.422,0.619,0.623,0.353,0.398,0.617,0.403,0.415,0.726,0.713,0.661,0.639,0.22,0.152,0.358,0.159,0.447,0.63,0.367,0.384,0.377,0.736,0.2,0.173,0.621,0.25,0.303,0.293,0.315,0.175,0.535,0.521
34.16666667,0.239,0.516,0.658,0.611,0.481,0.237,0.33,0.164,0.413,0.985,0.456,0.166,0.148,0.523,0.825,0.54,0.441,0.291,0.616,0.615,0.666,0.75,0.48,0.383,0.395,0.422,0.619,0.623,0.353,0.398,0.616,0.403,0.414,0.726,0.714,0.661,0.639,0.221,0.151,0.358,0.16,0.448,0.629,0.367,0.384,0.377,0.736,0.2,0.173,0.621,0.25,0.303,0.293,0.315,0.176,0.536,0.521
34.25,0.24,0.517,0.658,0.611,0.48,0.238,0.331,0.165,0.413,0.985,0.459,0.175,0.149,0.523,0.825,0.54,0.441,0.291,0.616,0.615,0.666,0.75,0.48,0.384,0.395,0.421,0.619,0.623,0.354,0.399,0.616,0.404,0.415,0.726,0.714,0.661,0.639,0.222,0.152,0.359,0.161,0.448,0.629,0.367,0.385,0.377,0.735,0.201,0.173,0.621,0.25,0.304,0.293,0.316,0.176,0.536,0.52
34.33333333,0.241,0.517,0.658,0.611,0.48,0.238,0.331,0.165,0.413,0.985,0.455,0.17,0.149,0.523,0.825,0.54,0.441,0.292,0.616,0.616,0.665,0.75,0.481,0.384,0.395,0.421,0.62,0.622,0.354,0.399,0.616,0.404,0.415,0.725,0.713,0.661,0.639,0.223,0.152,0.359,0.161,0.449,0.629,0.368,0.385,0.378,0.736,0.202,0.173,0.621,0.25,0.304,0.293,0.317,0.176,0.536,0.52
34.41666667,0.241,0.518,0.657,0.61,0.48,0.239,0.331,0.165,0.413,0.985,0.456,0.164,0.15,0.522,0.825,0.54,0.441,0.292,0.616,0.616,0.666,0.75,0.481,0.384,0.395,0.421,0.62,0.622,0.354,0.399,0.616,0.404,0.416,0.725,0.714,0.661,0.638,0.224,0.152,0.359,0.162,0.449,0.629,0.368,0.385,0.378,0.734,0.202,0.173,0.621,0.25,0.304,0.293,0.317,0.176,0.536,0.52
34.5,0.242,0.517,0.657,0.61,0.48,0.24,0.332,0.165,0.413,0.985,0.455,0.16,0.15,0.522,0.825,0.54,0.442,0.293,0.616,0.617,0.665,0.75,0.482,0.385,0.395,0.421,0.62,0.622,0.355,0.4,0.615,0.405,0.416,0.725,0.713,0.66,0.638,0.225,0.152,0.36,0.162,0.449,0.628,0.368,0.386,0.378,0.735,0.203,0.174,0.621,0.25,0.304,0.293,0.318,0.177,0.536,0.52
34.58333333,0.243,0.518,0.657,0.61,0.479,0.241,0.332,0.165,0.414,0.985,0.457,0.167,0.15,0.521,0.825,0.54,0.442,0.294,0.616,0.618,0.665,0.751,0.482,0.385,0.394,0.421,0.62,0.622,0.355,0.401,0.615,0.405,0.416,0.725,0.714,0.661,0.638,0.226,0.152,0.36,0.163,0.449,0.628,0.372,0.386,0.378,0.734,0.204,0.174,0.621,0.25,0.305,0.293,0.319,0.177,0.536,0.52
34.66666667,0.244,0.518,0.657,0.61,0.479,0.242,0.332,0.165,0.414,0.985,0.452,0.166,0.151,0.521,0.826,0.54,0.442,0.294,0.616,0.619,0.665,0.751,0.482,0.385,0.394,0.42,0.62,0.622,0.356,0.401,0.615,0.405,0.416,0.724,0.714,0.66,0.638,0.227,0.152,0.361,0.164,0.45,0.628,0.376,0.386,0.379,0.734,0.204,0.174,0.621,0.25,0.305,0.293,0.319,0.177,0.536,0.52
34.75,0.245,0.518,0.657,0.609,0.479,0.242,0.332,0.165,0.414,0.985,0.452,0.161,0.151,0.52,0.826,0.54,0.442,0.295,0.616,0.619,0.665,0.751,0.483,0.385,0.394,0.42,0.62,0.622,0.356,0.401,0.615,0.406,0.416,0.724,0.714,0.66,0.638,0.228,0.152,0.361,0.164,0.45,0.628,0.376,0.386,0.379,0.734,0.205,0.174,0.621,0.25,0.305,0.293,0.32,0.177,0.536,0.52
34.83333333,0.246,0.518,0.657,0.61,0.479,0.244,0.333,0.165,0.414,0.985,0.451,0.159,0.151,0.52,0.826,0.54,0.442,0.296,0.616,0.619,0.664,0.751,0.483,0.385,0.394,0.42,0.62,0.622,0.357,0.402,0.614,0.406,0.417,0.724,0.714,0.66,0.637,0.229,0.152,0.362,0.165,0.45,0.628,0.376,0.387,0.379,0.734,0.206,0.174,0.621,0.25,0.306,0.293,0.321,0.178,0.536,0.519
34.91666667,0.247,0.518,0.657,0.612,0.478,0.244,0.333,0.166,0.414,0.984,0.453,0.163,0.152,0.519,0.826,0.54,0.442,0.296,0.616,0.619,0.664,0.751,0.484,0.386,0.394,0.42,0.62,0.622,0.357,0.402,0.614,0.407,0.417,0.723,0.714,0.66,0.638,0.23,0.153,0.362,0.166,0.451,0.628,0.377,0.387,0.38,0.734,0.207,0.174,0.62,0.25,0.306,0.293,0.321,0.178,0.536,0.519
35,0.248,0.519,0.657,0.613,0.478,0.245,0.334,0.166,0.415,0.985,0.452,0.162,0.152,0.519,0.827,0.54,0.443,0.297,0.616,0.619,0.664,0.751,0.484,0.386,0.393,0.42,0.62,0.622,0.358,0.402,0.615,0.407,0.417,0.723,0.714,0.66,0.637,0.231,0.153,0.363,0.166,0.451,0.627,0.378,0.388,0.38,0.734,0.207,0.175,0.62,0.25,0.306,0.293,0.322,0.178,0.537,0.519
35.08333333,0.249,0.519,0.657,0.614,0.478,0.246,0.334,0.166,0.415,0.985,0.451,0.16,0.153,0.519,0.827,0.541,0.443,0.297,0.616,0.619,0.664,0.752,0.484,0.386,0.393,0.42,0.621,0.622,0.358,0.403,0.615,0.407,0.417,0.723,0.714,0.663,0.637,0.232,0.153,0.363,0.167,0.452,0.627,0.379,0.388,0.38,0.734,0.208,0.175,0.62,0.25,0.307,0.293,0.323,0.179,0.537,0.519
35.16666667,0.25,0.519,0.657,0.615,0.477,0.247,0.334,0.166,0.415,0.984,0.457,0.164,0.153,0.518,0.827,0.541,0.443,0.298,0.616,0.62,0.663,0.752,0.484,0.386,0.393,0.419,0.621,0.622,0.359,0.403,0.614,0.408,0.417,0.723,0.713,0.665,0.637,0.233,0.153,0.363,0.168,0.452,0.628,0.379,0.389,0.381,0.733,0.209,0.175,0.619,0.25,0.307,0.293,0.323,0.179,0.537,0.519
35.25,0.251,0.52,0.658,0.615,0.478,0.248,0.335,0.166,0.416,0.984,0.458,0.168,0.153,0.518,0.828,0.541,0.444,0.299,0.617,0.62,0.663,0.752,0.486,0.387,0.393,0.42,0.622,0.622,0.359,0.404,0.615,0.408,0.417,0.722,0.713,0.667,0.637,0.235,0.153,0.364,0.168,0.452,0.627,0.38,0.389,0.381,0.734,0.21,0.175,0.619,0.25,0.307,0.294,0.324,0.179,0.537,0.519
35.33333333,0.251,0.52,0.658,0.615,0.477,0.249,0.335,0.166,0.416,0.984,0.458,0.163,0.154,0.518,0.828,0.541,0.444,0.299,0.616,0.621,0.663,0.752,0.486,0.387,0.392,0.419,0.621,0.622,0.36,0.404,0.614,0.409,0.418,0.721,0.713,0.667,0.637,0.236,0.153,0.364,0.169,0.453,0.627,0.381,0.389,0.381,0.733,0.211,0.175,0.619,0.25,0.307,0.293,0.325,0.179,0.537,0.518
35.41666667,0.252,0.52,0.657,0.615,0.477,0.249,0.335,0.167,0.416,0.984,0.459,0.163,0.154,0.517,0.828,0.542,0.444,0.3,0.617,0.621,0.663,0.752,0.486,0.387,0.392,0.419,0.621,0.622,0.36,0.404,0.614,0.409,0.418,0.721,0.713,0.668,0.637,0.236,0.153,0.365,0.17,0.453,0.627,0.381,0.389,0.381,0.733,0.212,0.175,0.62,0.25,0.308,0.293,0.325,0.18,0.537,0.518
35.5,0.253,0.52,0.658,0.615,0.477,0.25,0.335,0.167,0.416,0.984,0.46,0.163,0.155,0.517,0.829,0.544,0.444,0.3,0.617,0.622,0.662,0.752,0.486,0.387,0.392,0.419,0.622,0.622,0.361,0.405,0.614,0.409,0.418,0.721,0.713,0.667,0.638,0.238,0.153,0.365,0.171,0.454,0.625,0.382,0.39,0.382,0.733,0.213,0.175,0.62,0.25,0.308,0.293,0.326,0.18,0.537,0.518
35.58333333,0.254,0.521,0.659,0.615,0.476,0.251,0.336,0.167,0.416,0.984,0.462,0.162,0.155,0.516,0.829,0.546,0.445,0.301,0.617,0.623,0.662,0.752,0.487,0.388,0.392,0.419,0.622,0.622,0.361,0.405,0.615,0.41,0.419,0.721,0.713,0.668,0.64,0.239,0.154,0.366,0.171,0.454,0.626,0.382,0.39,0.382,0.733,0.214,0.176,0.621,0.249,0.308,0.293,0.327,0.18,0.538,0.518
35.66666667,0.255,0.527,0.659,0.615,0.476,0.252,0.336,0.167,0.416,0.984,0.465,0.162,0.156,0.516,0.829,0.546,0.445,0.302,0.617,0.624,0.662,0.752,0.487,0.388,0.392,0.419,0.623,0.622,0.362,0.406,0.615,0.41,0.419,0.72,0.713,0.668,0.64,0.24,0.154,0.366,0.172,0.454,0.625,0.383,0.391,0.382,0.733,0.215,0.176,0.623,0.249,0.308,0.293,0.328,0.181,0.538,0.518
35.75,0.256,0.528,0.658,0.615,0.476,0.253,0.336,0.167,0.417,0.984,0.463,0.163,0.156,0.516,0.83,0.546,0.445,0.302,0.618,0.625,0.661,0.752,0.488,0.388,0.392,0.418,0.623,0.622,0.362,0.406,0.614,0.411,0.419,0.72,0.713,0.668,0.64,0.241,0.154,0.366,0.173,0.455,0.625,0.383,0.391,0.383,0.733,0.216,0.176,0.623,0.249,0.308,0.293,0.328,0.181,0.538,0.518
35.83333333,0.258,0.53,0.659,0.614,0.475,0.254,0.337,0.167,0.417,0.984,0.464,0.169,0.157,0.515,0.83,0.546,0.446,0.303,0.617,0.624,0.661,0.752,0.488,0.389,0.392,0.418,0.623,0.621,0.363,0.406,0.615,0.411,0.419,0.72,0.713,0.668,0.641,0.242,0.154,0.367,0.174,0.455,0.625,0.384,0.392,0.383,0.733,0.217,0.176,0.623,0.25,0.309,0.293,0.329,0.181,0.538,0.517
35.91666667,0.259,0.531,0.659,0.614,0.475,0.255,0.337,0.167,0.417,0.984,0.468,0.174,0.157,0.515,0.83,0.546,0.446,0.303,0.617,0.624,0.661,0.752,0.489,0.389,0.392,0.418,0.623,0.621,0.363,0.407,0.615,0.411,0.419,0.719,0.712,0.668,0.641,0.243,0.154,0.367,0.174,0.456,0.624,0.384,0.392,0.383,0.732,0.217,0.177,0.623,0.249,0.309,0.293,0.33,0.181,0.538,0.517
36,0.259,0.532,0.658,0.614,0.475,0.256,0.337,0.167,0.417,0.984,0.467,0.161,0.158,0.515,0.83,0.546,0.446,0.304,0.617,0.624,0.661,0.752,0.489,0.389,0.391,0.418,0.623,0.621,0.363,0.407,0.614,0.412,0.42,0.72,0.713,0.668,0.64,0.244,0.154,0.368,0.175,0.456,0.624,0.385,0.392,0.383,0.732,0.218,0.177,0.624,0.25,0.309,0.293,0.33,0.182,0.538,0.517
36.08333333,0.26,0.533,0.657,0.614,0.475,0.256,0.338,0.168,0.417,0.984,0.466,0.164,0.158,0.515,0.83,0.546,0.446,0.305,0.617,0.624,0.661,0.752,0.49,0.389,0.391,0.418,0.622,0.621,0.364,0.407,0.614,0.412,0.42,0.72,0.713,0.668,0.64,0.245,0.154,0.369,0.176,0.456,0.624,0.385,0.393,0.383,0.732,0.219,0.177,0.624,0.249,0.309,0.293,0.331,0.182,0.538,0.517
36.16666667,0.262,0.534,0.658,0.613,0.474,0.257,0.338,0.168,0.417,0.984,0.467,0.162,0.159,0.514,0.83,0.546,0.446,0.305,0.617,0.624,0.661,0.752,0.49,0.389,0.391,0.418,0.623,0.621,0.364,0.408,0.614,0.412,0.42,0.719,0.713,0.668,0.64,0.246,0.154,0.368,0.177,0.456,0.624,0.385,0.393,0.384,0.731,0.22,0.177,0.624,0.249,0.309,0.293,0.332,0.182,0.539,0.517
36.25,0.263,0.535,0.657,0.613,0.474,0.258,0.338,0.168,0.418,0.984,0.465,0.161,0.159,0.513,0.83,0.546,0.446,0.306,0.617,0.624,0.66,0.752,0.49,0.39,0.391,0.417,0.623,0.621,0.365,0.408,0.613,0.413,0.421,0.72,0.713,0.669,0.64,0.248,0.154,0.369,0.177,0.457,0.624,0.386,0.394,0.384,0.731,0.221,0.177,0.624,0.249,0.309,0.293,0.332,0.183,0.539,0.517
36.33333333,0.264,0.536,0.658,0.613,0.474,0.259,0.339,0.168,0.418,0.984,0.469,0.166,0.16,0.513,0.831,0.547,0.446,0.306,0.618,0.625,0.66,0.752,0.491,0.39,0.39,0.417,0.623,0.621,0.366,0.409,0.614,0.413,0.421,0.719,0.713,0.669,0.641,0.249,0.154,0.37,0.178,0.457,0.623,0.386,0.394,0.385,0.732,0.222,0.177,0.624,0.249,0.309,0.293,0.333,0.183,0.539,0.517
36.41666667,0.265,0.537,0.658,0.613,0.474,0.26,0.339,0.168,0.419,0.983,0.469,0.176,0.161,0.513,0.831,0.547,0.447,0.307,0.618,0.625,0.66,0.752,0.491,0.39,0.39,0.417,0.623,0.621,0.366,0.409,0.614,0.414,0.422,0.72,0.713,0.669,0.642,0.25,0.154,0.37,0.179,0.457,0.623,0.386,0.394,0.385,0.731,0.224,0.178,0.624,0.249,0.309,0.293,0.334,0.183,0.539,0.516
36.5,0.266,0.538,0.658,0.613,0.473,0.261,0.339,0.168,0.419,0.984,0.47,0.173,0.161,0.512,0.831,0.547,0.447,0.307,0.617,0.626,0.66,0.752,0.491,0.391,0.39,0.417,0.623,0.621,0.366,0.41,0.613,0.414,0.421,0.722,0.713,0.67,0.643,0.251,0.155,0.37,0.18,0.458,0.623,0.386,0.394,0.385,0.731,0.225,0.178,0.624,0.249,0.31,0.293,0.335,0.183,0.539,0.516
36.58333333,0.267,0.539,0.658,0.613,0.474,0.262,0.34,0.168,0.419,0.984,0.47,0.172,0.162,0.512,0.832,0.547,0.447,0.308,0.618,0.627,0.66,0.752,0.492,0.391,0.39,0.417,0.623,0.621,0.367,0.41,0.613,0.414,0.422,0.725,0.713,0.67,0.643,0.252,0.155,0.371,0.181,0.458,0.622,0.386,0.395,0.385,0.731,0.226,0.178,0.624,0.249,0.31,0.293,0.335,0.184,0.539,0.516
36.66666667,0.268,0.54,0.658,0.613,0.473,0.263,0.34,0.169,0.419,0.984,0.466,0.165,0.162,0.512,0.832,0.547,0.447,0.308,0.618,0.628,0.659,0.752,0.492,0.391,0.39,0.416,0.624,0.621,0.367,0.41,0.613,0.415,0.422,0.727,0.713,0.67,0.644,0.253,0.155,0.371,0.182,0.458,0.622,0.387,0.395,0.385,0.731,0.227,0.178,0.625,0.249,0.31,0.293,0.336,0.184,0.54,0.516
36.75,0.269,0.54,0.658,0.613,0.473,0.264,0.34,0.169,0.419,0.984,0.47,0.171,0.163,0.512,0.832,0.547,0.447,0.309,0.618,0.628,0.659,0.752,0.492,0.391,0.39,0.416,0.624,0.621,0.368,0.41,0.613,0.415,0.422,0.728,0.713,0.671,0.644,0.254,0.155,0.372,0.183,0.459,0.622,0.387,0.396,0.386,0.731,0.228,0.178,0.625,0.249,0.31,0.293,0.337,0.185,0.54,0.516
36.83333333,0.27,0.541,0.659,0.613,0.473,0.265,0.341,0.169,0.419,0.984,0.469,0.17,0.163,0.511,0.833,0.548,0.448,0.31,0.618,0.629,0.659,0.753,0.493,0.392,0.389,0.416,0.624,0.621,0.369,0.411,0.614,0.416,0.422,0.728,0.713,0.671,0.644,0.255,0.155,0.372,0.184,0.459,0.622,0.387,0.396,0.386,0.731,0.229,0.178,0.625,0.249,0.31,0.293,0.337,0.185,0.54,0.516
36.91666667,0.271,0.541,0.66,0.613,0.472,0.265,0.341,0.169,0.419,0.984,0.469,0.187,0.164,0.512,0.833,0.548,0.448,0.31,0.618,0.629,0.659,0.753,0.493,0.391,0.389,0.416,0.625,0.621,0.369,0.411,0.614,0.416,0.422,0.728,0.713,0.671,0.644,0.257,0.155,0.372,0.185,0.46,0.622,0.387,0.397,0.386,0.732,0.23,0.179,0.625,0.249,0.311,0.293,0.338,0.185,0.54,0.515
37,0.272,0.542,0.661,0.612,0.472,0.266,0.341,0.169,0.419,0.984,0.468,0.184,0.165,0.513,0.833,0.549,0.448,0.311,0.618,0.629,0.658,0.753,0.494,0.392,0.389,0.416,0.625,0.621,0.369,0.412,0.614,0.417,0.422,0.728,0.713,0.672,0.644,0.258,0.155,0.373,0.186,0.46,0.622,0.388,0.397,0.387,0.731,0.231,0.179,0.625,0.249,0.311,0.293,0.339,0.185,0.54,0.515
37.08333333,0.273,0.542,0.661,0.612,0.472,0.267,0.342,0.169,0.42,0.984,0.469,0.17,0.165,0.512,0.834,0.549,0.448,0.311,0.619,0.629,0.658,0.753,0.494,0.392,0.389,0.416,0.625,0.621,0.37,0.412,0.613,0.417,0.423,0.727,0.713,0.672,0.644,0.259,0.155,0.373,0.187,0.461,0.622,0.387,0.397,0.387,0.731,0.233,0.179,0.625,0.249,0.311,0.293,0.34,0.186,0.54,0.515
37.16666667,0.273,0.543,0.661,0.612,0.472,0.268,0.342,0.17,0.42,0.984,0.467,0.174,0.166,0.512,0.834,0.549,0.449,0.312,0.619,0.629,0.658,0.753,0.495,0.392,0.389,0.416,0.625,0.62,0.37,0.412,0.613,0.417,0.423,0.727,0.713,0.672,0.644,0.26,0.156,0.374,0.188,0.461,0.621,0.388,0.397,0.387,0.731,0.234,0.179,0.625,0.249,0.311,0.293,0.34,0.186,0.54,0.515
37.25,0.275,0.543,0.662,0.612,0.471,0.269,0.343,0.17,0.42,0.984,0.467,0.168,0.167,0.511,0.834,0.548,0.449,0.313,0.619,0.629,0.658,0.753,0.495,0.393,0.389,0.415,0.625,0.62,0.371,0.413,0.613,0.418,0.423,0.726,0.713,0.672,0.643,0.261,0.156,0.374,0.189,0.461,0.621,0.388,0.398,0.387,0.731,0.235,0.179,0.624,0.249,0.311,0.293,0.341,0.187,0.541,0.515
37.33333333,0.275,0.543,0.662,0.612,0.471,0.27,0.343,0.17,0.42,0.984,0.47,0.17,0.167,0.511,0.834,0.549,0.449,0.313,0.62,0.629,0.658,0.753,0.495,0.393,0.388,0.415,0.625,0.62,0.372,0.413,0.613,0.418,0.423,0.726,0.713,0.673,0.643,0.262,0.156,0.375,0.19,0.461,0.622,0.388,0.398,0.388,0.731,0.236,0.18,0.624,0.249,0.311,0.295,0.342,0.187,0.54,0.514
37.41666667,0.276,0.543,0.663,0.612,0.471,0.272,0.343,0.17,0.421,0.984,0.482,0.17,0.168,0.51,0.835,0.549,0.449,0.314,0.619,0.63,0.657,0.753,0.496,0.393,0.388,0.415,0.625,0.62,0.372,0.414,0.613,0.419,0.424,0.725,0.712,0.672,0.643,0.264,0.156,0.375,0.191,0.462,0.621,0.388,0.399,0.388,0.731,0.237,0.18,0.625,0.249,0.311,0.295,0.342,0.187,0.541,0.514
37.5,0.277,0.544,0.664,0.612,0.471,0.272,0.343,0.17,0.421,0.984,0.483,0.176,0.169,0.51,0.835,0.549,0.449,0.314,0.619,0.63,0.657,0.753,0.496,0.393,0.388,0.415,0.625,0.62,0.373,0.414,0.613,0.419,0.424,0.724,0.712,0.672,0.643,0.265,0.156,0.375,0.192,0.462,0.621,0.388,0.4,0.389,0.731,0.238,0.18,0.624,0.248,0.311,0.295,0.343,0.188,0.541,0.514
37.58333333,0.278,0.544,0.664,0.612,0.47,0.273,0.343,0.171,0.421,0.984,0.486,0.178,0.17,0.51,0.835,0.549,0.45,0.315,0.619,0.631,0.657,0.753,0.496,0.394,0.388,0.415,0.625,0.62,0.373,0.414,0.614,0.42,0.424,0.724,0.712,0.672,0.643,0.266,0.156,0.376,0.193,0.462,0.621,0.388,0.399,0.389,0.73,0.24,0.18,0.624,0.249,0.311,0.295,0.344,0.188,0.541,0.514
37.66666667,0.278,0.544,0.663,0.611,0.47,0.274,0.343,0.171,0.421,0.984,0.484,0.181,0.17,0.51,0.835,0.549,0.45,0.315,0.618,0.631,0.657,0.753,0.497,0.394,0.388,0.415,0.626,0.62,0.374,0.415,0.613,0.42,0.424,0.724,0.712,0.673,0.642,0.267,0.157,0.376,0.194,0.463,0.621,0.388,0.4,0.389,0.73,0.241,0.18,0.624,0.248,0.312,0.295,0.344,0.188,0.541,0.514
37.75,0.279,0.544,0.663,0.611,0.47,0.275,0.344,0.171,0.422,0.984,0.485,0.198,0.171,0.509,0.836,0.549,0.45,0.316,0.618,0.632,0.657,0.753,0.498,0.394,0.388,0.415,0.629,0.62,0.374,0.415,0.613,0.42,0.424,0.724,0.712,0.673,0.642,0.268,0.157,0.376,0.195,0.463,0.62,0.388,0.4,0.389,0.73,0.242,0.181,0.624,0.248,0.312,0.295,0.345,0.189,0.541,0.513
37.83333333,0.28,0.544,0.664,0.611,0.47,0.276,0.344,0.171,0.422,0.984,0.482,0.177,0.172,0.509,0.836,0.549,0.451,0.317,0.618,0.633,0.657,0.753,0.498,0.395,0.388,0.415,0.632,0.62,0.375,0.416,0.613,0.42,0.425,0.723,0.712,0.673,0.642,0.27,0.157,0.377,0.196,0.464,0.62,0.388,0.4,0.39,0.73,0.243,0.181,0.624,0.248,0.312,0.295,0.346,0.189,0.541,0.513
37.91666667,0.28,0.544,0.664,0.611,0.469,0.277,0.344,0.171,0.422,0.984,0.481,0.187,0.172,0.508,0.837,0.549,0.451,0.317,0.618,0.633,0.656,0.753,0.498,0.395,0.387,0.414,0.634,0.62,0.375,0.416,0.613,0.421,0.425,0.723,0.712,0.673,0.641,0.271,0.157,0.377,0.197,0.467,0.621,0.388,0.401,0.39,0.73,0.245,0.181,0.624,0.248,0.312,0.295,0.346,0.189,0.541,0.513
38,0.281,0.544,0.663,0.611,0.469,0.278,0.344,0.171,0.422,0.984,0.485,0.166,0.173,0.508,0.837,0.549,0.451,0.317,0.618,0.633,0.656,0.753,0.498,0.395,0.387,0.414,0.636,0.62,0.375,0.416,0.612,0.421,0.425,0.722,0.712,0.673,0.64,0.272,0.157,0.378,0.199,0.467,0.62,0.388,0.401,0.39,0.729,0.246,0.181,0.623,0.248,0.312,0.295,0.347,0.189,0.542,0.513
38.08333333,0.282,0.544,0.663,0.61,0.469,0.279,0.345,0.171,0.422,0.984,0.483,0.166,0.174,0.508,0.837,0.549,0.451,0.318,0.618,0.633,0.656,0.753,0.499,0.395,0.387,0.414,0.638,0.62,0.376,0.417,0.612,0.421,0.425,0.722,0.712,0.673,0.64,0.273,0.157,0.378,0.2,0.466,0.62,0.388,0.402,0.39,0.729,0.247,0.181,0.624,0.248,0.312,0.295,0.348,0.19,0.542,0.513
38.16666667,0.283,0.544,0.664,0.61,0.469,0.28,0.345,0.172,0.422,0.984,0.483,0.176,0.175,0.507,0.838,0.55,0.452,0.319,0.619,0.633,0.657,0.753,0.5,0.395,0.387,0.414,0.639,0.62,0.376,0.417,0.612,0.422,0.426,0.722,0.712,0.674,0.64,0.275,0.157,0.379,0.201,0.466,0.621,0.388,0.402,0.391,0.729,0.248,0.181,0.623,0.248,0.312,0.295,0.348,0.19,0.542,0.513
38.25,0.284,0.544,0.664,0.61,0.468,0.281,0.345,0.172,0.422,0.984,0.477,0.168,0.176,0.51,0.839,0.55,0.452,0.319,0.619,0.633,0.657,0.753,0.5,0.396,0.387,0.414,0.64,0.62,0.377,0.418,0.612,0.422,0.426,0.721,0.712,0.674,0.64,0.276,0.157,0.379,0.202,0.466,0.62,0.388,0.402,0.391,0.729,0.249,0.182,0.623,0.248,0.312,0.294,0.349,0.191,0.542,0.513
38.33333333,0.284,0.544,0.664,0.611,0.468,0.281,0.346,0.172,0.423,0.984,0.485,0.164,0.177,0.513,0.839,0.55,0.452,0.32,0.619,0.633,0.657,0.753,0.5,0.396,0.387,0.414,0.641,0.619,0.378,0.418,0.612,0.423,0.426,0.721,0.712,0.674,0.639,0.277,0.158,0.38,0.203,0.466,0.62,0.388,0.402,0.391,0.729,0.251,0.182,0.623,0.248,0.312,0.295,0.35,0.191,0.543,0.513
38.41666667,0.285,0.544,0.665,0.611,0.468,0.282,0.346,0.172,0.423,0.984,0.485,0.172,0.177,0.513,0.839,0.551,0.452,0.321,0.619,0.634,0.657,0.754,0.501,0.396,0.386,0.414,0.642,0.619,0.378,0.418,0.612,0.423,0.426,0.721,0.712,0.674,0.64,0.279,0.158,0.38,0.205,0.466,0.62,0.388,0.403,0.392,0.729,0.252,0.182,0.624,0.248,0.313,0.294,0.351,0.191,0.543,0.513
38.5,0.285,0.544,0.665,0.61,0.468,0.283,0.346,0.172,0.423,0.984,0.488,0.165,0.178,0.513,0.84,0.551,0.452,0.321,0.619,0.634,0.657,0.754,0.501,0.396,0.386,0.413,0.642,0.619,0.378,0.419,0.612,0.423,0.427,0.72,0.712,0.675,0.639,0.28,0.158,0.38,0.206,0.466,0.62,0.388,0.403,0.392,0.729,0.253,0.182,0.623,0.248,0.313,0.294,0.351,0.192,0.542,0.512
38.58333333,0.286,0.544,0.665,0.61,0.467,0.284,0.347,0.172,0.423,0.984,0.485,0.169,0.179,0.513,0.84,0.551,0.452,0.321,0.619,0.634,0.656,0.753,0.501,0.396,0.386,0.413,0.642,0.619,0.379,0.419,0.612,0.424,0.427,0.719,0.712,0.674,0.638,0.281,0.158,0.38,0.207,0.466,0.62,0.387,0.404,0.392,0.729,0.254,0.182,0.623,0.248,0.313,0.294,0.352,0.192,0.543,0.512
38.66666667,0.287,0.544,0.665,0.61,0.467,0.285,0.347,0.173,0.423,0.984,0.482,0.171,0.18,0.513,0.84,0.553,0.453,0.322,0.62,0.635,0.657,0.753,0.502,0.397,0.386,0.413,0.642,0.619,0.379,0.419,0.612,0.424,0.427,0.719,0.712,0.674,0.638,0.282,0.158,0.381,0.208,0.466,0.62,0.387,0.404,0.393,0.729,0.256,0.183,0.623,0.248,0.313,0.294,0.353,0.192,0.543,0.512
38.75,0.287,0.544,0.665,0.61,0.467,0.286,0.347,0.173,0.424,0.984,0.476,0.165,0.181,0.513,0.841,0.556,0.453,0.322,0.62,0.635,0.657,0.754,0.502,0.397,0.386,0.413,0.642,0.619,0.38,0.42,0.612,0.424,0.427,0.719,0.712,0.674,0.638,0.284,0.159,0.381,0.21,0.467,0.621,0.387,0.405,0.393,0.728,0.257,0.183,0.623,0.248,0.313,0.294,0.353,0.193,0.543,0.512
38.83333333,0.287,0.544,0.665,0.61,0.467,0.288,0.348,0.173,0.424,0.984,0.484,0.176,0.182,0.513,0.84,0.557,0.453,0.323,0.62,0.636,0.657,0.754,0.503,0.397,0.386,0.413,0.643,0.619,0.38,0.42,0.612,0.425,0.427,0.719,0.712,0.675,0.638,0.285,0.159,0.381,0.211,0.467,0.62,0.387,0.405,0.393,0.729,0.258,0.183,0.623,0.248,0.313,0.294,0.354,0.193,0.543,0.512
38.91666667,0.288,0.544,0.666,0.61,0.466,0.288,0.348,0.173,0.424,0.984,0.483,0.173,0.183,0.513,0.841,0.559,0.453,0.324,0.62,0.638,0.657,0.754,0.503,0.398,0.386,0.412,0.643,0.619,0.381,0.42,0.612,0.425,0.428,0.718,0.712,0.674,0.637,0.286,0.159,0.382,0.212,0.468,0.62,0.387,0.405,0.393,0.729,0.259,0.183,0.623,0.248,0.314,0.294,0.354,0.193,0.543,0.512
39,0.288,0.544,0.666,0.61,0.466,0.289,0.348,0.173,0.424,0.984,0.481,0.178,0.184,0.513,0.841,0.559,0.454,0.324,0.62,0.64,0.657,0.754,0.503,0.397,0.386,0.413,0.643,0.619,0.381,0.421,0.612,0.426,0.428,0.717,0.712,0.674,0.637,0.288,0.159,0.382,0.214,0.468,0.619,0.387,0.405,0.394,0.729,0.261,0.183,0.623,0.248,0.313,0.294,0.355,0.194,0.544,0.511
39.08333333,0.288,0.544,0.666,0.61,0.466,0.29,0.348,0.173,0.424,0.984,0.481,0.181,0.185,0.512,0.842,0.56,0.454,0.325,0.621,0.642,0.657,0.754,0.504,0.398,0.385,0.412,0.644,0.619,0.382,0.421,0.612,0.426,0.428,0.717,0.711,0.673,0.637,0.289,0.159,0.383,0.215,0.469,0.62,0.387,0.405,0.394,0.729,0.262,0.184,0.623,0.248,0.313,0.294,0.356,0.194,0.544,0.511
39.16666667,0.288,0.543,0.667,0.61,0.466,0.292,0.349,0.174,0.425,0.984,0.48,0.179,0.186,0.513,0.843,0.561,0.454,0.325,0.621,0.642,0.656,0.754,0.504,0.398,0.386,0.412,0.644,0.619,0.383,0.421,0.612,0.427,0.428,0.716,0.712,0.673,0.636,0.291,0.16,0.383,0.216,0.469,0.62,0.386,0.406,0.395,0.73,0.263,0.184,0.623,0.248,0.314,0.294,0.357,0.195,0.544,0.511
39.25,0.289,0.543,0.667,0.61,0.466,0.293,0.349,0.174,0.425,0.984,0.482,0.193,0.187,0.512,0.843,0.562,0.454,0.326,0.621,0.642,0.656,0.754,0.505,0.398,0.385,0.412,0.644,0.619,0.383,0.422,0.612,0.427,0.428,0.716,0.711,0.674,0.636,0.292,0.16,0.384,0.218,0.469,0.619,0.386,0.406,0.395,0.729,0.265,0.184,0.623,0.248,0.313,0.294,0.357,0.195,0.544,0.511
39.33333333,0.289,0.543,0.667,0.61,0.465,0.294,0.349,0.174,0.425,0.984,0.483,0.182,0.188,0.512,0.844,0.562,0.454,0.326,0.621,0.643,0.656,0.754,0.505,0.399,0.385,0.412,0.644,0.619,0.383,0.422,0.612,0.428,0.429,0.716,0.711,0.676,0.636,0.293,0.16,0.384,0.219,0.47,0.619,0.386,0.407,0.395,0.73,0.266,0.184,0.623,0.248,0.314,0.294,0.358,0.195,0.544,0.511
39.41666667,0.29,0.543,0.667,0.609,0.465,0.295,0.349,0.174,0.425,0.984,0.482,0.193,0.189,0.512,0.844,0.562,0.455,0.327,0.622,0.642,0.656,0.754,0.505,0.399,0.385,0.412,0.644,0.619,0.384,0.422,0.612,0.428,0.429,0.715,0.712,0.678,0.636,0.295,0.16,0.384,0.22,0.47,0.62,0.386,0.408,0.396,0.73,0.267,0.184,0.623,0.248,0.315,0.294,0.359,0.195,0.544,0.51
39.5,0.293,0.543,0.666,0.609,0.465,0.296,0.35,0.174,0.425,0.984,0.486,0.165,0.19,0.512,0.843,0.562,0.455,0.327,0.622,0.642,0.656,0.754,0.506,0.399,0.385,0.411,0.644,0.619,0.384,0.423,0.612,0.428,0.429,0.715,0.712,0.68,0.635,0.296,0.16,0.385,0.222,0.47,0.619,0.386,0.408,0.395,0.73,0.268,0.185,0.622,0.248,0.314,0.294,0.36,0.196,0.544,0.51
39.58333333,0.292,0.543,0.666,0.609,0.464,0.296,0.35,0.175,0.425,0.984,0.487,0.171,0.191,0.512,0.844,0.563,0.455,0.328,0.622,0.641,0.656,0.754,0.506,0.4,0.384,0.411,0.645,0.619,0.385,0.423,0.611,0.428,0.429,0.714,0.711,0.681,0.635,0.297,0.16,0.385,0.223,0.47,0.619,0.386,0.407,0.396,0.733,0.27,0.184,0.622,0.247,0.314,0.294,0.36,0.196,0.544,0.51
39.66666667,0.292,0.543,0.667,0.609,0.464,0.298,0.35,0.175,0.425,0.985,0.482,0.165,0.193,0.511,0.844,0.563,0.455,0.328,0.622,0.641,0.656,0.754,0.507,0.4,0.384,0.411,0.645,0.619,0.385,0.423,0.612,0.429,0.429,0.714,0.711,0.681,0.635,0.299,0.16,0.385,0.225,0.471,0.619,0.385,0.408,0.396,0.736,0.271,0.185,0.622,0.247,0.313,0.294,0.361,0.196,0.545,0.51
39.75,0.293,0.543,0.667,0.609,0.464,0.299,0.35,0.175,0.426,0.985,0.485,0.166,0.194,0.511,0.844,0.563,0.455,0.329,0.622,0.642,0.657,0.754,0.507,0.4,0.384,0.411,0.645,0.619,0.385,0.424,0.612,0.429,0.43,0.714,0.711,0.681,0.634,0.3,0.161,0.386,0.226,0.471,0.619,0.385,0.408,0.396,0.738,0.273,0.185,0.622,0.248,0.314,0.294,0.361,0.197,0.545,0.51
39.83333333,0.293,0.542,0.668,0.609,0.464,0.3,0.351,0.175,0.426,0.985,0.483,0.17,0.195,0.511,0.845,0.564,0.456,0.329,0.622,0.642,0.656,0.755,0.507,0.4,0.384,0.411,0.645,0.618,0.386,0.424,0.612,0.43,0.43,0.713,0.712,0.681,0.635,0.302,0.161,0.386,0.228,0.472,0.619,0.385,0.408,0.397,0.741,0.274,0.185,0.622,0.248,0.314,0.293,0.362,0.197,0.545,0.51
39.91666667,0.293,0.542,0.667,0.609,0.463,0.301,0.351,0.176,0.426,0.985,0.485,0.173,0.196,0.511,0.845,0.563,0.456,0.33,0.622,0.642,0.657,0.755,0.508,0.4,0.384,0.411,0.645,0.618,0.386,0.424,0.612,0.43,0.43,0.713,0.712,0.681,0.634,0.303,0.161,0.386,0.228,0.472,0.619,0.385,0.409,0.397,0.742,0.276,0.185,0.623,0.247,0.315,0.293,0.363,0.198,0.545,0.51
40,0.293,0.543,0.669,0.609,0.463,0.302,0.352,0.176,0.426,0.985,0.484,0.195,0.198,0.511,0.846,0.564,0.456,0.331,0.622,0.643,0.656,0.755,0.508,0.401,0.384,0.411,0.646,0.618,0.387,0.425,0.612,0.43,0.43,0.713,0.711,0.681,0.634,0.305,0.161,0.387,0.229,0.473,0.619,0.385,0.41,0.397,0.743,0.277,0.186,0.623,0.247,0.315,0.293,0.364,0.198,0.545,0.509
40.08333333,0.293,0.542,0.668,0.609,0.463,0.303,0.352,0.176,0.427,0.985,0.483,0.167,0.199,0.511,0.846,0.564,0.456,0.332,0.622,0.643,0.656,0.755,0.509,0.401,0.384,0.411,0.646,0.618,0.388,0.425,0.612,0.431,0.431,0.715,0.712,0.681,0.634,0.306,0.162,0.387,0.23,0.473,0.62,0.385,0.41,0.398,0.743,0.279,0.186,0.623,0.247,0.319,0.294,0.364,0.198,0.545,0.509
40.16666667,0.293,0.542,0.668,0.609,0.462,0.304,0.352,0.176,0.427,0.985,0.484,0.167,0.2,0.511,0.846,0.563,0.456,0.331,0.622,0.644,0.656,0.755,0.509,0.401,0.383,0.411,0.646,0.618,0.388,0.425,0.611,0.431,0.431,0.716,0.712,0.68,0.634,0.308,0.162,0.388,0.231,0.473,0.62,0.384,0.41,0.398,0.743,0.28,0.186,0.623,0.247,0.319,0.293,0.365,0.199,0.545,0.509
40.25,0.293,0.542,0.669,0.609,0.462,0.305,0.352,0.176,0.427,0.985,0.482,0.171,0.202,0.511,0.847,0.564,0.457,0.332,0.623,0.644,0.656,0.755,0.51,0.401,0.384,0.411,0.646,0.618,0.388,0.426,0.612,0.432,0.431,0.716,0.711,0.68,0.634,0.309,0.162,0.388,0.232,0.473,0.619,0.384,0.411,0.398,0.743,0.281,0.186,0.623,0.247,0.319,0.293,0.366,0.199,0.546,0.509
40.33333333,0.293,0.542,0.669,0.609,0.462,0.306,0.353,0.176,0.427,0.985,0.485,0.171,0.203,0.511,0.847,0.564,0.457,0.333,0.623,0.645,0.656,0.755,0.51,0.402,0.383,0.41,0.646,0.618,0.389,0.426,0.612,0.432,0.431,0.716,0.711,0.68,0.634,0.311,0.162,0.388,0.233,0.474,0.619,0.384,0.41,0.399,0.743,0.283,0.186,0.623,0.247,0.319,0.293,0.366,0.199,0.546,0.509
40.41666667,0.293,0.542,0.669,0.609,0.462,0.307,0.353,0.177,0.427,0.985,0.486,0.184,0.204,0.511,0.848,0.564,0.457,0.333,0.623,0.645,0.656,0.755,0.51,0.402,0.383,0.41,0.647,0.618,0.389,0.427,0.612,0.432,0.432,0.715,0.711,0.68,0.634,0.312,0.162,0.389,0.233,0.474,0.619,0.384,0.411,0.399,0.742,0.284,0.187,0.623,0.247,0.319,0.293,0.367,0.2,0.546,0.509
40.5,0.293,0.542,0.669,0.609,0.462,0.308,0.353,0.177,0.427,0.985,0.485,0.188,0.205,0.51,0.848,0.563,0.457,0.334,0.623,0.645,0.657,0.755,0.51,0.402,0.383,0.41,0.646,0.618,0.39,0.427,0.612,0.433,0.432,0.715,0.712,0.68,0.633,0.314,0.162,0.389,0.234,0.474,0.619,0.384,0.411,0.399,0.742,0.286,0.186,0.623,0.247,0.32,0.293,0.368,0.2,0.546,0.509
40.58333333,0.293,0.541,0.669,0.609,0.462,0.309,0.353,0.177,0.428,0.985,0.481,0.183,0.207,0.51,0.848,0.564,0.458,0.334,0.623,0.646,0.656,0.755,0.511,0.403,0.383,0.41,0.647,0.618,0.39,0.427,0.612,0.433,0.432,0.714,0.712,0.679,0.633,0.315,0.163,0.39,0.234,0.474,0.619,0.384,0.411,0.399,0.742,0.287,0.187,0.623,0.247,0.319,0.293,0.368,0.2,0.546,0.508
40.66666667,0.293,0.541,0.67,0.609,0.461,0.31,0.353,0.177,0.428,0.986,0.479,0.178,0.208,0.51,0.849,0.563,0.458,0.335,0.624,0.646,0.656,0.756,0.511,0.403,0.383,0.41,0.647,0.618,0.39,0.427,0.612,0.433,0.432,0.713,0.711,0.679,0.633,0.317,0.163,0.39,0.235,0.475,0.619,0.384,0.412,0.4,0.742,0.288,0.187,0.623,0.247,0.319,0.293,0.369,0.201,0.546,0.508
40.75,0.292,0.542,0.671,0.609,0.461,0.311,0.354,0.177,0.428,0.986,0.484,0.183,0.21,0.51,0.849,0.564,0.458,0.335,0.624,0.646,0.656,0.756,0.511,0.403,0.383,0.41,0.647,0.618,0.391,0.428,0.612,0.434,0.433,0.712,0.711,0.679,0.633,0.318,0.163,0.39,0.236,0.476,0.619,0.384,0.413,0.4,0.741,0.29,0.188,0.622,0.247,0.32,0.293,0.369,0.201,0.546,0.508
40.83333333,0.292,0.541,0.669,0.608,0.461,0.312,0.354,0.177,0.428,0.985,0.483,0.172,0.211,0.509,0.849,0.563,0.458,0.335,0.624,0.646,0.656,0.755,0.512,0.403,0.382,0.409,0.646,0.618,0.391,0.428,0.611,0.434,0.433,0.712,0.712,0.679,0.632,0.32,0.163,0.39,0.237,0.476,0.619,0.383,0.413,0.4,0.741,0.291,0.188,0.623,0.247,0.319,0.293,0.37,0.201,0.547,0.508
40.91666667,0.292,0.541,0.67,0.608,0.46,0.313,0.354,0.178,0.428,0.986,0.481,0.173,0.213,0.509,0.85,0.563,0.458,0.336,0.624,0.646,0.657,0.756,0.512,0.403,0.382,0.409,0.646,0.618,0.392,0.429,0.612,0.434,0.433,0.711,0.712,0.678,0.632,0.321,0.163,0.391,0.237,0.48,0.619,0.383,0.415,0.4,0.741,0.293,0.188,0.623,0.247,0.32,0.293,0.371,0.202,0.547,0.508
41,0.292,0.541,0.67,0.608,0.46,0.314,0.354,0.178,0.428,0.986,0.484,0.172,0.215,0.509,0.849,0.563,0.459,0.337,0.625,0.646,0.657,0.756,0.513,0.404,0.382,0.409,0.646,0.618,0.392,0.429,0.611,0.434,0.433,0.711,0.712,0.678,0.632,0.323,0.163,0.391,0.238,0.483,0.619,0.383,0.418,0.401,0.74,0.294,0.188,0.623,0.247,0.32,0.293,0.372,0.202,0.547,0.508
41.08333333,0.292,0.541,0.67,0.608,0.46,0.315,0.355,0.178,0.429,0.986,0.481,0.173,0.216,0.509,0.85,0.563,0.459,0.337,0.625,0.646,0.657,0.756,0.513,0.404,0.382,0.409,0.646,0.617,0.392,0.429,0.611,0.435,0.433,0.711,0.711,0.677,0.631,0.324,0.164,0.392,0.239,0.484,0.619,0.383,0.422,0.401,0.74,0.295,0.188,0.623,0.247,0.319,0.293,0.372,0.203,0.547,0.507
41.16666667,0.292,0.541,0.67,0.608,0.46,0.317,0.355,0.178,0.429,0.986,0.489,0.171,0.218,0.508,0.85,0.563,0.459,0.338,0.625,0.647,0.657,0.756,0.514,0.404,0.382,0.409,0.646,0.618,0.393,0.429,0.612,0.435,0.434,0.71,0.712,0.677,0.632,0.326,0.164,0.392,0.239,0.485,0.619,0.383,0.423,0.401,0.74,0.296,0.189,0.623,0.247,0.32,0.293,0.373,0.203,0.547,0.507
41.25,0.291,0.54,0.67,0.608,0.459,0.317,0.355,0.178,0.429,0.986,0.492,0.174,0.219,0.508,0.851,0.563,0.459,0.339,0.625,0.647,0.657,0.756,0.514,0.404,0.382,0.409,0.646,0.617,0.393,0.43,0.612,0.435,0.434,0.711,0.712,0.677,0.631,0.328,0.164,0.392,0.24,0.486,0.619,0.383,0.423,0.401,0.741,0.297,0.189,0.623,0.247,0.32,0.293,0.374,0.203,0.547,0.507
41.33333333,0.291,0.54,0.67,0.608,0.459,0.318,0.356,0.179,0.429,0.986,0.493,0.17,0.221,0.508,0.851,0.562,0.459,0.339,0.626,0.648,0.657,0.756,0.514,0.404,0.381,0.409,0.646,0.617,0.393,0.43,0.612,0.436,0.434,0.71,0.712,0.677,0.631,0.329,0.164,0.393,0.24,0.487,0.619,0.382,0.423,0.402,0.74,0.297,0.189,0.623,0.247,0.319,0.292,0.374,0.204,0.547,0.507
41.41666667,0.291,0.54,0.671,0.608,0.459,0.319,0.356,0.179,0.429,0.986,0.496,0.171,0.223,0.508,0.852,0.562,0.46,0.339,0.626,0.648,0.658,0.756,0.515,0.405,0.381,0.409,0.646,0.617,0.394,0.43,0.612,0.436,0.434,0.71,0.712,0.677,0.632,0.331,0.164,0.393,0.241,0.487,0.619,0.382,0.423,0.402,0.741,0.298,0.189,0.623,0.247,0.32,0.292,0.375,0.204,0.547,0.507
41.5,0.291,0.54,0.671,0.608,0.459,0.32,0.356,0.179,0.429,0.987,0.495,0.185,0.224,0.508,0.852,0.562,0.46,0.34,0.626,0.649,0.657,0.756,0.515,0.405,0.381,0.408,0.646,0.617,0.394,0.431,0.612,0.437,0.435,0.71,0.712,0.677,0.632,0.333,0.165,0.393,0.241,0.489,0.62,0.382,0.423,0.402,0.741,0.299,0.189,0.623,0.247,0.32,0.292,0.376,0.204,0.547,0.507
41.58333333,0.291,0.54,0.672,0.608,0.458,0.321,0.356,0.179,0.429,0.986,0.496,0.172,0.226,0.508,0.852,0.562,0.46,0.34,0.626,0.649,0.657,0.756,0.515,0.405,0.381,0.408,0.646,0.617,0.395,0.431,0.612,0.437,0.435,0.709,0.712,0.676,0.631,0.334,0.165,0.394,0.241,0.489,0.619,0.382,0.423,0.403,0.74,0.3,0.19,0.623,0.247,0.32,0.292,0.376,0.205,0.548,0.507
41.66666667,0.291,0.54,0.672,0.608,0.458,0.322,0.357,0.179,0.43,0.987,0.498,0.18,0.228,0.508,0.853,0.562,0.46,0.341,0.627,0.649,0.657,0.757,0.515,0.405,0.381,0.408,0.646,0.617,0.395,0.431,0.612,0.437,0.435,0.709,0.712,0.676,0.632,0.336,0.165,0.394,0.242,0.489,0.62,0.382,0.423,0.403,0.74,0.301,0.19,0.623,0.247,0.32,0.292,0.377,0.205,0.548,0.506
41.75,0.291,0.54,0.672,0.608,0.458,0.323,0.357,0.18,0.43,0.987,0.498,0.186,0.23,0.507,0.853,0.562,0.46,0.342,0.627,0.65,0.657,0.757,0.516,0.405,0.381,0.408,0.647,0.617,0.395,0.432,0.612,0.438,0.435,0.708,0.712,0.675,0.632,0.338,0.165,0.395,0.242,0.49,0.619,0.382,0.423,0.404,0.74,0.302,0.19,0.622,0.247,0.32,0.292,0.378,0.206,0.548,0.506
41.83333333,0.29,0.54,0.673,0.608,0.458,0.324,0.357,0.18,0.43,0.987,0.5,0.177,0.231,0.507,0.853,0.562,0.461,0.342,0.627,0.65,0.657,0.756,0.516,0.406,0.381,0.408,0.646,0.617,0.396,0.432,0.612,0.438,0.436,0.707,0.712,0.675,0.632,0.339,0.166,0.395,0.242,0.49,0.619,0.382,0.423,0.404,0.74,0.303,0.19,0.622,0.247,0.32,0.292,0.378,0.206,0.548,0.506
41.91666667,0.29,0.539,0.672,0.608,0.457,0.325,0.358,0.18,0.43,0.987,0.5,0.216,0.233,0.507,0.854,0.562,0.461,0.343,0.628,0.65,0.657,0.757,0.516,0.406,0.381,0.408,0.646,0.617,0.396,0.432,0.612,0.439,0.436,0.707,0.711,0.675,0.632,0.341,0.166,0.395,0.243,0.49,0.619,0.382,0.424,0.404,0.74,0.304,0.19,0.622,0.247,0.32,0.292,0.379,0.206,0.548,0.506
42,0.29,0.54,0.673,0.608,0.457,0.326,0.358,0.18,0.43,0.987,0.498,0.175,0.235,0.507,0.854,0.562,0.461,0.343,0.628,0.65,0.658,0.757,0.517,0.406,0.38,0.408,0.646,0.617,0.396,0.433,0.612,0.439,0.436,0.706,0.711,0.674,0.632,0.343,0.166,0.396,0.243,0.49,0.619,0.381,0.424,0.405,0.74,0.305,0.191,0.622,0.246,0.32,0.292,0.38,0.207,0.548,0.506
42.08333333,0.29,0.539,0.673,0.608,0.457,0.328,0.358,0.181,0.43,0.987,0.497,0.178,0.237,0.507,0.855,0.562,0.461,0.344,0.628,0.651,0.658,0.757,0.517,0.406,0.38,0.408,0.646,0.617,0.397,0.433,0.612,0.44,0.436,0.706,0.712,0.674,0.632,0.344,0.166,0.396,0.243,0.49,0.619,0.381,0.424,0.405,0.739,0.306,0.191,0.622,0.246,0.32,0.292,0.38,0.207,0.548,0.506
42.16666667,0.29,0.539,0.672,0.608,0.457,0.329,0.358,0.181,0.43,0.987,0.507,0.182,0.239,0.507,0.854,0.562,0.461,0.344,0.628,0.651,0.658,0.757,0.518,0.407,0.38,0.407,0.646,0.617,0.397,0.433,0.612,0.44,0.437,0.706,0.712,0.674,0.631,0.346,0.166,0.396,0.244,0.49,0.619,0.381,0.423,0.405,0.738,0.307,0.191,0.623,0.247,0.32,0.292,0.381,0.207,0.548,0.505
42.25,0.29,0.539,0.673,0.608,0.456,0.33,0.358,0.181,0.431,0.987,0.511,0.178,0.241,0.506,0.854,0.562,0.462,0.345,0.629,0.651,0.658,0.757,0.518,0.407,0.38,0.407,0.646,0.617,0.397,0.434,0.612,0.44,0.437,0.705,0.712,0.674,0.631,0.348,0.167,0.397,0.244,0.49,0.62,0.381,0.424,0.405,0.738,0.308,0.191,0.623,0.247,0.32,0.292,0.382,0.208,0.548,0.506
42.33333333,0.29,0.539,0.673,0.608,0.456,0.331,0.359,0.181,0.431,0.988,0.51,0.174,0.243,0.506,0.855,0.562,0.462,0.345,0.629,0.652,0.658,0.757,0.519,0.407,0.38,0.407,0.646,0.617,0.398,0.434,0.612,0.44,0.437,0.705,0.712,0.674,0.631,0.35,0.167,0.397,0.244,0.49,0.619,0.381,0.424,0.405,0.74,0.309,0.191,0.622,0.246,0.32,0.292,0.382,0.208,0.548,0.505
42.41666667,0.289,0.539,0.673,0.608,0.456,0.332,0.359,0.181,0.431,0.988,0.511,0.173,0.245,0.506,0.855,0.562,0.462,0.346,0.629,0.652,0.659,0.757,0.519,0.407,0.38,0.407,0.646,0.616,0.398,0.434,0.612,0.441,0.437,0.705,0.712,0.674,0.632,0.351,0.167,0.397,0.244,0.49,0.62,0.38,0.424,0.405,0.741,0.309,0.192,0.623,0.246,0.32,0.292,0.383,0.209,0.549,0.505
42.5,0.289,0.539,0.673,0.608,0.455,0.333,0.359,0.181,0.431,0.988,0.506,0.179,0.247,0.506,0.856,0.562,0.462,0.346,0.63,0.652,0.659,0.757,0.519,0.407,0.379,0.407,0.645,0.617,0.398,0.434,0.612,0.441,0.437,0.704,0.713,0.674,0.631,0.353,0.167,0.398,0.245,0.49,0.62,0.38,0.424,0.406,0.742,0.31,0.192,0.623,0.246,0.32,0.292,0.384,0.209,0.549,0.505
42.58333333,0.289,0.538,0.673,0.608,0.455,0.334,0.359,0.182,0.431,0.988,0.505,0.175,0.249,0.505,0.856,0.561,0.462,0.347,0.63,0.653,0.659,0.757,0.52,0.408,0.379,0.407,0.645,0.616,0.399,0.435,0.612,0.441,0.437,0.704,0.713,0.673,0.631,0.355,0.167,0.398,0.245,0.49,0.62,0.38,0.424,0.406,0.742,0.311,0.192,0.623,0.246,0.32,0.292,0.384,0.209,0.549,0.505
42.66666667,0.289,0.538,0.674,0.608,0.455,0.336,0.36,0.182,0.431,0.988,0.507,0.174,0.251,0.505,0.856,0.561,0.463,0.347,0.63,0.653,0.659,0.758,0.52,0.408,0.379,0.406,0.645,0.616,0.399,0.436,0.613,0.442,0.438,0.704,0.712,0.673,0.631,0.357,0.168,0.398,0.245,0.489,0.62,0.38,0.424,0.406,0.742,0.312,0.192,0.623,0.246,0.32,0.292,0.385,0.209,0.549,0.504
42.75,0.289,0.538,0.674,0.608,0.455,0.337,0.36,0.182,0.432,0.988,0.507,0.174,0.254,0.505,0.857,0.561,0.463,0.348,0.631,0.653,0.659,0.758,0.52,0.408,0.379,0.406,0.645,0.616,0.399,0.436,0.613,0.442,0.438,0.704,0.713,0.672,0.63,0.358,0.168,0.399,0.246,0.489,0.62,0.38,0.424,0.407,0.741,0.313,0.192,0.623,0.246,0.32,0.292,0.385,0.21,0.549,0.504
42.83333333,0.289,0.538,0.674,0.608,0.455,0.337,0.36,0.182,0.431,0.988,0.506,0.177,0.256,0.505,0.856,0.561,0.463,0.348,0.631,0.653,0.659,0.757,0.521,0.408,0.379,0.406,0.645,0.616,0.4,0.436,0.612,0.443,0.438,0.703,0.713,0.672,0.63,0.36,0.168,0.399,0.246,0.489,0.62,0.38,0.425,0.407,0.741,0.313,0.192,0.623,0.246,0.32,0.292,0.386,0.21,0.549,0.504
42.91666667,0.288,0.538,0.674,0.608,0.454,0.339,0.361,0.182,0.432,0.988,0.509,0.194,0.258,0.505,0.857,0.561,0.463,0.349,0.632,0.654,0.659,0.758,0.521,0.408,0.379,0.406,0.645,0.616,0.4,0.437,0.613,0.443,0.439,0.703,0.713,0.671,0.631,0.362,0.168,0.399,0.246,0.489,0.62,0.38,0.425,0.407,0.741,0.314,0.193,0.623,0.246,0.32,0.292,0.387,0.211,0.549,0.504
43,0.289,0.538,0.675,0.608,0.454,0.34,0.361,0.183,0.432,0.988,0.505,0.18,0.26,0.505,0.858,0.561,0.464,0.35,0.632,0.655,0.659,0.758,0.522,0.409,0.379,0.406,0.645,0.616,0.401,0.437,0.613,0.444,0.439,0.703,0.713,0.671,0.631,0.364,0.169,0.4,0.246,0.49,0.62,0.38,0.425,0.407,0.741,0.315,0.193,0.623,0.246,0.32,0.291,0.388,0.211,0.549,0.504
43.08333333,0.288,0.538,0.675,0.608,0.454,0.341,0.361,0.183,0.432,0.988,0.509,0.191,0.263,0.505,0.858,0.561,0.464,0.35,0.632,0.655,0.66,0.758,0.522,0.409,0.379,0.406,0.645,0.616,0.401,0.437,0.614,0.444,0.439,0.702,0.713,0.671,0.631,0.366,0.169,0.4,0.247,0.49,0.62,0.379,0.425,0.408,0.74,0.316,0.193,0.623,0.246,0.32,0.291,0.388,0.212,0.549,0.504
43.16666667,0.288,0.537,0.675,0.608,0.454,0.342,0.361,0.183,0.432,0.988,0.509,0.184,0.265,0.504,0.858,0.561,0.464,0.351,0.632,0.655,0.66,0.758,0.522,0.409,0.378,0.406,0.645,0.616,0.401,0.437,0.613,0.444,0.439,0.702,0.713,0.671,0.63,0.368,0.169,0.4,0.247,0.492,0.62,0.379,0.425,0.408,0.739,0.316,0.194,0.624,0.246,0.32,0.291,0.389,0.212,0.549,0.504
43.25,0.288,0.537,0.675,0.608,0.453,0.342,0.361,0.183,0.432,0.988,0.512,0.178,0.267,0.504,0.858,0.561,0.464,0.351,0.633,0.655,0.66,0.758,0.523,0.41,0.378,0.406,0.645,0.616,0.402,0.438,0.612,0.444,0.44,0.702,0.713,0.67,0.63,0.37,0.169,0.401,0.247,0.494,0.62,0.379,0.425,0.408,0.739,0.317,0.194,0.624,0.246,0.32,0.291,0.39,0.212,0.549,0.503
43.33333333,0.288,0.537,0.675,0.608,0.453,0.344,0.362,0.184,0.433,0.988,0.509,0.185,0.269,0.504,0.859,0.561,0.464,0.352,0.633,0.656,0.66,0.758,0.523,0.41,0.378,0.406,0.645,0.616,0.402,0.438,0.613,0.445,0.44,0.701,0.713,0.669,0.63,0.372,0.169,0.401,0.247,0.495,0.62,0.379,0.425,0.408,0.738,0.317,0.194,0.624,0.246,0.32,0.291,0.39,0.213,0.549,0.503
43.41666667,0.288,0.537,0.676,0.608,0.453,0.345,0.362,0.184,0.433,0.988,0.506,0.187,0.271,0.504,0.859,0.561,0.465,0.353,0.633,0.656,0.66,0.758,0.523,0.41,0.378,0.406,0.644,0.616,0.402,0.439,0.613,0.445,0.44,0.701,0.713,0.669,0.63,0.374,0.17,0.401,0.248,0.495,0.62,0.379,0.425,0.409,0.739,0.318,0.194,0.623,0.246,0.32,0.291,0.391,0.213,0.549,0.503
43.5,0.288,0.537,0.675,0.607,0.453,0.346,0.362,0.184,0.433,0.988,0.508,0.181,0.273,0.504,0.859,0.561,0.465,0.353,0.634,0.656,0.66,0.758,0.524,0.41,0.378,0.405,0.644,0.616,0.402,0.438,0.613,0.445,0.441,0.701,0.713,0.668,0.63,0.375,0.17,0.402,0.248,0.495,0.62,0.378,0.425,0.409,0.738,0.319,0.194,0.624,0.246,0.32,0.291,0.391,0.214,0.549,0.503
43.58333333,0.287,0.536,0.676,0.608,0.452,0.347,0.362,0.184,0.433,0.988,0.509,0.178,0.275,0.504,0.859,0.561,0.465,0.353,0.634,0.656,0.66,0.758,0.524,0.41,0.378,0.405,0.644,0.616,0.403,0.439,0.613,0.446,0.441,0.7,0.713,0.668,0.63,0.377,0.17,0.402,0.248,0.495,0.62,0.378,0.425,0.409,0.737,0.319,0.195,0.624,0.246,0.32,0.291,0.392,0.214,0.55,0.503
43.66666667,0.287,0.536,0.676,0.608,0.452,0.348,0.363,0.184,0.433,0.988,0.51,0.179,0.278,0.503,0.859,0.561,0.465,0.354,0.634,0.657,0.661,0.758,0.525,0.411,0.378,0.405,0.644,0.615,0.403,0.439,0.613,0.446,0.441,0.7,0.713,0.668,0.63,0.379,0.17,0.402,0.249,0.494,0.62,0.378,0.425,0.409,0.737,0.32,0.195,0.624,0.246,0.32,0.291,0.393,0.214,0.549,0.503
43.75,0.287,0.537,0.677,0.608,0.452,0.349,0.363,0.185,0.433,0.989,0.506,0.182,0.279,0.503,0.86,0.561,0.466,0.355,0.635,0.658,0.661,0.759,0.525,0.411,0.378,0.405,0.644,0.615,0.404,0.44,0.614,0.447,0.442,0.7,0.714,0.668,0.63,0.381,0.171,0.403,0.249,0.494,0.621,0.378,0.426,0.41,0.738,0.321,0.195,0.624,0.246,0.32,0.291,0.394,0.215,0.55,0.503
43.83333333,0.287,0.536,0.676,0.608,0.452,0.351,0.363,0.185,0.433,0.989,0.505,0.175,0.281,0.503,0.86,0.561,0.466,0.355,0.635,0.658,0.662,0.759,0.525,0.411,0.377,0.405,0.644,0.615,0.404,0.44,0.614,0.447,0.442,0.7,0.714,0.668,0.63,0.383,0.171,0.403,0.249,0.493,0.621,0.378,0.426,0.41,0.738,0.321,0.195,0.625,0.246,0.319,0.291,0.394,0.215,0.55,0.503
43.91666667,0.287,0.536,0.677,0.608,0.451,0.352,0.363,0.185,0.433,0.989,0.508,0.183,0.283,0.503,0.861,0.561,0.466,0.356,0.635,0.658,0.662,0.759,0.526,0.411,0.377,0.405,0.644,0.615,0.404,0.44,0.614,0.447,0.442,0.699,0.714,0.667,0.63,0.385,0.171,0.404,0.249,0.493,0.62,0.378,0.426,0.411,0.737,0.322,0.195,0.625,0.246,0.32,0.291,0.395,0.216,0.55,0.502
44,0.287,0.536,0.677,0.608,0.452,0.353,0.364,0.185,0.434,0.989,0.51,0.185,0.284,0.503,0.861,0.561,0.466,0.356,0.636,0.658,0.662,0.759,0.526,0.411,0.377,0.405,0.644,0.615,0.404,0.44,0.614,0.448,0.442,0.699,0.714,0.667,0.63,0.387,0.172,0.404,0.249,0.492,0.621,0.378,0.426,0.411,0.737,0.322,0.195,0.625,0.246,0.32,0.291,0.395,0.216,0.55,0.502
44.08333333,0.287,0.536,0.677,0.608,0.451,0.354,0.364,0.186,0.434,0.989,0.507,0.184,0.286,0.503,0.861,0.561,0.466,0.357,0.636,0.658,0.662,0.759,0.526,0.411,0.377,0.405,0.643,0.615,0.405,0.441,0.613,0.448,0.442,0.699,0.714,0.666,0.63,0.389,0.172,0.404,0.25,0.492,0.621,0.377,0.426,0.411,0.737,0.323,0.196,0.624,0.246,0.32,0.291,0.396,0.216,0.55,0.502
44.16666667,0.287,0.536,0.677,0.607,0.451,0.355,0.364,0.186,0.434,0.989,0.508,0.181,0.287,0.503,0.862,0.561,0.467,0.358,0.636,0.659,0.662,0.759,0.527,0.412,0.377,0.405,0.643,0.615,0.405,0.441,0.614,0.448,0.443,0.698,0.714,0.666,0.63,0.391,0.172,0.404,0.25,0.491,0.62,0.377,0.426,0.412,0.737,0.323,0.196,0.624,0.246,0.319,0.291,0.397,0.217,0.551,0.502
44.25,0.286,0.535,0.677,0.608,0.451,0.356,0.365,0.186,0.434,0.99,0.509,0.183,0.289,0.503,0.862,0.561,0.467,0.358,0.637,0.659,0.662,0.759,0.527,0.412,0.377,0.404,0.643,0.615,0.405,0.441,0.614,0.449,0.443,0.698,0.714,0.666,0.63,0.393,0.172,0.404,0.25,0.49,0.621,0.377,0.426,0.412,0.736,0.324,0.196,0.625,0.245,0.32,0.291,0.397,0.217,0.551,0.502
44.33333333,0.286,0.535,0.678,0.608,0.451,0.357,0.365,0.186,0.434,0.989,0.507,0.179,0.291,0.502,0.862,0.561,0.467,0.359,0.637,0.66,0.662,0.76,0.528,0.412,0.376,0.405,0.643,0.615,0.406,0.442,0.614,0.449,0.443,0.698,0.714,0.666,0.63,0.395,0.172,0.405,0.251,0.489,0.621,0.377,0.426,0.412,0.736,0.324,0.196,0.624,0.245,0.319,0.291,0.398,0.218,0.55,0.501
44.41666667,0.286,0.535,0.678,0.609,0.45,0.358,0.365,0.186,0.434,0.989,0.507,0.182,0.292,0.502,0.863,0.561,0.468,0.359,0.638,0.66,0.662,0.76,0.529,0.412,0.376,0.404,0.644,0.615,0.406,0.442,0.614,0.449,0.444,0.698,0.715,0.665,0.63,0.397,0.173,0.405,0.251,0.489,0.621,0.377,0.426,0.413,0.735,0.325,0.197,0.624,0.245,0.319,0.291,0.399,0.218,0.55,0.501
44.5,0.286,0.534,0.678,0.608,0.45,0.359,0.365,0.187,0.435,0.99,0.507,0.19,0.293,0.502,0.863,0.561,0.468,0.36,0.638,0.661,0.663,0.76,0.53,0.413,0.376,0.404,0.643,0.615,0.407,0.443,0.614,0.45,0.444,0.697,0.714,0.665,0.63,0.399,0.173,0.406,0.251,0.488,0.622,0.377,0.426,0.413,0.735,0.325,0.197,0.625,0.245,0.32,0.29,0.399,0.219,0.55,0.501
44.58333333,0.286,0.534,0.678,0.608,0.45,0.361,0.365,0.187,0.434,0.99,0.51,0.18,0.295,0.502,0.863,0.561,0.468,0.36,0.638,0.66,0.663,0.759,0.53,0.413,0.376,0.404,0.643,0.615,0.407,0.443,0.614,0.45,0.444,0.697,0.715,0.664,0.629,0.401,0.173,0.406,0.252,0.487,0.622,0.376,0.425,0.413,0.735,0.326,0.197,0.625,0.245,0.319,0.29,0.4,0.219,0.55,0.501
44.66666667,0.286,0.534,0.678,0.608,0.45,0.362,0.366,0.187,0.435,0.99,0.51,0.18,0.296,0.502,0.864,0.561,0.468,0.361,0.638,0.661,0.663,0.76,0.53,0.413,0.376,0.404,0.643,0.615,0.407,0.443,0.614,0.45,0.444,0.697,0.714,0.664,0.629,0.403,0.173,0.406,0.252,0.487,0.622,0.376,0.425,0.413,0.734,0.326,0.197,0.625,0.245,0.319,0.29,0.401,0.219,0.55,0.501
44.75,0.285,0.534,0.678,0.608,0.449,0.362,0.366,0.187,0.435,0.99,0.51,0.18,0.297,0.502,0.864,0.561,0.468,0.361,0.638,0.661,0.663,0.76,0.531,0.413,0.376,0.404,0.642,0.615,0.408,0.443,0.614,0.451,0.445,0.696,0.715,0.664,0.629,0.405,0.174,0.407,0.252,0.486,0.622,0.376,0.425,0.413,0.734,0.327,0.197,0.625,0.245,0.319,0.29,0.401,0.22,0.55,0.501
44.83333333,0.285,0.534,0.679,0.608,0.449,0.363,0.366,0.187,0.435,0.99,0.509,0.18,0.299,0.502,0.864,0.561,0.468,0.362,0.639,0.661,0.664,0.76,0.531,0.414,0.376,0.404,0.642,0.614,0.408,0.443,0.614,0.451,0.445,0.695,0.715,0.664,0.629,0.407,0.174,0.407,0.252,0.486,0.622,0.376,0.426,0.413,0.733,0.327,0.198,0.625,0.245,0.319,0.29,0.402,0.22,0.55,0.501
44.91666667,0.285,0.534,0.679,0.608,0.449,0.364,0.366,0.188,0.435,0.99,0.512,0.182,0.3,0.501,0.864,0.562,0.468,0.363,0.639,0.661,0.664,0.76,0.532,0.414,0.375,0.403,0.642,0.615,0.408,0.444,0.614,0.451,0.445,0.695,0.715,0.663,0.629,0.409,0.174,0.407,0.252,0.486,0.623,0.376,0.426,0.414,0.734,0.328,0.198,0.625,0.245,0.319,0.29,0.403,0.221,0.55,0.5
45,0.285,0.533,0.679,0.607,0.448,0.366,0.366,0.188,0.435,0.99,0.51,0.176,0.301,0.501,0.864,0.562,0.468,0.363,0.639,0.662,0.664,0.76,0.532,0.414,0.375,0.403,0.642,0.615,0.408,0.444,0.614,0.452,0.445,0.695,0.715,0.663,0.629,0.411,0.174,0.408,0.253,0.485,0.623,0.375,0.426,0.414,0.733,0.328,0.198,0.626,0.245,0.319,0.29,0.403,0.221,0.55,0.5
45.08333333,0.285,0.534,0.68,0.608,0.448,0.366,0.367,0.188,0.436,0.99,0.506,0.178,0.302,0.501,0.865,0.562,0.469,0.364,0.64,0.662,0.664,0.76,0.533,0.414,0.375,0.403,0.642,0.614,0.409,0.444,0.615,0.452,0.446,0.696,0.716,0.663,0.63,0.412,0.175,0.408,0.253,0.486,0.623,0.375,0.427,0.415,0.734,0.329,0.198,0.626,0.245,0.319,0.29,0.404,0.222,0.55,0.5
45.16666667,0.285,0.533,0.68,0.608,0.448,0.367,0.367,0.188,0.435,0.99,0.509,0.184,0.303,0.501,0.865,0.561,0.469,0.364,0.64,0.662,0.665,0.76,0.533,0.414,0.375,0.403,0.642,0.615,0.409,0.445,0.615,0.452,0.446,0.695,0.716,0.663,0.629,0.414,0.175,0.408,0.253,0.485,0.623,0.375,0.427,0.414,0.733,0.329,0.198,0.627,0.245,0.319,0.29,0.405,0.222,0.551,0.5
45.25,0.284,0.533,0.68,0.608,0.448,0.369,0.367,0.189,0.436,0.991,0.508,0.19,0.304,0.501,0.865,0.562,0.469,0.365,0.641,0.663,0.665,0.761,0.533,0.415,0.375,0.403,0.642,0.615,0.409,0.445,0.615,0.453,0.446,0.695,0.716,0.663,0.629,0.416,0.175,0.409,0.254,0.486,0.623,0.375,0.427,0.415,0.733,0.33,0.199,0.626,0.245,0.319,0.29,0.405,0.222,0.55,0.5
45.33333333,0.284,0.533,0.681,0.608,0.448,0.37,0.368,0.189,0.436,0.991,0.509,0.194,0.305,0.501,0.866,0.562,0.469,0.365,0.641,0.663,0.665,0.761,0.534,0.415,0.375,0.403,0.642,0.615,0.41,0.445,0.615,0.453,0.446,0.695,0.716,0.662,0.629,0.418,0.176,0.409,0.254,0.486,0.623,0.375,0.428,0.415,0.733,0.331,0.199,0.626,0.245,0.319,0.29,0.406,0.223,0.55,0.5
45.41666667,0.284,0.533,0.681,0.608,0.447,0.371,0.368,0.189,0.436,0.991,0.51,0.191,0.306,0.501,0.866,0.562,0.469,0.366,0.641,0.664,0.665,0.761,0.534,0.415,0.374,0.403,0.642,0.614,0.41,0.446,0.615,0.453,0.447,0.694,0.716,0.662,0.629,0.42,0.176,0.409,0.255,0.486,0.623,0.375,0.428,0.416,0.733,0.331,0.199,0.626,0.245,0.319,0.29,0.407,0.223,0.55,0.499
45.5,0.284,0.533,0.681,0.608,0.447,0.372,0.368,0.189,0.437,0.991,0.511,0.183,0.307,0.501,0.867,0.562,0.469,0.366,0.642,0.664,0.666,0.761,0.535,0.415,0.374,0.403,0.641,0.614,0.41,0.446,0.615,0.454,0.447,0.695,0.716,0.661,0.629,0.422,0.176,0.41,0.26,0.486,0.624,0.374,0.428,0.416,0.733,0.331,0.2,0.627,0.245,0.319,0.29,0.407,0.224,0.551,0.499
45.58333333,0.284,0.532,0.681,0.608,0.447,0.373,0.368,0.19,0.436,0.991,0.51,0.197,0.308,0.5,0.867,0.562,0.469,0.367,0.642,0.664,0.666,0.761,0.535,0.415,0.374,0.403,0.641,0.614,0.411,0.446,0.615,0.454,0.447,0.694,0.716,0.661,0.629,0.424,0.176,0.41,0.261,0.485,0.624,0.374,0.428,0.416,0.733,0.332,0.2,0.626,0.245,0.318,0.29,0.408,0.224,0.551,0.499
45.66666667,0.284,0.532,0.682,0.608,0.447,0.374,0.369,0.19,0.437,0.992,0.513,0.212,0.309,0.5,0.868,0.562,0.47,0.368,0.642,0.664,0.666,0.761,0.536,0.416,0.374,0.403,0.641,0.614,0.411,0.447,0.616,0.454,0.448,0.694,0.716,0.661,0.629,0.426,0.177,0.41,0.261,0.485,0.624,0.374,0.429,0.416,0.733,0.332,0.2,0.626,0.245,0.319,0.29,0.408,0.225,0.551,0.499
45.75,0.284,0.532,0.682,0.608,0.447,0.375,0.369,0.19,0.437,0.992,0.513,0.217,0.309,0.5,0.868,0.562,0.47,0.368,0.643,0.664,0.666,0.761,0.536,0.416,0.374,0.403,0.641,0.614,0.412,0.447,0.616,0.455,0.448,0.694,0.716,0.661,0.629,0.428,0.177,0.411,0.262,0.486,0.624,0.374,0.429,0.417,0.733,0.333,0.2,0.626,0.245,0.319,0.29,0.409,0.225,0.551,0.499
45.83333333,0.284,0.532,0.682,0.608,0.446,0.377,0.369,0.19,0.437,0.992,0.514,0.193,0.31,0.5,0.869,0.562,0.47,0.368,0.643,0.665,0.666,0.762,0.536,0.416,0.374,0.402,0.641,0.614,0.412,0.447,0.616,0.455,0.448,0.693,0.716,0.66,0.629,0.43,0.178,0.411,0.262,0.486,0.624,0.374,0.429,0.417,0.732,0.333,0.2,0.626,0.245,0.319,0.29,0.41,0.225,0.551,0.499
45.91666667,0.284,0.532,0.683,0.608,0.446,0.378,0.369,0.191,0.437,0.992,0.519,0.206,0.311,0.5,0.868,0.562,0.47,0.369,0.644,0.665,0.666,0.762,0.537,0.417,0.373,0.402,0.641,0.614,0.412,0.448,0.616,0.455,0.449,0.693,0.717,0.66,0.629,0.432,0.178,0.412,0.263,0.486,0.624,0.374,0.429,0.417,0.732,0.333,0.201,0.626,0.245,0.319,0.29,0.41,0.226,0.551,0.498
46,0.283,0.531,0.683,0.608,0.446,0.379,0.369,0.191,0.437,0.992,0.525,0.197,0.312,0.5,0.869,0.562,0.471,0.369,0.644,0.666,0.666,0.762,0.537,0.417,0.373,0.402,0.641,0.614,0.413,0.448,0.616,0.455,0.449,0.693,0.717,0.66,0.629,0.434,0.178,0.412,0.263,0.486,0.625,0.374,0.429,0.418,0.732,0.334,0.201,0.627,0.245,0.318,0.289,0.411,0.226,0.551,0.498
46.08333333,0.283,0.531,0.683,0.608,0.445,0.38,0.37,0.191,0.437,0.992,0.524,0.182,0.313,0.5,0.868,0.562,0.47,0.37,0.644,0.665,0.666,0.762,0.538,0.417,0.373,0.402,0.64,0.614,0.413,0.448,0.616,0.456,0.449,0.693,0.717,0.66,0.628,0.435,0.178,0.412,0.263,0.487,0.625,0.373,0.429,0.418,0.731,0.334,0.201,0.627,0.245,0.319,0.289,0.412,0.227,0.551,0.498
46.16666667,0.283,0.531,0.683,0.608,0.445,0.381,0.37,0.191,0.437,0.993,0.526,0.181,0.314,0.499,0.868,0.562,0.471,0.37,0.644,0.665,0.667,0.761,0.538,0.417,0.373,0.402,0.64,0.614,0.413,0.448,0.615,0.456,0.449,0.693,0.717,0.659,0.628,0.437,0.179,0.412,0.263,0.487,0.625,0.373,0.43,0.418,0.73,0.334,0.201,0.627,0.245,0.319,0.289,0.413,0.227,0.551,0.498
46.25,0.283,0.531,0.684,0.608,0.445,0.381,0.37,0.192,0.438,0.993,0.526,0.192,0.314,0.499,0.868,0.562,0.471,0.371,0.644,0.666,0.667,0.762,0.539,0.417,0.373,0.402,0.64,0.614,0.413,0.448,0.616,0.456,0.449,0.692,0.717,0.659,0.629,0.439,0.179,0.412,0.264,0.487,0.625,0.373,0.43,0.418,0.73,0.334,0.202,0.627,0.244,0.319,0.289,0.413,0.227,0.551,0.498
46.33333333,0.283,0.53,0.686,0.608,0.445,0.383,0.37,0.192,0.438,0.993,0.528,0.191,0.315,0.499,0.868,0.562,0.471,0.371,0.644,0.666,0.667,0.762,0.539,0.417,0.372,0.401,0.64,0.614,0.414,0.449,0.615,0.456,0.45,0.692,0.717,0.659,0.629,0.441,0.179,0.413,0.264,0.487,0.625,0.373,0.43,0.418,0.73,0.335,0.202,0.627,0.245,0.318,0.289,0.414,0.228,0.551,0.498
46.41666667,0.283,0.531,0.689,0.608,0.445,0.384,0.371,0.192,0.438,0.993,0.527,0.196,0.316,0.499,0.869,0.563,0.471,0.372,0.645,0.667,0.667,0.762,0.539,0.418,0.372,0.401,0.64,0.614,0.414,0.449,0.616,0.456,0.45,0.692,0.717,0.659,0.629,0.443,0.18,0.413,0.264,0.488,0.625,0.373,0.43,0.419,0.73,0.335,0.202,0.627,0.244,0.318,0.289,0.415,0.228,0.551,0.498
46.5,0.283,0.53,0.693,0.608,0.444,0.385,0.371,0.192,0.439,0.993,0.528,0.199,0.317,0.5,0.869,0.563,0.471,0.372,0.645,0.667,0.668,0.762,0.54,0.418,0.372,0.401,0.639,0.614,0.415,0.449,0.616,0.457,0.45,0.692,0.717,0.658,0.629,0.444,0.18,0.414,0.264,0.488,0.626,0.372,0.43,0.419,0.73,0.335,0.202,0.628,0.244,0.318,0.289,0.415,0.229,0.551,0.498
46.58333333,0.282,0.53,0.695,0.608,0.444,0.386,0.371,0.192,0.439,0.994,0.527,0.2,0.318,0.501,0.869,0.563,0.472,0.373,0.646,0.667,0.668,0.762,0.541,0.418,0.372,0.401,0.639,0.614,0.415,0.45,0.616,0.457,0.451,0.692,0.718,0.658,0.629,0.446,0.18,0.414,0.265,0.488,0.625,0.373,0.431,0.419,0.731,0.335,0.202,0.628,0.245,0.318,0.289,0.416,0.229,0.551,0.498
46.66666667,0.282,0.53,0.696,0.608,0.444,0.387,0.371,0.193,0.439,0.994,0.528,0.208,0.318,0.503,0.87,0.563,0.472,0.373,0.646,0.667,0.668,0.762,0.54,0.418,0.372,0.401,0.639,0.614,0.415,0.45,0.616,0.457,0.451,0.692,0.718,0.658,0.629,0.448,0.181,0.414,0.265,0.489,0.626,0.372,0.431,0.419,0.73,0.335,0.202,0.628,0.244,0.318,0.289,0.417,0.23,0.551,0.497
46.75,0.282,0.529,0.697,0.608,0.444,0.388,0.371,0.193,0.439,0.994,0.528,0.212,0.319,0.505,0.87,0.563,0.472,0.374,0.646,0.667,0.668,0.762,0.541,0.419,0.371,0.401,0.639,0.613,0.415,0.45,0.616,0.457,0.451,0.692,0.718,0.658,0.629,0.45,0.181,0.414,0.265,0.489,0.626,0.372,0.431,0.419,0.73,0.336,0.203,0.628,0.244,0.318,0.289,0.417,0.23,0.551,0.497
46.83333333,0.282,0.53,0.698,0.609,0.444,0.389,0.372,0.193,0.439,0.994,0.528,0.205,0.32,0.505,0.87,0.563,0.472,0.374,0.647,0.668,0.668,0.763,0.541,0.419,0.371,0.401,0.639,0.613,0.416,0.451,0.617,0.457,0.451,0.692,0.718,0.657,0.629,0.451,0.181,0.415,0.265,0.489,0.626,0.372,0.431,0.42,0.73,0.336,0.203,0.628,0.244,0.318,0.289,0.418,0.231,0.551,0.497
46.91666667,0.282,0.53,0.698,0.609,0.443,0.391,0.372,0.193,0.44,0.994,0.53,0.199,0.321,0.506,0.87,0.563,0.472,0.374,0.647,0.668,0.668,0.763,0.542,0.419,0.371,0.401,0.639,0.613,0.416,0.451,0.617,0.458,0.452,0.692,0.718,0.657,0.629,0.453,0.182,0.415,0.265,0.489,0.626,0.372,0.431,0.42,0.73,0.337,0.203,0.629,0.244,0.318,0.289,0.419,0.231,0.551,0.497
47,0.281,0.529,0.698,0.608,0.443,0.392,0.372,0.194,0.44,0.994,0.531,0.235,0.322,0.506,0.87,0.563,0.473,0.375,0.647,0.668,0.668,0.763,0.542,0.419,0.371,0.401,0.639,0.613,0.417,0.451,0.617,0.458,0.452,0.691,0.718,0.657,0.629,0.455,0.182,0.416,0.266,0.49,0.626,0.372,0.431,0.421,0.73,0.337,0.203,0.629,0.244,0.318,0.289,0.419,0.231,0.551,0.497
47.08333333,0.282,0.529,0.698,0.609,0.443,0.393,0.373,0.194,0.44,0.994,0.531,0.233,0.323,0.507,0.871,0.563,0.473,0.375,0.647,0.669,0.668,0.763,0.542,0.419,0.371,0.401,0.639,0.613,0.417,0.452,0.617,0.458,0.452,0.692,0.718,0.656,0.629,0.456,0.182,0.416,0.266,0.49,0.626,0.372,0.432,0.421,0.73,0.337,0.204,0.628,0.244,0.318,0.289,0.42,0.232,0.55,0.497
47.16666667,0.281,0.529,0.698,0.609,0.443,0.394,0.373,0.194,0.44,0.995,0.532,0.213,0.323,0.507,0.871,0.563,0.473,0.376,0.648,0.669,0.669,0.763,0.543,0.42,0.371,0.401,0.638,0.613,0.417,0.452,0.617,0.458,0.453,0.692,0.718,0.656,0.629,0.458,0.183,0.416,0.266,0.49,0.627,0.372,0.432,0.421,0.73,0.337,0.204,0.628,0.244,0.318,0.289,0.42,0.232,0.551,0.497
47.25,0.281,0.529,0.698,0.608,0.442,0.395,0.373,0.195,0.44,0.995,0.533,0.196,0.324,0.508,0.871,0.563,0.473,0.376,0.648,0.669,0.669,0.763,0.544,0.42,0.371,0.4,0.638,0.613,0.418,0.452,0.617,0.458,0.453,0.692,0.719,0.656,0.629,0.459,0.183,0.416,0.266,0.491,0.627,0.372,0.432,0.422,0.729,0.338,0.204,0.629,0.244,0.318,0.289,0.421,0.233,0.551,0.496
47.33333333,0.281,0.528,0.698,0.609,0.442,0.396,0.373,0.195,0.44,0.995,0.534,0.221,0.325,0.508,0.871,0.564,0.474,0.377,0.648,0.67,0.669,0.763,0.544,0.42,0.371,0.401,0.638,0.613,0.418,0.453,0.617,0.459,0.454,0.691,0.718,0.656,0.629,0.46,0.183,0.417,0.266,0.491,0.627,0.372,0.432,0.422,0.729,0.338,0.204,0.629,0.244,0.318,0.289,0.422,0.233,0.551,0.496
47.41666667,0.281,0.528,0.698,0.609,0.442,0.397,0.373,0.195,0.441,0.995,0.533,0.214,0.326,0.509,0.872,0.564,0.474,0.377,0.649,0.67,0.669,0.764,0.544,0.421,0.371,0.4,0.638,0.613,0.418,0.453,0.617,0.459,0.454,0.691,0.719,0.656,0.629,0.461,0.184,0.417,0.266,0.491,0.627,0.371,0.432,0.422,0.729,0.338,0.205,0.629,0.244,0.318,0.288,0.423,0.234,0.55,0.496
47.5,0.281,0.528,0.697,0.608,0.442,0.398,0.373,0.195,0.441,0.995,0.536,0.192,0.327,0.509,0.871,0.564,0.473,0.377,0.648,0.67,0.669,0.763,0.545,0.421,0.37,0.4,0.637,0.613,0.419,0.453,0.617,0.459,0.454,0.691,0.719,0.655,0.628,0.462,0.184,0.417,0.266,0.491,0.627,0.371,0.432,0.422,0.727,0.338,0.205,0.629,0.244,0.318,0.289,0.423,0.234,0.55,0.496
47.58333333,0.281,0.528,0.697,0.609,0.441,0.399,0.373,0.196,0.441,0.995,0.537,0.196,0.327,0.51,0.872,0.564,0.474,0.378,0.649,0.67,0.67,0.763,0.545,0.421,0.37,0.4,0.637,0.613,0.419,0.453,0.617,0.459,0.454,0.691,0.719,0.655,0.629,0.463,0.184,0.418,0.266,0.492,0.627,0.371,0.433,0.422,0.728,0.338,0.205,0.629,0.244,0.318,0.288,0.424,0.234,0.55,0.495
47.66666667,0.281,0.528,0.697,0.609,0.441,0.4,0.374,0.196,0.441,0.996,0.539,0.196,0.328,0.51,0.872,0.564,0.474,0.378,0.649,0.671,0.67,0.764,0.546,0.421,0.37,0.4,0.637,0.613,0.419,0.454,0.618,0.459,0.455,0.691,0.719,0.655,0.629,0.464,0.185,0.418,0.266,0.492,0.628,0.371,0.433,0.423,0.728,0.339,0.205,0.629,0.244,0.318,0.289,0.425,0.235,0.55,0.496
47.75,0.28,0.528,0.696,0.609,0.441,0.401,0.374,0.196,0.441,0.996,0.538,0.192,0.329,0.511,0.872,0.564,0.474,0.379,0.649,0.671,0.67,0.764,0.546,0.422,0.37,0.4,0.637,0.613,0.419,0.454,0.618,0.46,0.455,0.691,0.719,0.654,0.629,0.465,0.185,0.418,0.266,0.493,0.628,0.371,0.433,0.423,0.727,0.339,0.205,0.63,0.244,0.318,0.288,0.425,0.236,0.55,0.496
47.83333333,0.28,0.527,0.696,0.609,0.441,0.402,0.374,0.196,0.441,0.996,0.54,0.201,0.33,0.511,0.873,0.564,0.474,0.379,0.65,0.671,0.671,0.764,0.546,0.422,0.37,0.4,0.637,0.613,0.42,0.454,0.618,0.46,0.455,0.691,0.72,0.654,0.629,0.466,0.185,0.418,0.266,0.493,0.628,0.371,0.433,0.423,0.727,0.339,0.205,0.63,0.244,0.318,0.288,0.426,0.236,0.55,0.495
47.91666667,0.28,0.527,0.696,0.609,0.441,0.403,0.375,0.196,0.441,0.996,0.542,0.197,0.331,0.512,0.873,0.564,0.475,0.38,0.65,0.672,0.671,0.764,0.547,0.422,0.369,0.4,0.637,0.613,0.42,0.455,0.618,0.46,0.455,0.691,0.72,0.654,0.629,0.467,0.186,0.419,0.266,0.493,0.628,0.371,0.433,0.424,0.727,0.34,0.206,0.63,0.244,0.318,0.288,0.427,0.236,0.55,0.495
48,0.28,0.527,0.696,0.609,0.441,0.404,0.375,0.197,0.441,0.997,0.542,0.2,0.332,0.513,0.873,0.564,0.475,0.38,0.65,0.672,0.671,0.764,0.548,0.423,0.369,0.4,0.637,0.613,0.421,0.455,0.618,0.46,0.456,0.691,0.72,0.654,0.629,0.468,0.186,0.419,0.266,0.494,0.628,0.37,0.433,0.424,0.727,0.34,0.206,0.63,0.244,0.317,0.288,0.427,0.237,0.55,0.495
48.08333333,0.28,0.527,0.696,0.609,0.44,0.405,0.375,0.197,0.441,0.997,0.543,0.238,0.332,0.513,0.874,0.565,0.475,0.381,0.65,0.672,0.671,0.764,0.548,0.423,0.369,0.399,0.636,0.613,0.421,0.455,0.618,0.46,0.456,0.691,0.72,0.654,0.629,0.469,0.186,0.419,0.266,0.494,0.629,0.37,0.434,0.424,0.727,0.34,0.206,0.63,0.244,0.317,0.288,0.428,0.237,0.55,0.495
48.16666667,0.28,0.527,0.695,0.609,0.44,0.407,0.375,0.197,0.441,0.997,0.543,0.193,0.333,0.514,0.874,0.565,0.475,0.381,0.651,0.672,0.671,0.764,0.548,0.423,0.369,0.399,0.636,0.613,0.421,0.456,0.618,0.461,0.456,0.691,0.72,0.653,0.629,0.47,0.187,0.42,0.266,0.494,0.629,0.37,0.434,0.424,0.726,0.341,0.206,0.63,0.243,0.317,0.288,0.429,0.238,0.55,0.495
48.25,0.28,0.526,0.695,0.609,0.44,0.408,0.375,0.198,0.441,0.997,0.555,0.229,0.334,0.514,0.874,0.565,0.475,0.381,0.65,0.673,0.671,0.764,0.549,0.423,0.369,0.399,0.636,0.613,0.422,0.456,0.618,0.461,0.456,0.691,0.72,0.653,0.629,0.471,0.187,0.42,0.266,0.495,0.629,0.37,0.434,0.425,0.726,0.341,0.207,0.631,0.244,0.317,0.288,0.429,0.238,0.55,0.495
48.33333333,0.279,0.526,0.695,0.609,0.439,0.411,0.376,0.198,0.442,0.997,0.551,0.24,0.339,0.515,0.875,0.565,0.476,0.381,0.651,0.673,0.671,0.764,0.549,0.424,0.369,0.399,0.636,0.613,0.422,0.457,0.619,0.461,0.457,0.691,0.721,0.653,0.629,0.471,0.188,0.42,0.266,0.495,0.629,0.37,0.434,0.425,0.726,0.341,0.207,0.631,0.243,0.317,0.288,0.43,0.238,0.55,0.494
48.41666667,0.279,0.526,0.695,0.609,0.439,0.416,0.376,0.198,0.442,0.997,0.554,0.238,0.345,0.515,0.875,0.565,0.476,0.382,0.651,0.673,0.672,0.764,0.549,0.424,0.368,0.399,0.636,0.613,0.422,0.457,0.619,0.461,0.457,0.691,0.721,0.653,0.629,0.472,0.188,0.42,0.266,0.495,0.629,0.37,0.434,0.425,0.726,0.341,0.207,0.631,0.243,0.317,0.288,0.431,0.239,0.55,0.494
48.5,0.279,0.526,0.695,0.609,0.439,0.418,0.376,0.198,0.442,0.998,0.557,0.217,0.347,0.516,0.875,0.565,0.476,0.382,0.651,0.674,0.672,0.765,0.55,0.424,0.368,0.399,0.635,0.612,0.422,0.457,0.619,0.462,0.458,0.691,0.721,0.652,0.629,0.473,0.188,0.421,0.266,0.496,0.63,0.37,0.434,0.426,0.726,0.342,0.208,0.631,0.244,0.317,0.288,0.431,0.239,0.55,0.494
48.58333333,0.279,0.526,0.695,0.609,0.439,0.419,0.376,0.199,0.442,0.998,0.557,0.227,0.348,0.516,0.875,0.565,0.476,0.383,0.652,0.674,0.672,0.77,0.55,0.424,0.368,0.399,0.636,0.612,0.423,0.457,0.619,0.462,0.458,0.691,0.721,0.652,0.629,0.473,0.189,0.421,0.266,0.496,0.63,0.369,0.434,0.426,0.726,0.342,0.208,0.631,0.243,0.317,0.288,0.432,0.24,0.55,0.494
48.66666667,0.279,0.526,0.695,0.609,0.439,0.419,0.377,0.199,0.442,0.998,0.56,0.217,0.349,0.516,0.875,0.566,0.477,0.383,0.652,0.674,0.672,0.769,0.551,0.425,0.368,0.399,0.635,0.612,0.423,0.458,0.619,0.462,0.458,0.691,0.721,0.652,0.629,0.473,0.189,0.421,0.266,0.497,0.63,0.369,0.435,0.426,0.725,0.342,0.208,0.631,0.243,0.317,0.288,0.432,0.24,0.55,0.494
48.75,0.279,0.525,0.694,0.609,0.438,0.418,0.377,0.199,0.442,0.998,0.56,0.26,0.35,0.516,0.875,0.566,0.477,0.383,0.652,0.675,0.672,0.769,0.551,0.425,0.368,0.398,0.635,0.612,0.423,0.458,0.62,0.462,0.459,0.691,0.721,0.651,0.629,0.474,0.189,0.422,0.266,0.497,0.63,0.369,0.435,0.427,0.725,0.343,0.208,0.632,0.243,0.317,0.288,0.433,0.241,0.55,0.494
48.83333333,0.278,0.525,0.695,0.609,0.438,0.417,0.377,0.2,0.443,0.998,0.561,0.269,0.349,0.517,0.876,0.566,0.477,0.384,0.652,0.675,0.672,0.768,0.552,0.425,0.368,0.399,0.635,0.612,0.424,0.458,0.62,0.463,0.459,0.691,0.722,0.651,0.629,0.475,0.19,0.422,0.266,0.498,0.63,0.369,0.435,0.427,0.725,0.343,0.208,0.632,0.243,0.317,0.288,0.434,0.241,0.549,0.494
48.91666667,0.279,0.525,0.694,0.609,0.438,0.416,0.377,0.2,0.442,0.998,0.563,0.214,0.349,0.517,0.876,0.566,0.477,0.384,0.652,0.675,0.673,0.767,0.552,0.425,0.367,0.398,0.635,0.612,0.424,0.458,0.619,0.463,0.459,0.691,0.722,0.651,0.629,0.475,0.19,0.422,0.266,0.498,0.63,0.369,0.435,0.427,0.724,0.343,0.209,0.632,0.243,0.317,0.288,0.434,0.242,0.55,0.493
49,0.278,0.524,0.694,0.609,0.438,0.416,0.377,0.2,0.443,0.998,0.563,0.246,0.349,0.518,0.876,0.566,0.477,0.385,0.653,0.676,0.673,0.768,0.553,0.425,0.367,0.398,0.635,0.612,0.424,0.459,0.62,0.463,0.459,0.69,0.722,0.65,0.629,0.475,0.191,0.422,0.266,0.498,0.63,0.369,0.435,0.427,0.725,0.343,0.209,0.632,0.243,0.317,0.288,0.435,0.242,0.55,0.493
49.08333333,0.278,0.524,0.694,0.609,0.437,0.414,0.377,0.2,0.443,0.999,0.569,0.22,0.348,0.518,0.876,0.566,0.477,0.385,0.652,0.675,0.673,0.767,0.553,0.426,0.367,0.398,0.634,0.612,0.425,0.459,0.619,0.463,0.46,0.691,0.722,0.65,0.629,0.476,0.191,0.422,0.266,0.498,0.63,0.369,0.435,0.427,0.724,0.344,0.209,0.632,0.243,0.317,0.288,0.436,0.242,0.549,0.493
49.16666667,0.278,0.524,0.694,0.609,0.437,0.413,0.378,0.2,0.443,0.999,0.571,0.251,0.348,0.518,0.876,0.567,0.478,0.385,0.653,0.676,0.673,0.768,0.553,0.426,0.367,0.398,0.634,0.613,0.425,0.46,0.619,0.464,0.46,0.691,0.722,0.65,0.629,0.476,0.191,0.423,0.266,0.499,0.63,0.368,0.436,0.428,0.724,0.344,0.209,0.632,0.243,0.317,0.287,0.436,0.243,0.549,0.493
49.25,0.278,0.524,0.693,0.609,0.437,0.412,0.378,0.201,0.443,0.999,0.575,0.216,0.348,0.518,0.876,0.567,0.478,0.386,0.653,0.676,0.674,0.767,0.553,0.426,0.366,0.398,0.634,0.612,0.425,0.46,0.62,0.464,0.46,0.691,0.722,0.649,0.629,0.476,0.192,0.423,0.266,0.499,0.631,0.368,0.436,0.428,0.724,0.344,0.209,0.633,0.243,0.317,0.287,0.437,0.243,0.55,0.493
49.33333333,0.278,0.524,0.694,0.609,0.437,0.41,0.378,0.201,0.443,0.999,0.575,0.221,0.347,0.518,0.876,0.567,0.478,0.386,0.653,0.676,0.674,0.768,0.554,0.426,0.366,0.398,0.634,0.612,0.425,0.461,0.62,0.464,0.461,0.691,0.723,0.649,0.629,0.477,0.192,0.424,0.266,0.5,0.631,0.368,0.436,0.428,0.724,0.345,0.21,0.633,0.243,0.316,0.287,0.438,0.244,0.549,0.493
49.41666667,0.278,0.524,0.694,0.609,0.437,0.41,0.378,0.201,0.443,0.999,0.576,0.252,0.347,0.518,0.877,0.567,0.478,0.387,0.653,0.677,0.674,0.768,0.555,0.426,0.366,0.398,0.634,0.612,0.426,0.461,0.62,0.465,0.461,0.691,0.723,0.65,0.629,0.478,0.192,0.424,0.266,0.5,0.631,0.368,0.436,0.429,0.723,0.345,0.21,0.634,0.243,0.316,0.288,0.438,0.244,0.55,0.492
49.5,0.277,0.523,0.694,0.61,0.437,0.409,0.378,0.202,0.443,1,0.576,0.225,0.347,0.518,0.877,0.567,0.479,0.387,0.654,0.677,0.675,0.768,0.555,0.426,0.366,0.398,0.633,0.612,0.426,0.461,0.62,0.465,0.461,0.692,0.723,0.649,0.63,0.478,0.193,0.424,0.266,0.5,0.631,0.368,0.437,0.429,0.723,0.345,0.21,0.634,0.243,0.316,0.287,0.439,0.245,0.549,0.492
49.58333333,0.277,0.523,0.694,0.61,0.436,0.407,0.379,0.202,0.443,1,0.577,0.235,0.347,0.518,0.878,0.567,0.479,0.387,0.654,0.678,0.675,0.768,0.556,0.427,0.366,0.398,0.633,0.613,0.426,0.461,0.621,0.465,0.462,0.691,0.723,0.649,0.63,0.479,0.193,0.424,0.265,0.501,0.632,0.368,0.437,0.429,0.723,0.346,0.21,0.634,0.243,0.316,0.287,0.44,0.246,0.549,0.492
49.66666667,0.277,0.523,0.694,0.61,0.436,0.406,0.379,0.202,0.443,1,0.58,0.248,0.347,0.518,0.878,0.567,0.479,0.388,0.654,0.678,0.674,0.768,0.556,0.427,0.366,0.398,0.633,0.612,0.427,0.462,0.621,0.465,0.462,0.691,0.723,0.649,0.63,0.479,0.194,0.424,0.265,0.501,0.632,0.368,0.437,0.43,0.723,0.346,0.211,0.633,0.243,0.316,0.287,0.441,0.246,0.549,0.492
49.75,0.277,0.523,0.694,0.61,0.436,0.406,0.379,0.203,0.444,1,0.581,0.264,0.346,0.518,0.878,0.567,0.479,0.388,0.655,0.679,0.675,0.768,0.556,0.427,0.366,0.397,0.633,0.612,0.427,0.462,0.621,0.466,0.462,0.691,0.724,0.648,0.63,0.479,0.194,0.425,0.265,0.502,0.631,0.367,0.437,0.43,0.723,0.346,0.211,0.634,0.243,0.316,0.287,0.441,0.246,0.549,0.492
49.83333333,0.277,0.522,0.694,0.61,0.436,0.404,0.379,0.203,0.444,1,0.581,0.247,0.347,0.518,0.878,0.568,0.48,0.389,0.654,0.678,0.675,0.768,0.556,0.428,0.366,0.397,0.633,0.612,0.427,0.462,0.621,0.466,0.462,0.691,0.724,0.648,0.63,0.479,0.194,0.425,0.265,0.502,0.632,0.367,0.437,0.43,0.722,0.346,0.211,0.634,0.243,0.316,0.287,0.442,0.247,0.549,0.492
49.91666667,0.277,0.522,0.694,0.61,0.435,0.403,0.38,0.203,0.444,1,0.583,0.248,0.346,0.518,0.878,0.568,0.48,0.389,0.655,0.679,0.675,0.769,0.557,0.428,0.365,0.397,0.633,0.612,0.428,0.463,0.621,0.467,0.463,0.691,0.724,0.647,0.63,0.48,0.195,0.426,0.265,0.503,0.632,0.367,0.437,0.43,0.722,0.347,0.211,0.634,0.243,0.316,0.287,0.443,0.247,0.549,0.492
50,0.276,0.522,0.694,0.61,0.435,0.402,0.38,0.203,0.444,1,0.584,0.231,0.347,0.518,0.878,0.568,0.48,0.389,0.655,0.679,0.676,0.769,0.557,0.429,0.365,0.397,0.632,0.612,0.428,0.463,0.621,0.467,0.463,0.691,0.724,0.648,0.629,0.48,0.195,0.426,0.265,0.503,0.632,0.367,0.437,0.431,0.722,0.347,0.211,0.634,0.243,0.316,0.287,0.443,0.248,0.549,0.491
50.08333333,0.277,0.522,0.694,0.61,0.435,0.401,0.38,0.204,0.444,1.001,0.585,0.207,0.346,0.518,0.879,0.568,0.481,0.39,0.655,0.679,0.676,0.769,0.558,0.429,0.365,0.397,0.632,0.612,0.428,0.464,0.621,0.467,0.463,0.691,0.724,0.647,0.63,0.481,0.196,0.426,0.265,0.503,0.632,0.367,0.438,0.431,0.721,0.347,0.212,0.635,0.243,0.316,0.287,0.444,0.248,0.549,0.491
50.16666667,0.276,0.522,0.694,0.609,0.435,0.4,0.38,0.204,0.444,1.001,0.586,0.215,0.347,0.517,0.879,0.568,0.481,0.39,0.655,0.679,0.676,0.768,0.558,0.429,0.365,0.397,0.632,0.612,0.428,0.464,0.621,0.467,0.464,0.691,0.724,0.647,0.63,0.481,0.196,0.426,0.265,0.503,0.632,0.367,0.438,0.431,0.721,0.348,0.212,0.635,0.243,0.316,0.287,0.445,0.249,0.549,0.491
50.25,0.276,0.522,0.694,0.61,0.435,0.399,0.38,0.204,0.444,1.001,0.587,0.212,0.347,0.518,0.879,0.568,0.481,0.391,0.655,0.68,0.676,0.768,0.558,0.429,0.364,0.397,0.632,0.612,0.429,0.464,0.622,0.468,0.464,0.691,0.724,0.646,0.63,0.481,0.196,0.427,0.265,0.504,0.632,0.366,0.438,0.431,0.721,0.348,0.212,0.635,0.243,0.316,0.287,0.445,0.249,0.549,0.491
50.33333333,0.276,0.522,0.694,0.61,0.434,0.398,0.381,0.204,0.444,1.001,0.587,0.256,0.347,0.518,0.88,0.569,0.481,0.391,0.656,0.681,0.676,0.769,0.559,0.43,0.365,0.397,0.632,0.612,0.429,0.465,0.623,0.468,0.465,0.691,0.725,0.646,0.63,0.482,0.197,0.427,0.265,0.505,0.633,0.366,0.438,0.432,0.721,0.348,0.212,0.635,0.243,0.316,0.287,0.446,0.25,0.549,0.491
50.41666667,0.276,0.521,0.694,0.61,0.434,0.398,0.381,0.205,0.444,1.001,0.588,0.222,0.347,0.517,0.88,0.568,0.481,0.391,0.655,0.68,0.676,0.769,0.559,0.43,0.364,0.396,0.631,0.612,0.429,0.465,0.622,0.468,0.474,0.692,0.725,0.646,0.63,0.482,0.197,0.427,0.265,0.505,0.632,0.366,0.438,0.431,0.72,0.349,0.213,0.635,0.243,0.316,0.287,0.446,0.25,0.548,0.491
50.5,0.276,0.521,0.694,0.61,0.434,0.396,0.381,0.205,0.444,1.002,0.59,0.209,0.348,0.517,0.88,0.569,0.481,0.392,0.656,0.681,0.676,0.768,0.56,0.43,0.364,0.397,0.631,0.612,0.43,0.465,0.623,0.469,0.483,0.692,0.725,0.646,0.63,0.482,0.198,0.428,0.265,0.505,0.633,0.366,0.439,0.432,0.719,0.349,0.213,0.635,0.243,0.316,0.287,0.447,0.251,0.548,0.491
50.58333333,0.276,0.521,0.694,0.61,0.434,0.395,0.381,0.205,0.444,1.002,0.59,0.223,0.347,0.517,0.88,0.569,0.482,0.392,0.656,0.681,0.677,0.769,0.56,0.43,0.364,0.396,0.631,0.612,0.43,0.466,0.623,0.469,0.486,0.692,0.725,0.646,0.63,0.482,0.198,0.428,0.265,0.506,0.633,0.366,0.439,0.432,0.72,0.349,0.213,0.635,0.242,0.316,0.287,0.448,0.251,0.548,0.491
50.66666667,0.276,0.521,0.694,0.61,0.434,0.394,0.381,0.206,0.445,1.002,0.592,0.228,0.348,0.517,0.88,0.569,0.482,0.393,0.656,0.682,0.677,0.769,0.56,0.43,0.364,0.396,0.631,0.612,0.43,0.466,0.623,0.469,0.486,0.692,0.725,0.645,0.631,0.483,0.198,0.429,0.265,0.507,0.633,0.366,0.438,0.432,0.72,0.35,0.213,0.636,0.243,0.316,0.287,0.448,0.252,0.548,0.49
50.75,0.275,0.52,0.694,0.61,0.433,0.394,0.382,0.206,0.445,1.002,0.592,0.234,0.348,0.517,0.88,0.569,0.483,0.393,0.656,0.682,0.677,0.768,0.561,0.431,0.363,0.396,0.631,0.612,0.431,0.466,0.624,0.47,0.486,0.692,0.726,0.645,0.63,0.483,0.199,0.429,0.265,0.507,0.633,0.365,0.439,0.433,0.72,0.35,0.214,0.636,0.243,0.315,0.287,0.449,0.252,0.548,0.49
50.83333333,0.275,0.52,0.694,0.61,0.433,0.393,0.382,0.206,0.445,1.002,0.593,0.24,0.349,0.517,0.88,0.569,0.482,0.393,0.656,0.682,0.678,0.768,0.561,0.431,0.363,0.396,0.63,0.612,0.431,0.466,0.624,0.47,0.486,0.692,0.726,0.645,0.631,0.483,0.199,0.429,0.265,0.507,0.633,0.365,0.439,0.433,0.719,0.35,0.214,0.636,0.243,0.315,0.286,0.45,0.253,0.548,0.49
50.91666667,0.275,0.52,0.694,0.61,0.433,0.392,0.382,0.206,0.445,1.002,0.593,0.226,0.348,0.517,0.881,0.57,0.482,0.394,0.657,0.683,0.678,0.768,0.561,0.431,0.363,0.396,0.63,0.612,0.431,0.467,0.625,0.47,0.486,0.692,0.726,0.645,0.631,0.484,0.2,0.429,0.264,0.508,0.634,0.365,0.439,0.433,0.719,0.351,0.214,0.637,0.242,0.316,0.287,0.451,0.253,0.548,0.49
51,0.275,0.52,0.694,0.611,0.433,0.391,0.382,0.207,0.445,1.002,0.594,0.231,0.349,0.516,0.881,0.57,0.483,0.394,0.657,0.683,0.678,0.767,0.562,0.431,0.363,0.396,0.63,0.612,0.431,0.467,0.625,0.47,0.485,0.692,0.726,0.645,0.631,0.484,0.2,0.43,0.265,0.508,0.634,0.365,0.439,0.433,0.719,0.351,0.214,0.637,0.243,0.315,0.286,0.451,0.254,0.548,0.49
51.08333333,0.275,0.52,0.694,0.611,0.432,0.39,0.382,0.207,0.446,1.002,0.596,0.234,0.349,0.516,0.882,0.57,0.483,0.394,0.657,0.683,0.678,0.767,0.562,0.431,0.363,0.396,0.63,0.612,0.432,0.468,0.626,0.471,0.485,0.693,0.727,0.644,0.631,0.484,0.201,0.43,0.265,0.508,0.634,0.365,0.44,0.434,0.719,0.351,0.215,0.637,0.242,0.315,0.286,0.452,0.254,0.548,0.49
51.16666667,0.275,0.519,0.694,0.611,0.432,0.389,0.383,0.207,0.446,1.003,0.602,0.299,0.35,0.516,0.882,0.57,0.483,0.395,0.657,0.683,0.678,0.767,0.563,0.432,0.363,0.396,0.63,0.612,0.432,0.468,0.627,0.471,0.485,0.693,0.727,0.644,0.631,0.484,0.201,0.43,0.264,0.509,0.634,0.365,0.439,0.434,0.719,0.352,0.215,0.637,0.242,0.315,0.286,0.453,0.255,0.548,0.489
51.25,0.275,0.519,0.694,0.611,0.432,0.388,0.383,0.208,0.446,1.003,0.604,0.239,0.35,0.516,0.882,0.57,0.484,0.396,0.657,0.684,0.678,0.766,0.563,0.432,0.363,0.396,0.63,0.612,0.432,0.469,0.628,0.471,0.484,0.693,0.727,0.644,0.631,0.485,0.202,0.431,0.264,0.509,0.634,0.365,0.44,0.434,0.719,0.352,0.215,0.637,0.242,0.315,0.286,0.453,0.255,0.548,0.489
51.33333333,0.274,0.519,0.694,0.611,0.432,0.387,0.383,0.208,0.446,1.003,0.606,0.236,0.351,0.516,0.882,0.57,0.484,0.396,0.657,0.684,0.678,0.766,0.563,0.432,0.362,0.395,0.629,0.612,0.432,0.469,0.629,0.472,0.484,0.693,0.727,0.644,0.631,0.485,0.202,0.431,0.264,0.51,0.634,0.364,0.44,0.434,0.719,0.352,0.215,0.637,0.242,0.315,0.286,0.454,0.256,0.548,0.489
51.41666667,0.274,0.519,0.694,0.611,0.431,0.387,0.383,0.208,0.446,1.003,0.608,0.233,0.351,0.515,0.883,0.57,0.484,0.397,0.658,0.684,0.679,0.766,0.564,0.432,0.362,0.395,0.629,0.612,0.433,0.469,0.629,0.472,0.483,0.693,0.727,0.643,0.631,0.485,0.202,0.431,0.264,0.51,0.634,0.364,0.44,0.435,0.719,0.353,0.215,0.637,0.242,0.315,0.286,0.455,0.256,0.548,0.489
51.5,0.274,0.519,0.694,0.611,0.432,0.386,0.383,0.209,0.446,1.003,0.609,0.238,0.351,0.515,0.883,0.571,0.484,0.397,0.658,0.685,0.679,0.766,0.564,0.433,0.362,0.395,0.629,0.611,0.433,0.47,0.63,0.472,0.482,0.693,0.727,0.643,0.631,0.485,0.203,0.431,0.264,0.511,0.634,0.364,0.441,0.435,0.718,0.353,0.216,0.638,0.242,0.315,0.286,0.455,0.257,0.548,0.489
51.58333333,0.274,0.518,0.694,0.611,0.431,0.385,0.384,0.209,0.446,1.004,0.61,0.265,0.351,0.515,0.883,0.571,0.484,0.398,0.658,0.685,0.679,0.765,0.564,0.433,0.362,0.395,0.629,0.611,0.434,0.47,0.631,0.473,0.482,0.693,0.728,0.643,0.631,0.486,0.203,0.431,0.264,0.511,0.634,0.364,0.441,0.435,0.718,0.353,0.216,0.637,0.242,0.315,0.286,0.456,0.257,0.547,0.489
51.66666667,0.274,0.518,0.694,0.611,0.431,0.384,0.383,0.209,0.446,1.003,0.611,0.217,0.352,0.515,0.882,0.571,0.484,0.398,0.658,0.685,0.68,0.764,0.565,0.433,0.361,0.395,0.628,0.611,0.433,0.47,0.631,0.473,0.481,0.693,0.728,0.642,0.632,0.486,0.203,0.432,0.264,0.511,0.634,0.363,0.441,0.435,0.717,0.353,0.216,0.638,0.242,0.315,0.286,0.456,0.257,0.547,0.488
51.75,0.274,0.518,0.694,0.612,0.431,0.383,0.384,0.21,0.446,1.004,0.612,0.228,0.352,0.514,0.883,0.571,0.485,0.398,0.658,0.686,0.68,0.764,0.565,0.433,0.361,0.395,0.628,0.611,0.434,0.471,0.632,0.473,0.48,0.693,0.728,0.642,0.632,0.486,0.204,0.432,0.264,0.512,0.635,0.363,0.441,0.435,0.717,0.354,0.216,0.638,0.242,0.315,0.286,0.457,0.258,0.547,0.488
51.83333333,0.274,0.518,0.694,0.611,0.43,0.383,0.384,0.21,0.446,1.004,0.613,0.227,0.353,0.514,0.883,0.571,0.485,0.399,0.658,0.686,0.68,0.764,0.565,0.433,0.361,0.395,0.628,0.611,0.434,0.471,0.634,0.474,0.48,0.693,0.728,0.642,0.633,0.486,0.205,0.432,0.264,0.512,0.635,0.363,0.441,0.436,0.716,0.354,0.217,0.639,0.242,0.315,0.286,0.458,0.258,0.547,0.488
51.91666667,0.273,0.517,0.694,0.611,0.43,0.382,0.384,0.21,0.447,1.004,0.614,0.244,0.353,0.514,0.883,0.571,0.485,0.399,0.658,0.686,0.68,0.764,0.566,0.433,0.361,0.395,0.628,0.611,0.434,0.471,0.635,0.474,0.479,0.693,0.728,0.642,0.633,0.487,0.205,0.432,0.264,0.512,0.635,0.363,0.441,0.436,0.716,0.354,0.217,0.639,0.242,0.315,0.286,0.458,0.259,0.547,0.488
52,0.273,0.517,0.694,0.612,0.43,0.381,0.384,0.21,0.446,1.004,0.615,0.244,0.353,0.514,0.883,0.571,0.485,0.399,0.659,0.686,0.68,0.763,0.566,0.434,0.361,0.395,0.628,0.611,0.435,0.471,0.637,0.474,0.479,0.694,0.728,0.642,0.633,0.487,0.205,0.433,0.264,0.513,0.635,0.363,0.441,0.436,0.716,0.355,0.217,0.639,0.242,0.315,0.286,0.459,0.259,0.547,0.488
52.08333333,0.273,0.517,0.694,0.612,0.43,0.38,0.384,0.211,0.447,1.004,0.616,0.276,0.354,0.514,0.883,0.571,0.486,0.4,0.658,0.687,0.68,0.763,0.566,0.434,0.36,0.394,0.628,0.611,0.435,0.472,0.639,0.474,0.479,0.693,0.728,0.641,0.633,0.487,0.206,0.433,0.264,0.513,0.635,0.363,0.441,0.436,0.716,0.355,0.217,0.639,0.242,0.314,0.286,0.46,0.26,0.547,0.488
52.16666667,0.273,0.517,0.694,0.612,0.43,0.38,0.385,0.211,0.447,1.004,0.618,0.225,0.354,0.513,0.884,0.572,0.486,0.401,0.659,0.687,0.68,0.763,0.567,0.434,0.361,0.395,0.628,0.611,0.436,0.473,0.641,0.475,0.479,0.694,0.729,0.641,0.633,0.487,0.207,0.433,0.263,0.514,0.636,0.362,0.442,0.437,0.716,0.355,0.217,0.639,0.242,0.315,0.286,0.461,0.26,0.547,0.487
52.25,0.273,0.516,0.694,0.612,0.429,0.379,0.385,0.211,0.447,1.005,0.619,0.25,0.354,0.513,0.884,0.572,0.486,0.401,0.659,0.687,0.68,0.762,0.567,0.434,0.36,0.394,0.627,0.61,0.436,0.473,0.643,0.475,0.479,0.694,0.729,0.641,0.633,0.488,0.207,0.433,0.263,0.514,0.635,0.362,0.442,0.437,0.716,0.355,0.218,0.639,0.242,0.314,0.286,0.461,0.261,0.546,0.487
52.33333333,0.273,0.516,0.694,0.612,0.429,0.378,0.385,0.212,0.447,1.005,0.62,0.257,0.355,0.513,0.884,0.572,0.486,0.401,0.659,0.688,0.68,0.762,0.568,0.435,0.36,0.394,0.627,0.611,0.436,0.473,0.646,0.475,0.479,0.694,0.729,0.641,0.633,0.483,0.207,0.434,0.263,0.514,0.636,0.362,0.442,0.437,0.716,0.356,0.218,0.639,0.242,0.314,0.286,0.462,0.261,0.546,0.487
52.41666667,0.273,0.516,0.694,0.612,0.429,0.378,0.386,0.212,0.447,1.005,0.621,0.245,0.355,0.513,0.884,0.572,0.487,0.402,0.659,0.688,0.68,0.762,0.568,0.435,0.36,0.394,0.627,0.611,0.436,0.474,0.649,0.476,0.479,0.694,0.729,0.64,0.633,0.487,0.208,0.434,0.263,0.515,0.636,0.362,0.442,0.438,0.716,0.356,0.218,0.639,0.242,0.315,0.286,0.462,0.262,0.546,0.487
52.5,0.273,0.516,0.694,0.612,0.429,0.377,0.385,0.212,0.447,1.005,0.623,0.256,0.356,0.513,0.884,0.572,0.487,0.402,0.659,0.688,0.68,0.762,0.568,0.435,0.36,0.394,0.627,0.611,0.437,0.474,0.651,0.476,0.479,0.694,0.729,0.64,0.632,0.494,0.208,0.435,0.263,0.515,0.636,0.362,0.442,0.438,0.715,0.356,0.219,0.64,0.242,0.314,0.286,0.463,0.262,0.546,0.487
52.58333333,0.273,0.516,0.694,0.613,0.429,0.377,0.386,0.213,0.448,1.005,0.624,0.215,0.356,0.512,0.884,0.572,0.487,0.403,0.659,0.688,0.681,0.761,0.568,0.436,0.359,0.394,0.627,0.611,0.436,0.475,0.655,0.476,0.479,0.695,0.729,0.64,0.632,0.499,0.209,0.435,0.263,0.515,0.636,0.362,0.442,0.438,0.714,0.357,0.219,0.64,0.242,0.314,0.286,0.464,0.263,0.546,0.487
52.66666667,0.273,0.516,0.694,0.612,0.428,0.376,0.386,0.213,0.447,1.005,0.625,0.219,0.356,0.512,0.884,0.573,0.487,0.403,0.66,0.689,0.681,0.761,0.568,0.436,0.359,0.394,0.626,0.61,0.437,0.475,0.659,0.477,0.479,0.694,0.729,0.64,0.632,0.502,0.209,0.435,0.263,0.515,0.636,0.361,0.442,0.438,0.714,0.357,0.219,0.64,0.242,0.314,0.285,0.464,0.263,0.546,0.486
52.75,0.272,0.515,0.694,0.613,0.428,0.375,0.386,0.213,0.448,1.006,0.627,0.224,0.357,0.512,0.885,0.573,0.486,0.403,0.66,0.689,0.681,0.76,0.569,0.436,0.359,0.394,0.626,0.611,0.437,0.476,0.663,0.477,0.479,0.695,0.729,0.639,0.632,0.504,0.21,0.435,0.263,0.516,0.636,0.361,0.443,0.438,0.714,0.357,0.219,0.64,0.242,0.314,0.285,0.465,0.263,0.546,0.487
52.83333333,0.272,0.515,0.694,0.613,0.428,0.375,0.386,0.213,0.448,1.006,0.628,0.221,0.357,0.511,0.885,0.573,0.487,0.404,0.66,0.689,0.681,0.76,0.569,0.436,0.359,0.394,0.626,0.611,0.437,0.476,0.669,0.477,0.48,0.695,0.73,0.639,0.632,0.503,0.21,0.435,0.263,0.516,0.636,0.361,0.443,0.438,0.714,0.358,0.22,0.641,0.242,0.314,0.285,0.466,0.264,0.546,0.487
52.91666667,0.272,0.515,0.694,0.613,0.428,0.374,0.386,0.214,0.448,1.006,0.63,0.244,0.357,0.511,0.885,0.573,0.487,0.404,0.66,0.69,0.681,0.76,0.57,0.437,0.359,0.394,0.626,0.611,0.438,0.476,0.675,0.478,0.48,0.695,0.73,0.639,0.632,0.503,0.211,0.436,0.263,0.516,0.636,0.361,0.443,0.439,0.713,0.358,0.22,0.641,0.241,0.314,0.285,0.466,0.265,0.545,0.486
53,0.272,0.515,0.694,0.614,0.428,0.374,0.387,0.214,0.448,1.006,0.63,0.252,0.358,0.511,0.885,0.574,0.487,0.405,0.66,0.69,0.681,0.76,0.57,0.436,0.359,0.393,0.626,0.611,0.438,0.477,0.681,0.478,0.48,0.695,0.73,0.639,0.632,0.502,0.211,0.436,0.263,0.517,0.636,0.361,0.443,0.439,0.714,0.358,0.22,0.641,0.241,0.314,0.285,0.467,0.265,0.546,0.486
53.08333333,0.272,0.515,0.694,0.615,0.427,0.373,0.387,0.215,0.449,1.006,0.631,0.23,0.358,0.511,0.885,0.573,0.487,0.406,0.66,0.69,0.681,0.76,0.571,0.437,0.358,0.393,0.625,0.611,0.438,0.477,0.689,0.478,0.48,0.695,0.73,0.639,0.632,0.501,0.212,0.436,0.263,0.517,0.637,0.361,0.443,0.439,0.713,0.358,0.22,0.641,0.241,0.314,0.285,0.468,0.266,0.545,0.486
53.16666667,0.272,0.514,0.695,0.616,0.427,0.372,0.387,0.215,0.449,1.006,0.632,0.238,0.359,0.511,0.886,0.573,0.487,0.406,0.66,0.69,0.681,0.759,0.571,0.437,0.358,0.393,0.625,0.611,0.439,0.478,0.696,0.478,0.481,0.696,0.73,0.638,0.632,0.5,0.212,0.436,0.263,0.517,0.637,0.361,0.443,0.44,0.713,0.359,0.221,0.642,0.241,0.314,0.285,0.468,0.266,0.545,0.486
53.25,0.272,0.514,0.694,0.616,0.427,0.372,0.387,0.215,0.449,1.006,0.633,0.234,0.359,0.51,0.886,0.573,0.488,0.406,0.661,0.691,0.681,0.759,0.571,0.437,0.358,0.393,0.625,0.61,0.439,0.478,0.704,0.479,0.481,0.696,0.731,0.638,0.632,0.5,0.213,0.437,0.262,0.518,0.637,0.36,0.444,0.44,0.713,0.359,0.221,0.642,0.241,0.314,0.285,0.469,0.267,0.546,0.486
53.33333333,0.272,0.514,0.694,0.618,0.427,0.371,0.387,0.215,0.449,1.006,0.634,0.236,0.359,0.51,0.886,0.574,0.488,0.407,0.661,0.691,0.682,0.759,0.571,0.437,0.358,0.393,0.625,0.61,0.439,0.479,0.713,0.479,0.481,0.696,0.731,0.638,0.632,0.499,0.213,0.437,0.263,0.518,0.637,0.36,0.444,0.44,0.713,0.359,0.221,0.642,0.241,0.314,0.285,0.47,0.267,0.545,0.486
53.41666667,0.271,0.514,0.695,0.62,0.426,0.371,0.388,0.216,0.449,1.006,0.635,0.244,0.36,0.51,0.886,0.574,0.488,0.407,0.661,0.691,0.682,0.758,0.572,0.437,0.358,0.393,0.625,0.611,0.439,0.481,0.721,0.48,0.481,0.696,0.731,0.638,0.632,0.499,0.214,0.437,0.263,0.519,0.637,0.36,0.444,0.441,0.712,0.36,0.221,0.642,0.241,0.314,0.285,0.47,0.268,0.545,0.485
53.5,0.271,0.513,0.695,0.622,0.426,0.37,0.388,0.216,0.449,1.006,0.636,0.239,0.36,0.51,0.886,0.574,0.488,0.408,0.661,0.692,0.681,0.758,0.572,0.438,0.357,0.393,0.625,0.611,0.44,0.484,0.731,0.48,0.481,0.696,0.731,0.638,0.632,0.499,0.214,0.438,0.262,0.519,0.638,0.36,0.444,0.441,0.713,0.36,0.221,0.642,0.241,0.313,0.285,0.471,0.268,0.545,0.485
53.58333333,0.271,0.513,0.695,0.624,0.426,0.369,0.388,0.216,0.45,1.007,0.638,0.245,0.361,0.509,0.887,0.575,0.489,0.409,0.661,0.692,0.681,0.758,0.572,0.438,0.358,0.393,0.624,0.611,0.44,0.487,0.74,0.48,0.482,0.697,0.731,0.638,0.632,0.499,0.215,0.438,0.262,0.519,0.638,0.36,0.444,0.441,0.713,0.361,0.222,0.642,0.241,0.314,0.285,0.471,0.269,0.545,0.485
53.66666667,0.271,0.513,0.695,0.628,0.426,0.368,0.388,0.217,0.449,1.007,0.639,0.252,0.361,0.509,0.887,0.575,0.489,0.409,0.662,0.692,0.681,0.758,0.573,0.438,0.357,0.393,0.624,0.61,0.44,0.49,0.749,0.481,0.482,0.697,0.732,0.637,0.632,0.498,0.215,0.438,0.262,0.52,0.638,0.359,0.444,0.441,0.713,0.36,0.222,0.643,0.241,0.313,0.285,0.472,0.269,0.545,0.485
53.75,0.271,0.513,0.695,0.633,0.426,0.368,0.389,0.217,0.449,1.007,0.644,0.218,0.361,0.509,0.887,0.575,0.489,0.409,0.661,0.692,0.681,0.757,0.573,0.438,0.357,0.393,0.624,0.61,0.441,0.491,0.758,0.481,0.482,0.697,0.731,0.637,0.632,0.498,0.216,0.438,0.262,0.52,0.638,0.359,0.444,0.441,0.712,0.361,0.222,0.643,0.241,0.313,0.285,0.473,0.27,0.545,0.485
53.83333333,0.271,0.512,0.695,0.64,0.426,0.368,0.389,0.218,0.45,1.007,0.645,0.215,0.362,0.508,0.887,0.575,0.489,0.41,0.662,0.693,0.681,0.757,0.573,0.439,0.357,0.393,0.624,0.61,0.441,0.492,0.767,0.481,0.482,0.697,0.732,0.637,0.632,0.498,0.217,0.439,0.262,0.52,0.638,0.359,0.445,0.442,0.711,0.361,0.222,0.643,0.241,0.313,0.285,0.473,0.27,0.545,0.485
53.91666667,0.271,0.513,0.695,0.649,0.425,0.367,0.389,0.218,0.45,1.007,0.647,0.219,0.362,0.508,0.887,0.575,0.489,0.411,0.661,0.693,0.681,0.757,0.573,0.439,0.357,0.393,0.624,0.61,0.441,0.493,0.775,0.481,0.482,0.697,0.732,0.637,0.632,0.498,0.217,0.439,0.262,0.52,0.638,0.359,0.445,0.441,0.711,0.362,0.223,0.643,0.241,0.313,0.285,0.474,0.271,0.545,0.485
54,0.271,0.512,0.695,0.663,0.425,0.366,0.389,0.218,0.45,1.007,0.648,0.224,0.362,0.508,0.888,0.575,0.49,0.411,0.662,0.693,0.681,0.757,0.574,0.439,0.357,0.392,0.624,0.61,0.442,0.492,0.784,0.481,0.483,0.697,0.732,0.637,0.632,0.497,0.218,0.439,0.262,0.521,0.639,0.359,0.445,0.442,0.711,0.362,0.223,0.643,0.241,0.313,0.285,0.474,0.271,0.544,0.484
54.08333333,0.27,0.512,0.695,0.682,0.425,0.366,0.389,0.218,0.45,1.007,0.651,0.238,0.363,0.508,0.888,0.575,0.49,0.412,0.662,0.693,0.681,0.756,0.574,0.439,0.356,0.392,0.623,0.61,0.442,0.492,0.793,0.482,0.482,0.697,0.732,0.637,0.632,0.497,0.218,0.439,0.262,0.521,0.638,0.359,0.445,0.442,0.711,0.362,0.223,0.644,0.241,0.313,0.285,0.475,0.272,0.544,0.484
54.16666667,0.27,0.512,0.695,0.706,0.424,0.365,0.389,0.219,0.45,1.008,0.651,0.224,0.363,0.507,0.888,0.576,0.49,0.412,0.662,0.694,0.682,0.756,0.574,0.44,0.356,0.392,0.623,0.61,0.442,0.491,0.802,0.482,0.483,0.697,0.732,0.636,0.633,0.497,0.218,0.44,0.262,0.521,0.639,0.358,0.445,0.443,0.711,0.362,0.223,0.644,0.241,0.313,0.285,0.476,0.272,0.544,0.484
54.25,0.27,0.512,0.695,0.735,0.424,0.365,0.389,0.219,0.45,1.008,0.653,0.23,0.364,0.507,0.888,0.576,0.49,0.413,0.662,0.694,0.682,0.756,0.575,0.44,0.356,0.392,0.623,0.61,0.442,0.491,0.809,0.482,0.483,0.698,0.733,0.636,0.633,0.496,0.219,0.44,0.262,0.522,0.639,0.358,0.446,0.443,0.711,0.363,0.224,0.644,0.241,0.313,0.285,0.476,0.273,0.544,0.484
54.33333333,0.27,0.511,0.695,0.771,0.424,0.364,0.389,0.22,0.45,1.008,0.659,0.231,0.364,0.507,0.888,0.576,0.49,0.413,0.662,0.694,0.681,0.755,0.575,0.44,0.356,0.392,0.622,0.61,0.442,0.491,0.817,0.482,0.483,0.698,0.733,0.636,0.633,0.496,0.22,0.44,0.262,0.522,0.639,0.358,0.445,0.443,0.71,0.363,0.224,0.644,0.241,0.313,0.284,0.477,0.273,0.544,0.484
54.41666667,0.27,0.511,0.695,0.807,0.424,0.364,0.39,0.22,0.45,1.008,0.679,0.236,0.364,0.507,0.889,0.576,0.491,0.414,0.663,0.695,0.682,0.755,0.575,0.44,0.356,0.392,0.623,0.61,0.442,0.491,0.825,0.483,0.483,0.698,0.733,0.636,0.633,0.495,0.22,0.441,0.262,0.522,0.639,0.358,0.446,0.443,0.711,0.363,0.224,0.645,0.241,0.313,0.284,0.478,0.274,0.544,0.484
54.5,0.27,0.511,0.695,0.835,0.424,0.363,0.39,0.22,0.45,1.008,0.668,0.268,0.365,0.506,0.889,0.576,0.491,0.415,0.663,0.695,0.681,0.755,0.575,0.44,0.355,0.392,0.622,0.61,0.443,0.491,0.832,0.483,0.484,0.698,0.733,0.636,0.633,0.495,0.221,0.441,0.262,0.523,0.639,0.358,0.446,0.443,0.711,0.363,0.224,0.645,0.241,0.313,0.284,0.478,0.274,0.544,0.483
54.58333333,0.27,0.511,0.695,0.861,0.424,0.363,0.39,0.221,0.45,1.008,0.67,0.227,0.365,0.506,0.889,0.576,0.491,0.415,0.663,0.695,0.682,0.755,0.575,0.441,0.355,0.392,0.622,0.61,0.443,0.49,0.839,0.483,0.484,0.699,0.733,0.636,0.633,0.495,0.222,0.441,0.262,0.523,0.64,0.358,0.446,0.444,0.711,0.364,0.224,0.645,0.241,0.313,0.284,0.479,0.275,0.544,0.483
54.66666667,0.27,0.51,0.695,0.885,0.423,0.362,0.39,0.221,0.45,1.008,0.671,0.25,0.365,0.506,0.889,0.576,0.491,0.416,0.663,0.695,0.684,0.755,0.576,0.441,0.355,0.392,0.622,0.61,0.443,0.49,0.846,0.483,0.484,0.699,0.734,0.635,0.634,0.494,0.222,0.441,0.262,0.523,0.64,0.357,0.446,0.444,0.71,0.364,0.225,0.645,0.241,0.313,0.284,0.479,0.275,0.544,0.484
54.75,0.269,0.51,0.695,0.907,0.423,0.362,0.391,0.221,0.45,1.008,0.674,0.277,0.366,0.505,0.89,0.577,0.492,0.416,0.663,0.696,0.684,0.754,0.576,0.441,0.355,0.391,0.622,0.61,0.444,0.491,0.853,0.484,0.484,0.699,0.733,0.635,0.634,0.494,0.223,0.442,0.262,0.523,0.64,0.357,0.446,0.444,0.71,0.364,0.225,0.645,0.241,0.313,0.284,0.48,0.276,0.543,0.483
54.83333333,0.27,0.51,0.695,0.925,0.423,0.361,0.391,0.222,0.45,1.008,0.675,0.245,0.366,0.505,0.89,0.577,0.492,0.417,0.663,0.696,0.685,0.754,0.576,0.441,0.355,0.392,0.622,0.61,0.444,0.491,0.858,0.484,0.484,0.699,0.734,0.635,0.634,0.494,0.223,0.442,0.261,0.524,0.64,0.357,0.447,0.444,0.71,0.365,0.225,0.645,0.241,0.312,0.284,0.481,0.276,0.544,0.483
54.91666667,0.269,0.51,0.695,0.943,0.423,0.361,0.391,0.222,0.451,1.008,0.678,0.267,0.367,0.505,0.89,0.577,0.493,0.418,0.663,0.697,0.686,0.754,0.577,0.442,0.355,0.392,0.622,0.61,0.445,0.491,0.863,0.485,0.484,0.699,0.734,0.635,0.634,0.494,0.224,0.443,0.261,0.524,0.64,0.357,0.447,0.445,0.71,0.365,0.225,0.646,0.241,0.312,0.284,0.481,0.277,0.543,0.483
55,0.269,0.509,0.696,0.959,0.423,0.36,0.391,0.222,0.451,1.008,0.68,0.258,0.367,0.505,0.89,0.577,0.493,0.418,0.664,0.697,0.686,0.753,0.577,0.442,0.355,0.392,0.621,0.609,0.445,0.492,0.868,0.485,0.485,0.699,0.734,0.635,0.634,0.493,0.224,0.443,0.261,0.524,0.64,0.357,0.447,0.445,0.71,0.365,0.226,0.646,0.241,0.313,0.284,0.482,0.277,0.543,0.483
55.08333333,0.269,0.509,0.695,0.974,0.422,0.36,0.391,0.223,0.451,1.008,0.681,0.229,0.367,0.504,0.89,0.577,0.493,0.418,0.663,0.697,0.688,0.753,0.578,0.442,0.354,0.392,0.621,0.61,0.445,0.493,0.872,0.486,0.485,0.699,0.734,0.634,0.634,0.493,0.225,0.443,0.261,0.524,0.64,0.356,0.447,0.445,0.71,0.366,0.226,0.646,0.24,0.312,0.284,0.483,0.278,0.543,0.483
55.16666667,0.269,0.509,0.696,0.987,0.422,0.359,0.392,0.223,0.451,1.008,0.682,0.25,0.367,0.504,0.89,0.578,0.493,0.42,0.664,0.697,0.689,0.753,0.578,0.442,0.354,0.391,0.621,0.61,0.445,0.493,0.877,0.486,0.485,0.699,0.734,0.634,0.634,0.493,0.226,0.443,0.261,0.525,0.64,0.356,0.447,0.446,0.71,0.366,0.226,0.646,0.24,0.312,0.284,0.483,0.278,0.543,0.482
55.25,0.269,0.509,0.695,0.999,0.422,0.359,0.392,0.223,0.451,1.009,0.684,0.227,0.368,0.504,0.89,0.578,0.493,0.42,0.664,0.697,0.69,0.753,0.579,0.443,0.354,0.391,0.621,0.61,0.445,0.494,0.881,0.486,0.485,0.7,0.734,0.634,0.634,0.492,0.226,0.444,0.261,0.525,0.641,0.356,0.447,0.446,0.709,0.366,0.226,0.647,0.24,0.312,0.284,0.484,0.279,0.543,0.482
55.33333333,0.269,0.509,0.696,1.008,0.422,0.359,0.392,0.224,0.451,1.009,0.685,0.234,0.368,0.503,0.89,0.578,0.493,0.42,0.664,0.698,0.691,0.752,0.579,0.443,0.353,0.391,0.62,0.61,0.445,0.494,0.885,0.486,0.485,0.7,0.735,0.634,0.634,0.492,0.227,0.444,0.261,0.525,0.641,0.356,0.448,0.446,0.708,0.367,0.226,0.647,0.24,0.312,0.284,0.485,0.279,0.543,0.482
55.41666667,0.269,0.509,0.696,1.017,0.421,0.358,0.392,0.224,0.452,1.009,0.686,0.245,0.369,0.503,0.89,0.578,0.493,0.421,0.664,0.698,0.691,0.752,0.579,0.443,0.353,0.391,0.62,0.609,0.446,0.495,0.889,0.487,0.485,0.7,0.735,0.634,0.634,0.492,0.227,0.444,0.261,0.525,0.641,0.356,0.447,0.446,0.709,0.367,0.227,0.647,0.24,0.312,0.284,0.485,0.28,0.543,0.482
55.5,0.269,0.508,0.695,1.026,0.421,0.358,0.392,0.225,0.452,1.009,0.688,0.231,0.369,0.503,0.891,0.578,0.494,0.422,0.664,0.698,0.692,0.752,0.58,0.443,0.353,0.391,0.62,0.61,0.446,0.496,0.892,0.487,0.485,0.7,0.735,0.634,0.635,0.492,0.228,0.445,0.261,0.526,0.641,0.355,0.448,0.446,0.708,0.367,0.227,0.647,0.24,0.312,0.284,0.486,0.28,0.543,0.482
55.58333333,0.268,0.508,0.696,1.033,0.421,0.357,0.392,0.225,0.452,1.009,0.69,0.232,0.369,0.503,0.891,0.578,0.494,0.422,0.664,0.699,0.693,0.752,0.58,0.443,0.353,0.391,0.62,0.61,0.447,0.496,0.895,0.487,0.486,0.7,0.735,0.634,0.635,0.491,0.229,0.445,0.261,0.526,0.641,0.355,0.448,0.447,0.708,0.367,0.227,0.647,0.24,0.312,0.284,0.487,0.281,0.542,0.482
55.66666667,0.268,0.508,0.696,1.042,0.421,0.357,0.393,0.225,0.452,1.009,0.691,0.224,0.37,0.503,0.891,0.579,0.494,0.423,0.664,0.699,0.693,0.752,0.58,0.444,0.353,0.391,0.62,0.61,0.447,0.497,0.899,0.488,0.486,0.701,0.736,0.633,0.635,0.491,0.229,0.446,0.261,0.526,0.641,0.355,0.448,0.447,0.708,0.368,0.228,0.648,0.24,0.312,0.284,0.487,0.281,0.542,0.482
55.75,0.268,0.508,0.696,1.049,0.421,0.356,0.392,0.225,0.452,1.009,0.694,0.235,0.37,0.502,0.891,0.579,0.494,0.424,0.664,0.699,0.694,0.751,0.58,0.443,0.353,0.391,0.619,0.61,0.447,0.497,0.901,0.487,0.486,0.7,0.736,0.633,0.635,0.491,0.23,0.446,0.261,0.526,0.641,0.355,0.448,0.447,0.708,0.368,0.228,0.648,0.24,0.312,0.283,0.488,0.281,0.542,0.481
55.83333333,0.268,0.507,0.696,1.056,0.42,0.356,0.392,0.226,0.452,1.009,0.695,0.236,0.37,0.502,0.891,0.579,0.495,0.425,0.664,0.699,0.695,0.751,0.58,0.444,0.353,0.39,0.619,0.61,0.447,0.497,0.904,0.488,0.486,0.701,0.735,0.633,0.635,0.49,0.23,0.446,0.261,0.527,0.641,0.355,0.448,0.447,0.708,0.368,0.228,0.648,0.24,0.312,0.283,0.488,0.282,0.542,0.481
55.91666667,0.268,0.507,0.696,1.06,0.42,0.356,0.392,0.226,0.452,1.009,0.697,0.259,0.371,0.501,0.891,0.58,0.495,0.425,0.665,0.7,0.696,0.751,0.581,0.444,0.352,0.39,0.619,0.61,0.447,0.498,0.907,0.488,0.486,0.701,0.736,0.633,0.635,0.49,0.231,0.446,0.261,0.527,0.642,0.354,0.448,0.447,0.708,0.368,0.228,0.648,0.24,0.311,0.283,0.489,0.283,0.542,0.481
56,0.268,0.507,0.696,1.064,0.42,0.355,0.393,0.226,0.453,1.01,0.699,0.253,0.371,0.501,0.892,0.579,0.495,0.426,0.665,0.7,0.697,0.75,0.581,0.444,0.352,0.39,0.619,0.61,0.448,0.498,0.91,0.488,0.487,0.701,0.736,0.633,0.636,0.49,0.231,0.446,0.26,0.527,0.642,0.354,0.449,0.448,0.708,0.369,0.228,0.648,0.24,0.311,0.283,0.49,0.283,0.542,0.481
56.08333333,0.268,0.507,0.696,1.069,0.42,0.355,0.393,0.227,0.453,1.01,0.7,0.258,0.371,0.501,0.892,0.58,0.495,0.427,0.665,0.7,0.698,0.75,0.582,0.444,0.352,0.391,0.619,0.609,0.448,0.499,0.912,0.488,0.487,0.701,0.736,0.633,0.636,0.49,0.232,0.447,0.261,0.528,0.642,0.354,0.449,0.448,0.708,0.369,0.228,0.649,0.24,0.312,0.284,0.491,0.284,0.542,0.481
56.16666667,0.268,0.507,0.696,1.073,0.419,0.354,0.393,0.227,0.453,1.01,0.702,0.299,0.372,0.501,0.892,0.58,0.495,0.428,0.665,0.7,0.699,0.75,0.582,0.445,0.352,0.39,0.619,0.609,0.448,0.5,0.914,0.489,0.487,0.701,0.737,0.633,0.636,0.489,0.233,0.447,0.261,0.528,0.642,0.354,0.449,0.448,0.708,0.369,0.229,0.649,0.24,0.311,0.283,0.491,0.284,0.542,0.481
56.25,0.268,0.506,0.697,1.076,0.419,0.354,0.393,0.227,0.453,1.01,0.703,0.248,0.372,0.501,0.892,0.58,0.495,0.428,0.666,0.701,0.699,0.75,0.582,0.445,0.352,0.39,0.618,0.609,0.448,0.5,0.915,0.489,0.487,0.701,0.737,0.633,0.636,0.489,0.234,0.447,0.261,0.528,0.644,0.354,0.449,0.449,0.708,0.369,0.229,0.649,0.24,0.311,0.283,0.492,0.285,0.541,0.481
56.33333333,0.268,0.506,0.697,1.08,0.419,0.354,0.394,0.228,0.453,1.01,0.704,0.253,0.373,0.5,0.893,0.58,0.495,0.429,0.666,0.701,0.698,0.749,0.582,0.445,0.352,0.39,0.618,0.609,0.449,0.5,0.918,0.489,0.487,0.702,0.737,0.633,0.636,0.489,0.234,0.448,0.26,0.529,0.645,0.354,0.449,0.449,0.708,0.37,0.229,0.649,0.24,0.311,0.283,0.492,0.285,0.542,0.481
56.41666667,0.267,0.506,0.697,1.085,0.419,0.353,0.394,0.228,0.453,1.01,0.707,0.248,0.373,0.5,0.893,0.58,0.496,0.43,0.665,0.702,0.699,0.749,0.583,0.446,0.351,0.39,0.618,0.609,0.449,0.501,0.921,0.49,0.488,0.702,0.737,0.632,0.636,0.489,0.235,0.449,0.26,0.528,0.645,0.353,0.449,0.45,0.708,0.37,0.23,0.649,0.24,0.311,0.283,0.493,0.286,0.541,0.48
56.5,0.267,0.506,0.696,1.088,0.419,0.353,0.394,0.229,0.453,1.01,0.708,0.235,0.373,0.5,0.892,0.58,0.496,0.431,0.665,0.701,0.699,0.749,0.583,0.446,0.351,0.39,0.617,0.609,0.449,0.501,0.922,0.49,0.487,0.702,0.737,0.632,0.636,0.489,0.235,0.449,0.26,0.528,0.645,0.353,0.449,0.449,0.707,0.37,0.23,0.65,0.24,0.311,0.283,0.493,0.286,0.541,0.48
56.58333333,0.267,0.506,0.697,1.089,0.419,0.352,0.394,0.229,0.453,1.011,0.709,0.235,0.374,0.499,0.892,0.581,0.496,0.431,0.665,0.702,0.7,0.748,0.584,0.446,0.351,0.39,0.617,0.609,0.45,0.502,0.923,0.49,0.488,0.702,0.737,0.632,0.636,0.489,0.236,0.449,0.26,0.529,0.645,0.353,0.45,0.449,0.707,0.371,0.23,0.65,0.24,0.311,0.283,0.495,0.287,0.541,0.48
56.66666667,0.267,0.505,0.697,1.093,0.418,0.352,0.394,0.23,0.453,1.011,0.71,0.279,0.374,0.499,0.894,0.581,0.496,0.432,0.666,0.702,0.7,0.748,0.584,0.446,0.351,0.39,0.617,0.609,0.45,0.502,0.925,0.49,0.488,0.702,0.738,0.632,0.636,0.488,0.236,0.449,0.26,0.529,0.644,0.353,0.45,0.45,0.707,0.371,0.23,0.651,0.24,0.311,0.283,0.495,0.287,0.541,0.48
56.75,0.267,0.505,0.697,1.097,0.418,0.352,0.394,0.23,0.453,1.011,0.711,0.25,0.374,0.499,0.894,0.581,0.497,0.433,0.666,0.702,0.7,0.748,0.584,0.446,0.351,0.39,0.617,0.609,0.45,0.502,0.927,0.491,0.488,0.702,0.738,0.632,0.637,0.488,0.237,0.449,0.26,0.53,0.644,0.353,0.45,0.45,0.707,0.371,0.231,0.65,0.24,0.311,0.283,0.495,0.288,0.541,0.48
56.83333333,0.267,0.505,0.697,1.1,0.418,0.351,0.394,0.23,0.453,1.011,0.713,0.235,0.374,0.498,0.893,0.581,0.497,0.434,0.666,0.702,0.7,0.748,0.584,0.446,0.35,0.389,0.617,0.609,0.45,0.502,0.928,0.491,0.488,0.703,0.738,0.632,0.636,0.488,0.238,0.45,0.26,0.529,0.644,0.352,0.45,0.45,0.707,0.372,0.231,0.651,0.24,0.311,0.283,0.496,0.288,0.541,0.48
56.91666667,0.267,0.505,0.697,1.101,0.418,0.351,0.394,0.231,0.453,1.012,0.714,0.244,0.375,0.498,0.893,0.581,0.497,0.434,0.666,0.702,0.701,0.748,0.585,0.446,0.35,0.389,0.617,0.609,0.451,0.502,0.93,0.491,0.488,0.703,0.738,0.632,0.637,0.488,0.238,0.45,0.26,0.53,0.643,0.352,0.45,0.451,0.706,0.372,0.231,0.651,0.24,0.311,0.283,0.497,0.289,0.541,0.479
57,0.267,0.505,0.697,1.103,0.418,0.35,0.395,0.231,0.453,1.011,0.715,0.24,0.375,0.498,0.894,0.582,0.498,0.435,0.666,0.703,0.701,0.747,0.585,0.447,0.35,0.389,0.617,0.609,0.451,0.503,0.931,0.492,0.489,0.703,0.738,0.632,0.637,0.488,0.239,0.45,0.26,0.53,0.643,0.352,0.45,0.451,0.706,0.372,0.231,0.651,0.24,0.311,0.283,0.497,0.289,0.54,0.479
57.08333333,0.267,0.505,0.697,1.107,0.417,0.35,0.395,0.231,0.454,1.012,0.716,0.238,0.375,0.498,0.894,0.582,0.498,0.436,0.666,0.703,0.701,0.747,0.586,0.447,0.35,0.389,0.616,0.609,0.451,0.503,0.932,0.492,0.489,0.703,0.738,0.631,0.637,0.488,0.24,0.451,0.26,0.53,0.642,0.352,0.45,0.451,0.706,0.372,0.232,0.651,0.24,0.311,0.283,0.498,0.29,0.541,0.479
57.16666667,0.266,0.504,0.697,1.109,0.417,0.35,0.395,0.232,0.454,1.012,0.717,0.276,0.376,0.497,0.894,0.582,0.498,0.437,0.667,0.703,0.702,0.747,0.585,0.447,0.35,0.389,0.616,0.609,0.451,0.503,0.933,0.492,0.489,0.703,0.738,0.631,0.637,0.487,0.24,0.45,0.26,0.53,0.641,0.351,0.451,0.452,0.706,0.372,0.232,0.651,0.24,0.31,0.283,0.498,0.29,0.541,0.479
57.25,0.266,0.504,0.698,1.112,0.417,0.349,0.395,0.232,0.454,1.012,0.719,0.279,0.376,0.497,0.894,0.583,0.498,0.438,0.667,0.703,0.702,0.747,0.586,0.447,0.35,0.389,0.616,0.609,0.452,0.503,0.936,0.493,0.489,0.704,0.738,0.632,0.638,0.488,0.241,0.451,0.26,0.531,0.641,0.351,0.451,0.452,0.706,0.373,0.232,0.652,0.24,0.311,0.283,0.499,0.291,0.54,0.479
57.33333333,0.266,0.504,0.698,1.113,0.417,0.349,0.395,0.232,0.454,1.012,0.72,0.257,0.376,0.497,0.894,0.583,0.498,0.439,0.667,0.703,0.702,0.746,0.586,0.447,0.349,0.389,0.616,0.609,0.452,0.503,0.936,0.493,0.49,0.703,0.738,0.631,0.637,0.487,0.242,0.451,0.26,0.531,0.641,0.351,0.451,0.452,0.706,0.373,0.232,0.652,0.24,0.311,0.283,0.5,0.291,0.54,0.479
57.41666667,0.266,0.504,0.698,1.114,0.416,0.348,0.396,0.233,0.454,1.012,0.721,0.266,0.376,0.496,0.894,0.583,0.499,0.439,0.667,0.704,0.702,0.746,0.587,0.447,0.349,0.389,0.616,0.609,0.452,0.504,0.94,0.493,0.49,0.704,0.739,0.631,0.638,0.487,0.242,0.451,0.26,0.531,0.641,0.351,0.451,0.452,0.706,0.373,0.232,0.653,0.24,0.311,0.283,0.5,0.292,0.54,0.479
57.5,0.266,0.503,0.697,1.116,0.417,0.348,0.396,0.233,0.454,1.012,0.722,0.259,0.377,0.496,0.895,0.583,0.499,0.44,0.667,0.704,0.702,0.746,0.587,0.448,0.349,0.389,0.616,0.609,0.452,0.504,0.944,0.494,0.49,0.704,0.739,0.631,0.638,0.487,0.243,0.452,0.26,0.531,0.641,0.351,0.451,0.453,0.706,0.374,0.233,0.653,0.239,0.31,0.283,0.501,0.292,0.54,0.479
57.58333333,0.266,0.503,0.698,1.119,0.416,0.348,0.396,0.234,0.455,1.012,0.723,0.264,0.377,0.496,0.895,0.583,0.499,0.441,0.667,0.705,0.702,0.746,0.587,0.448,0.349,0.389,0.615,0.609,0.452,0.504,0.946,0.494,0.49,0.704,0.739,0.631,0.638,0.487,0.244,0.452,0.26,0.532,0.64,0.35,0.451,0.453,0.706,0.374,0.233,0.653,0.239,0.31,0.283,0.502,0.293,0.54,0.478
57.66666667,0.266,0.503,0.698,1.12,0.416,0.347,0.396,0.234,0.455,1.013,0.724,0.267,0.377,0.496,0.895,0.583,0.499,0.442,0.667,0.705,0.703,0.745,0.587,0.448,0.349,0.389,0.615,0.608,0.453,0.504,0.948,0.494,0.49,0.704,0.739,0.631,0.638,0.487,0.245,0.452,0.26,0.532,0.64,0.35,0.452,0.453,0.706,0.374,0.233,0.653,0.239,0.311,0.283,0.502,0.293,0.54,0.478
57.75,0.266,0.503,0.698,1.121,0.416,0.347,0.396,0.234,0.455,1.012,0.725,0.27,0.378,0.496,0.895,0.584,0.5,0.443,0.667,0.705,0.702,0.745,0.587,0.448,0.348,0.389,0.615,0.608,0.453,0.504,0.95,0.494,0.49,0.705,0.74,0.631,0.638,0.486,0.245,0.452,0.26,0.532,0.64,0.35,0.452,0.453,0.706,0.374,0.233,0.653,0.239,0.31,0.283,0.503,0.294,0.54,0.478
57.83333333,0.266,0.503,0.698,1.123,0.415,0.347,0.397,0.235,0.455,1.013,0.726,0.281,0.378,0.495,0.896,0.584,0.5,0.443,0.668,0.705,0.702,0.745,0.588,0.448,0.348,0.389,0.615,0.608,0.453,0.504,0.951,0.495,0.49,0.705,0.74,0.63,0.638,0.486,0.246,0.453,0.26,0.532,0.64,0.35,0.452,0.453,0.706,0.375,0.233,0.653,0.239,0.31,0.282,0.503,0.294,0.539,0.478
57.91666667,0.266,0.503,0.699,1.125,0.415,0.346,0.397,0.235,0.455,1.013,0.727,0.302,0.378,0.495,0.896,0.584,0.5,0.444,0.668,0.706,0.702,0.745,0.588,0.449,0.348,0.389,0.615,0.608,0.454,0.504,0.954,0.495,0.491,0.705,0.74,0.631,0.638,0.487,0.247,0.454,0.26,0.532,0.64,0.35,0.452,0.453,0.706,0.375,0.234,0.653,0.239,0.31,0.283,0.504,0.295,0.539,0.478
58,0.266,0.502,0.698,1.127,0.415,0.346,0.397,0.235,0.455,1.013,0.728,0.25,0.379,0.495,0.895,0.584,0.5,0.445,0.667,0.705,0.703,0.744,0.588,0.449,0.348,0.388,0.614,0.608,0.454,0.504,0.955,0.495,0.491,0.705,0.74,0.631,0.638,0.487,0.248,0.454,0.26,0.532,0.64,0.35,0.452,0.454,0.705,0.375,0.234,0.654,0.239,0.31,0.282,0.505,0.295,0.539,0.478
58.08333333,0.265,0.502,0.698,1.128,0.415,0.345,0.397,0.236,0.455,1.013,0.729,0.256,0.379,0.495,0.896,0.584,0.5,0.446,0.668,0.706,0.703,0.744,0.589,0.449,0.348,0.388,0.614,0.609,0.455,0.504,0.957,0.495,0.491,0.705,0.74,0.63,0.638,0.485,0.248,0.454,0.259,0.532,0.64,0.349,0.452,0.454,0.705,0.375,0.234,0.654,0.239,0.31,0.282,0.505,0.296,0.539,0.478
58.16666667,0.265,0.501,0.699,1.129,0.415,0.345,0.397,0.236,0.456,1.013,0.729,0.292,0.379,0.494,0.896,0.585,0.5,0.447,0.668,0.706,0.703,0.744,0.589,0.449,0.348,0.388,0.614,0.609,0.455,0.504,0.959,0.496,0.491,0.705,0.739,0.63,0.638,0.483,0.249,0.454,0.259,0.533,0.64,0.349,0.452,0.454,0.705,0.376,0.234,0.654,0.239,0.31,0.282,0.506,0.296,0.539,0.477
58.25,0.265,0.502,0.699,1.129,0.415,0.345,0.397,0.237,0.456,1.013,0.73,0.292,0.38,0.494,0.896,0.585,0.501,0.448,0.668,0.706,0.703,0.744,0.589,0.449,0.348,0.388,0.614,0.609,0.455,0.504,0.96,0.496,0.491,0.705,0.74,0.63,0.639,0.482,0.25,0.455,0.259,0.533,0.64,0.349,0.453,0.455,0.706,0.376,0.235,0.654,0.239,0.31,0.282,0.506,0.297,0.539,0.477
58.33333333,0.265,0.501,0.698,1.13,0.414,0.344,0.397,0.237,0.456,1.013,0.731,0.264,0.38,0.494,0.896,0.585,0.501,0.448,0.668,0.706,0.703,0.744,0.589,0.449,0.347,0.388,0.613,0.608,0.455,0.503,0.962,0.496,0.491,0.705,0.74,0.63,0.638,0.482,0.25,0.455,0.259,0.533,0.64,0.349,0.453,0.455,0.705,0.376,0.235,0.655,0.239,0.31,0.282,0.507,0.297,0.539,0.477
58.41666667,0.265,0.501,0.699,1.133,0.414,0.344,0.397,0.237,0.456,1.013,0.731,0.27,0.38,0.493,0.897,0.585,0.501,0.449,0.668,0.707,0.703,0.743,0.59,0.45,0.347,0.388,0.613,0.608,0.455,0.503,0.963,0.496,0.491,0.706,0.74,0.63,0.638,0.482,0.251,0.455,0.259,0.533,0.641,0.349,0.453,0.455,0.705,0.376,0.235,0.654,0.239,0.31,0.282,0.507,0.298,0.539,0.477
58.5,0.265,0.501,0.699,1.133,0.414,0.344,0.398,0.238,0.456,1.014,0.732,0.289,0.381,0.493,0.896,0.585,0.501,0.45,0.668,0.707,0.704,0.743,0.59,0.45,0.347,0.388,0.613,0.609,0.456,0.504,0.965,0.497,0.492,0.706,0.741,0.63,0.638,0.482,0.252,0.456,0.259,0.533,0.641,0.349,0.453,0.455,0.705,0.377,0.235,0.655,0.239,0.31,0.282,0.508,0.299,0.539,0.477
58.58333333,0.264,0.501,0.699,1.134,0.414,0.343,0.398,0.238,0.456,1.013,0.733,0.266,0.381,0.493,0.896,0.586,0.502,0.451,0.668,0.707,0.704,0.743,0.59,0.45,0.347,0.388,0.613,0.608,0.456,0.504,0.966,0.497,0.492,0.706,0.741,0.63,0.638,0.483,0.253,0.456,0.259,0.533,0.641,0.349,0.453,0.456,0.705,0.377,0.236,0.655,0.239,0.31,0.282,0.509,0.299,0.538,0.477
58.66666667,0.265,0.501,0.699,1.133,0.414,0.343,0.398,0.239,0.456,1.013,0.734,0.272,0.381,0.493,0.897,0.586,0.502,0.452,0.668,0.707,0.703,0.742,0.591,0.45,0.346,0.388,0.613,0.608,0.457,0.504,0.966,0.497,0.492,0.705,0.741,0.629,0.638,0.483,0.253,0.456,0.259,0.533,0.641,0.348,0.454,0.456,0.704,0.377,0.236,0.655,0.239,0.31,0.282,0.509,0.299,0.538,0.477
58.75,0.264,0.5,0.699,1.134,0.413,0.343,0.398,0.239,0.456,1.014,0.733,0.273,0.382,0.493,0.897,0.586,0.502,0.453,0.669,0.707,0.704,0.742,0.591,0.45,0.346,0.387,0.612,0.608,0.456,0.503,0.967,0.498,0.492,0.706,0.741,0.63,0.638,0.483,0.254,0.456,0.259,0.534,0.641,0.348,0.454,0.457,0.704,0.377,0.236,0.655,0.239,0.31,0.282,0.51,0.3,0.538,0.477
58.83333333,0.264,0.5,0.699,1.134,0.413,0.343,0.398,0.239,0.456,1.014,0.734,0.303,0.382,0.492,0.897,0.586,0.502,0.454,0.669,0.707,0.704,0.742,0.592,0.451,0.346,0.388,0.612,0.608,0.457,0.503,0.969,0.498,0.492,0.706,0.741,0.63,0.638,0.483,0.255,0.456,0.259,0.534,0.641,0.348,0.454,0.457,0.705,0.378,0.236,0.655,0.239,0.31,0.282,0.51,0.301,0.538,0.476
58.91666667,0.264,0.5,0.699,1.134,0.413,0.342,0.398,0.24,0.456,1.014,0.735,0.305,0.382,0.492,0.897,0.586,0.502,0.454,0.669,0.708,0.704,0.742,0.591,0.451,0.346,0.387,0.612,0.608,0.457,0.503,0.97,0.498,0.492,0.706,0.742,0.629,0.639,0.483,0.256,0.457,0.259,0.534,0.641,0.348,0.454,0.458,0.705,0.378,0.237,0.656,0.239,0.309,0.282,0.511,0.301,0.538,0.476
59,0.264,0.5,0.7,1.137,0.413,0.342,0.398,0.24,0.456,1.014,0.736,0.271,0.382,0.492,0.898,0.586,0.503,0.455,0.669,0.708,0.704,0.741,0.592,0.451,0.346,0.387,0.612,0.608,0.457,0.503,0.97,0.498,0.492,0.707,0.742,0.63,0.639,0.483,0.256,0.457,0.259,0.534,0.641,0.348,0.454,0.458,0.705,0.379,0.237,0.656,0.239,0.309,0.282,0.511,0.302,0.538,0.476
59.08333333,0.264,0.5,0.7,1.137,0.412,0.342,0.399,0.241,0.456,1.014,0.736,0.331,0.383,0.492,0.898,0.587,0.503,0.457,0.669,0.708,0.703,0.741,0.592,0.451,0.346,0.387,0.612,0.609,0.458,0.502,0.972,0.498,0.493,0.707,0.742,0.629,0.639,0.484,0.257,0.457,0.259,0.534,0.641,0.348,0.454,0.458,0.705,0.378,0.237,0.655,0.239,0.309,0.282,0.512,0.302,0.538,0.476
59.16666667,0.264,0.5,0.7,1.137,0.412,0.341,0.399,0.241,0.456,1.014,0.737,0.303,0.383,0.492,0.898,0.587,0.503,0.458,0.669,0.709,0.703,0.741,0.593,0.451,0.345,0.387,0.612,0.608,0.458,0.502,0.973,0.499,0.493,0.707,0.742,0.629,0.639,0.484,0.258,0.458,0.259,0.535,0.641,0.347,0.454,0.459,0.705,0.379,0.237,0.656,0.239,0.31,0.282,0.513,0.303,0.537,0.476
59.25,0.264,0.499,0.7,1.14,0.412,0.341,0.399,0.241,0.456,1.014,0.738,0.306,0.383,0.491,0.898,0.587,0.503,0.458,0.669,0.709,0.703,0.741,0.593,0.451,0.345,0.387,0.611,0.608,0.458,0.502,0.973,0.499,0.493,0.706,0.742,0.629,0.639,0.484,0.259,0.459,0.259,0.535,0.641,0.347,0.454,0.459,0.705,0.379,0.238,0.656,0.239,0.309,0.282,0.513,0.303,0.537,0.476
59.33333333,0.264,0.499,0.7,1.141,0.412,0.341,0.399,0.242,0.456,1.014,0.738,0.272,0.384,0.491,0.898,0.587,0.503,0.459,0.669,0.709,0.704,0.741,0.593,0.452,0.345,0.387,0.611,0.608,0.459,0.502,0.974,0.499,0.493,0.707,0.742,0.63,0.639,0.484,0.259,0.459,0.259,0.535,0.641,0.347,0.455,0.459,0.704,0.379,0.238,0.656,0.239,0.309,0.282,0.514,0.304,0.537,0.476
59.41666667,0.264,0.499,0.7,1.141,0.412,0.341,0.399,0.242,0.456,1.014,0.738,0.28,0.384,0.491,0.899,0.587,0.504,0.46,0.669,0.708,0.704,0.74,0.594,0.452,0.345,0.387,0.611,0.608,0.459,0.502,0.974,0.5,0.493,0.707,0.742,0.63,0.638,0.485,0.26,0.459,0.259,0.535,0.642,0.347,0.455,0.459,0.704,0.38,0.238,0.656,0.239,0.309,0.282,0.514,0.304,0.537,0.475
59.5,0.264,0.499,0.7,1.141,0.412,0.34,0.4,0.243,0.457,1.015,0.739,0.274,0.384,0.491,0.903,0.587,0.504,0.461,0.669,0.709,0.704,0.74,0.594,0.452,0.345,0.387,0.61,0.608,0.459,0.502,0.975,0.5,0.493,0.707,0.743,0.63,0.639,0.485,0.261,0.459,0.259,0.535,0.641,0.347,0.455,0.46,0.704,0.38,0.238,0.657,0.239,0.309,0.281,0.515,0.305,0.537,0.475
59.58333333,0.263,0.499,0.7,1.14,0.412,0.34,0.399,0.243,0.456,1.014,0.739,0.309,0.385,0.49,0.905,0.588,0.504,0.462,0.67,0.71,0.704,0.74,0.594,0.452,0.345,0.387,0.611,0.608,0.459,0.502,0.976,0.5,0.493,0.708,0.743,0.63,0.639,0.485,0.262,0.46,0.259,0.535,0.642,0.347,0.455,0.46,0.705,0.38,0.239,0.656,0.239,0.309,0.281,0.516,0.305,0.537,0.475
59.66666667,0.263,0.498,0.7,1.14,0.411,0.339,0.399,0.244,0.457,1.015,0.739,0.269,0.385,0.49,0.904,0.588,0.504,0.463,0.67,0.709,0.704,0.739,0.595,0.452,0.345,0.387,0.61,0.608,0.459,0.501,0.976,0.5,0.494,0.707,0.743,0.629,0.639,0.486,0.262,0.46,0.258,0.535,0.642,0.346,0.455,0.461,0.704,0.38,0.239,0.657,0.238,0.309,0.281,0.516,0.306,0.537,0.475
59.75,0.263,0.498,0.7,1.141,0.411,0.339,0.4,0.244,0.457,1.015,0.74,0.287,0.385,0.49,0.906,0.588,0.504,0.464,0.67,0.71,0.704,0.739,0.595,0.453,0.344,0.387,0.61,0.608,0.46,0.501,0.977,0.501,0.494,0.707,0.743,0.629,0.639,0.486,0.263,0.46,0.259,0.536,0.642,0.346,0.455,0.461,0.704,0.381,0.239,0.657,0.239,0.309,0.281,0.517,0.307,0.536,0.475
59.83333333,0.263,0.498,0.7,1.14,0.41,0.339,0.4,0.244,0.457,1.015,0.74,0.345,0.385,0.49,0.907,0.588,0.504,0.465,0.67,0.71,0.703,0.739,0.595,0.453,0.344,0.386,0.61,0.608,0.46,0.501,0.978,0.501,0.494,0.707,0.743,0.629,0.639,0.486,0.264,0.46,0.259,0.536,0.642,0.346,0.456,0.461,0.704,0.381,0.239,0.657,0.238,0.309,0.281,0.517,0.307,0.536,0.475
59.91666667,0.263,0.498,0.701,1.137,0.411,0.338,0.4,0.245,0.457,1.015,0.74,0.292,0.386,0.489,0.908,0.588,0.504,0.466,0.67,0.71,0.703,0.739,0.595,0.453,0.344,0.386,0.61,0.608,0.46,0.501,0.978,0.501,0.494,0.708,0.743,0.629,0.639,0.486,0.265,0.46,0.258,0.536,0.642,0.346,0.456,0.461,0.704,0.381,0.239,0.658,0.238,0.309,0.281,0.518,0.307,0.536,0.475
60,0.263,0.498,0.701,1.14,0.41,0.338,0.4,0.245,0.457,1.015,0.741,0.304,0.386,0.489,0.909,0.589,0.505,0.467,0.67,0.71,0.703,0.738,0.596,0.453,0.344,0.386,0.609,0.608,0.461,0.501,0.979,0.501,0.495,0.708,0.743,0.629,0.639,0.486,0.266,0.46,0.258,0.536,0.642,0.346,0.456,0.462,0.704,0.381,0.239,0.658,0.238,0.309,0.281,0.518,0.308,0.536,0.474
60.08333333,0.263,0.497,0.701,1.142,0.41,0.337,0.4,0.245,0.457,1.015,0.741,0.326,0.386,0.489,0.911,0.589,0.505,0.468,0.67,0.711,0.703,0.739,0.596,0.453,0.344,0.386,0.61,0.608,0.461,0.501,0.979,0.502,0.495,0.708,0.743,0.629,0.639,0.487,0.266,0.461,0.258,0.536,0.642,0.346,0.456,0.462,0.705,0.382,0.24,0.657,0.238,0.308,0.281,0.519,0.309,0.536,0.474
60.16666667,0.263,0.497,0.701,1.141,0.41,0.337,0.401,0.246,0.458,1.015,0.742,0.3,0.387,0.489,0.911,0.589,0.505,0.469,0.67,0.711,0.703,0.738,0.596,0.453,0.344,0.386,0.609,0.608,0.462,0.501,0.98,0.502,0.495,0.708,0.744,0.629,0.639,0.487,0.267,0.462,0.258,0.536,0.642,0.345,0.456,0.463,0.705,0.382,0.24,0.657,0.238,0.309,0.281,0.519,0.309,0.536,0.474
60.25,0.263,0.497,0.701,1.143,0.41,0.337,0.401,0.246,0.458,1.015,0.742,0.297,0.387,0.488,0.912,0.589,0.505,0.47,0.671,0.711,0.702,0.738,0.597,0.454,0.343,0.386,0.609,0.608,0.463,0.5,0.98,0.503,0.495,0.708,0.744,0.629,0.639,0.487,0.268,0.462,0.258,0.537,0.642,0.345,0.456,0.463,0.705,0.382,0.24,0.657,0.238,0.308,0.281,0.52,0.31,0.536,0.474
60.33333333,0.263,0.497,0.701,1.143,0.41,0.337,0.401,0.247,0.458,1.015,0.742,0.279,0.387,0.488,0.911,0.589,0.506,0.471,0.67,0.711,0.702,0.738,0.597,0.456,0.343,0.386,0.609,0.608,0.463,0.5,0.98,0.502,0.495,0.708,0.745,0.629,0.639,0.487,0.269,0.462,0.258,0.537,0.642,0.345,0.456,0.463,0.704,0.383,0.241,0.658,0.238,0.308,0.281,0.521,0.31,0.535,0.474
60.41666667,0.263,0.497,0.701,1.142,0.409,0.336,0.401,0.247,0.458,1.015,0.742,0.259,0.387,0.488,0.912,0.589,0.506,0.472,0.67,0.711,0.702,0.737,0.597,0.458,0.343,0.386,0.608,0.608,0.463,0.5,0.981,0.503,0.495,0.708,0.745,0.629,0.639,0.488,0.269,0.462,0.258,0.537,0.642,0.345,0.457,0.463,0.704,0.383,0.241,0.658,0.238,0.308,0.281,0.521,0.311,0.536,0.474
60.5,0.262,0.497,0.702,1.145,0.409,0.336,0.401,0.248,0.458,1.016,0.743,0.278,0.388,0.488,0.913,0.59,0.506,0.473,0.671,0.711,0.702,0.737,0.598,0.46,0.343,0.386,0.608,0.608,0.464,0.5,0.981,0.503,0.495,0.708,0.747,0.629,0.639,0.488,0.27,0.462,0.258,0.537,0.643,0.345,0.457,0.463,0.704,0.383,0.241,0.658,0.238,0.308,0.281,0.521,0.311,0.535,0.474
60.58333333,0.262,0.496,0.701,1.141,0.409,0.336,0.401,0.248,0.458,1.016,0.743,0.282,0.388,0.487,0.913,0.59,0.506,0.474,0.671,0.711,0.702,0.737,0.597,0.461,0.343,0.386,0.608,0.608,0.464,0.499,0.981,0.503,0.496,0.708,0.748,0.629,0.639,0.488,0.271,0.463,0.258,0.537,0.642,0.344,0.457,0.464,0.704,0.383,0.241,0.658,0.238,0.308,0.281,0.522,0.312,0.535,0.474
60.66666667,0.262,0.496,0.701,1.143,0.409,0.335,0.401,0.248,0.458,1.016,0.743,0.303,0.388,0.487,0.913,0.59,0.507,0.475,0.671,0.711,0.702,0.737,0.598,0.461,0.342,0.385,0.608,0.608,0.464,0.5,0.981,0.503,0.496,0.708,0.748,0.629,0.639,0.489,0.272,0.463,0.258,0.537,0.643,0.344,0.457,0.464,0.704,0.383,0.242,0.658,0.238,0.308,0.281,0.523,0.312,0.535,0.474
60.75,0.262,0.496,0.701,1.144,0.408,0.335,0.401,0.249,0.459,1.016,0.743,0.265,0.389,0.487,0.914,0.59,0.507,0.476,0.671,0.712,0.702,0.736,0.598,0.462,0.342,0.386,0.608,0.608,0.464,0.499,0.983,0.504,0.496,0.709,0.749,0.629,0.639,0.489,0.273,0.464,0.258,0.538,0.643,0.344,0.457,0.464,0.704,0.384,0.242,0.658,0.238,0.308,0.281,0.523,0.313,0.535,0.473
60.83333333,0.262,0.496,0.702,1.147,0.408,0.335,0.402,0.249,0.459,1.016,0.744,0.29,0.388,0.487,0.914,0.59,0.507,0.477,0.671,0.712,0.702,0.736,0.598,0.462,0.342,0.385,0.608,0.608,0.464,0.499,0.983,0.504,0.496,0.71,0.75,0.629,0.639,0.489,0.274,0.464,0.258,0.537,0.643,0.344,0.457,0.464,0.704,0.384,0.242,0.658,0.238,0.308,0.281,0.524,0.313,0.535,0.473
60.91666667,0.262,0.496,0.702,1.147,0.408,0.335,0.402,0.25,0.459,1.016,0.744,0.291,0.389,0.486,0.915,0.59,0.507,0.478,0.671,0.712,0.701,0.736,0.599,0.463,0.342,0.385,0.607,0.607,0.464,0.499,0.983,0.504,0.496,0.711,0.751,0.629,0.639,0.489,0.274,0.464,0.258,0.538,0.643,0.344,0.457,0.465,0.705,0.384,0.242,0.658,0.238,0.308,0.281,0.524,0.314,0.535,0.473
61,0.262,0.495,0.702,1.148,0.408,0.335,0.402,0.25,0.459,1.016,0.745,0.309,0.389,0.486,0.914,0.59,0.508,0.479,0.671,0.712,0.701,0.736,0.599,0.462,0.342,0.385,0.607,0.608,0.465,0.499,0.983,0.504,0.496,0.711,0.752,0.628,0.639,0.489,0.275,0.464,0.258,0.538,0.643,0.343,0.458,0.465,0.704,0.384,0.242,0.659,0.238,0.308,0.281,0.525,0.315,0.535,0.473
61.08333333,0.262,0.495,0.702,1.147,0.408,0.334,0.402,0.251,0.459,1.016,0.745,0.307,0.389,0.486,0.915,0.591,0.508,0.48,0.672,0.712,0.701,0.736,0.599,0.463,0.342,0.385,0.607,0.607,0.465,0.498,0.984,0.505,0.496,0.711,0.753,0.629,0.639,0.49,0.276,0.464,0.258,0.538,0.643,0.343,0.458,0.465,0.704,0.385,0.243,0.659,0.238,0.308,0.281,0.525,0.315,0.534,0.473
61.16666667,0.262,0.495,0.702,1.147,0.408,0.334,0.402,0.251,0.459,1.016,0.745,0.302,0.389,0.486,0.916,0.591,0.508,0.481,0.672,0.713,0.701,0.736,0.599,0.463,0.342,0.385,0.607,0.608,0.465,0.498,0.984,0.505,0.497,0.711,0.753,0.629,0.64,0.49,0.277,0.465,0.258,0.538,0.643,0.343,0.458,0.466,0.704,0.385,0.243,0.659,0.238,0.308,0.281,0.526,0.316,0.534,0.473
61.25,0.262,0.495,0.702,1.147,0.407,0.334,0.402,0.252,0.459,1.016,0.746,0.317,0.39,0.486,0.916,0.591,0.508,0.482,0.672,0.713,0.701,0.735,0.6,0.463,0.341,0.385,0.607,0.608,0.465,0.498,0.985,0.505,0.496,0.711,0.754,0.628,0.641,0.49,0.278,0.465,0.258,0.538,0.643,0.343,0.458,0.466,0.704,0.385,0.243,0.659,0.238,0.308,0.281,0.526,0.316,0.534,0.473
61.33333333,0.262,0.494,0.702,1.146,0.407,0.333,0.402,0.252,0.459,1.017,0.746,0.319,0.39,0.485,0.916,0.591,0.509,0.483,0.672,0.713,0.7,0.736,0.6,0.463,0.341,0.385,0.606,0.607,0.466,0.497,0.984,0.505,0.497,0.711,0.755,0.629,0.642,0.491,0.279,0.465,0.258,0.539,0.643,0.343,0.458,0.467,0.705,0.385,0.244,0.659,0.238,0.308,0.281,0.527,0.317,0.534,0.472
61.41666667,0.262,0.494,0.702,1.149,0.407,0.333,0.403,0.252,0.459,1.016,0.746,0.321,0.39,0.485,0.916,0.591,0.509,0.484,0.672,0.713,0.7,0.735,0.601,0.463,0.341,0.385,0.606,0.608,0.466,0.497,0.986,0.506,0.497,0.712,0.756,0.628,0.643,0.491,0.28,0.466,0.258,0.539,0.643,0.343,0.459,0.467,0.705,0.386,0.244,0.658,0.238,0.308,0.281,0.527,0.317,0.534,0.472
61.5,0.261,0.494,0.702,1.151,0.407,0.333,0.403,0.253,0.459,1.017,0.747,0.304,0.39,0.485,0.916,0.591,0.509,0.485,0.672,0.713,0.7,0.735,0.601,0.464,0.341,0.385,0.606,0.607,0.466,0.497,0.985,0.506,0.497,0.713,0.756,0.629,0.644,0.491,0.28,0.467,0.258,0.539,0.643,0.342,0.459,0.467,0.705,0.386,0.244,0.659,0.238,0.308,0.281,0.528,0.318,0.534,0.472
61.58333333,0.261,0.494,0.703,1.149,0.407,0.332,0.403,0.253,0.459,1.017,0.747,0.301,0.391,0.485,0.917,0.591,0.509,0.486,0.672,0.713,0.7,0.734,0.601,0.464,0.341,0.385,0.606,0.607,0.467,0.497,0.986,0.506,0.497,0.715,0.756,0.629,0.644,0.491,0.281,0.467,0.257,0.539,0.643,0.342,0.459,0.467,0.705,0.386,0.244,0.659,0.238,0.308,0.281,0.529,0.318,0.534,0.472
61.66666667,0.261,0.494,0.703,1.153,0.407,0.332,0.403,0.254,0.459,1.017,0.747,0.308,0.391,0.485,0.917,0.592,0.51,0.487,0.672,0.714,0.7,0.734,0.602,0.464,0.341,0.385,0.606,0.607,0.467,0.497,0.986,0.507,0.497,0.715,0.757,0.628,0.644,0.492,0.282,0.467,0.258,0.539,0.643,0.342,0.459,0.468,0.705,0.387,0.244,0.659,0.238,0.308,0.281,0.529,0.319,0.534,0.472
61.75,0.261,0.494,0.703,1.15,0.406,0.332,0.403,0.254,0.459,1.017,0.747,0.299,0.391,0.484,0.917,0.592,0.51,0.488,0.672,0.714,0.699,0.734,0.602,0.464,0.34,0.384,0.606,0.607,0.467,0.496,0.987,0.507,0.497,0.716,0.758,0.629,0.645,0.492,0.283,0.468,0.258,0.539,0.643,0.342,0.459,0.468,0.705,0.387,0.245,0.659,0.238,0.308,0.28,0.53,0.319,0.534,0.472
61.83333333,0.261,0.494,0.703,1.154,0.406,0.331,0.403,0.255,0.459,1.017,0.748,0.299,0.391,0.484,0.917,0.592,0.51,0.489,0.672,0.714,0.699,0.734,0.603,0.464,0.34,0.385,0.605,0.607,0.468,0.496,0.987,0.507,0.498,0.716,0.759,0.628,0.645,0.492,0.284,0.468,0.258,0.539,0.644,0.342,0.459,0.467,0.705,0.387,0.245,0.659,0.238,0.308,0.28,0.53,0.32,0.533,0.472
61.91666667,0.261,0.493,0.703,1.152,0.406,0.331,0.403,0.255,0.459,1.017,0.749,0.313,0.392,0.484,0.917,0.592,0.51,0.49,0.672,0.714,0.699,0.734,0.603,0.464,0.34,0.384,0.605,0.607,0.468,0.496,0.987,0.507,0.498,0.716,0.759,0.629,0.646,0.492,0.284,0.469,0.258,0.54,0.644,0.342,0.46,0.468,0.705,0.387,0.245,0.66,0.238,0.308,0.28,0.53,0.321,0.533,0.471
62,0.261,0.493,0.703,1.152,0.406,0.331,0.404,0.255,0.459,1.018,0.749,0.284,0.392,0.483,0.918,0.592,0.51,0.491,0.673,0.714,0.699,0.733,0.603,0.465,0.34,0.385,0.605,0.607,0.468,0.496,0.987,0.508,0.498,0.717,0.759,0.629,0.646,0.493,0.286,0.469,0.258,0.54,0.644,0.341,0.46,0.468,0.705,0.388,0.245,0.659,0.238,0.308,0.28,0.531,0.321,0.533,0.471
62.08333333,0.261,0.493,0.704,1.153,0.406,0.331,0.404,0.256,0.459,1.018,0.748,0.28,0.392,0.484,0.918,0.592,0.51,0.492,0.673,0.714,0.699,0.733,0.603,0.465,0.34,0.385,0.605,0.607,0.469,0.495,0.987,0.508,0.498,0.717,0.76,0.629,0.647,0.493,0.286,0.469,0.257,0.54,0.644,0.341,0.46,0.468,0.705,0.388,0.245,0.659,0.238,0.308,0.28,0.532,0.322,0.533,0.471
62.16666667,0.261,0.493,0.703,1.153,0.405,0.33,0.404,0.256,0.459,1.018,0.749,0.298,0.392,0.483,0.918,0.593,0.511,0.493,0.673,0.714,0.699,0.733,0.603,0.465,0.34,0.384,0.604,0.607,0.469,0.495,0.987,0.509,0.498,0.716,0.76,0.629,0.647,0.493,0.287,0.47,0.257,0.54,0.644,0.341,0.46,0.469,0.705,0.388,0.246,0.659,0.237,0.307,0.28,0.532,0.322,0.533,0.471
62.25,0.261,0.493,0.703,1.152,0.405,0.33,0.404,0.257,0.459,1.018,0.749,0.282,0.393,0.483,0.919,0.592,0.511,0.494,0.673,0.715,0.698,0.733,0.604,0.465,0.339,0.384,0.604,0.607,0.47,0.495,0.987,0.509,0.498,0.716,0.761,0.629,0.647,0.493,0.288,0.47,0.257,0.541,0.644,0.341,0.46,0.469,0.705,0.388,0.246,0.659,0.237,0.307,0.28,0.533,0.323,0.533,0.471
62.33333333,0.26,0.492,0.703,1.153,0.405,0.33,0.404,0.257,0.459,1.018,0.75,0.282,0.393,0.483,0.919,0.592,0.511,0.495,0.673,0.715,0.698,0.733,0.604,0.466,0.339,0.384,0.604,0.607,0.47,0.495,0.988,0.509,0.498,0.716,0.761,0.629,0.647,0.494,0.289,0.47,0.257,0.54,0.644,0.341,0.46,0.469,0.705,0.388,0.246,0.659,0.237,0.307,0.28,0.533,0.323,0.533,0.471
62.41666667,0.26,0.492,0.704,1.154,0.405,0.33,0.405,0.258,0.46,1.018,0.75,0.289,0.393,0.483,0.919,0.593,0.511,0.497,0.673,0.715,0.698,0.732,0.604,0.466,0.339,0.384,0.604,0.607,0.47,0.494,0.988,0.509,0.499,0.716,0.762,0.629,0.647,0.494,0.29,0.47,0.257,0.54,0.644,0.341,0.461,0.469,0.705,0.389,0.247,0.659,0.237,0.307,0.28,0.534,0.324,0.532,0.471
62.5,0.26,0.492,0.704,1.151,0.404,0.329,0.404,0.258,0.46,1.018,0.75,0.291,0.394,0.482,0.918,0.593,0.511,0.497,0.673,0.714,0.697,0.732,0.604,0.465,0.339,0.384,0.603,0.607,0.47,0.494,0.988,0.509,0.499,0.715,0.761,0.629,0.647,0.494,0.29,0.47,0.257,0.541,0.644,0.34,0.461,0.469,0.704,0.389,0.247,0.661,0.237,0.307,0.28,0.534,0.324,0.532,0.471
62.58333333,0.26,0.492,0.704,1.153,0.404,0.329,0.404,0.259,0.46,1.018,0.751,0.276,0.394,0.482,0.918,0.593,0.511,0.498,0.673,0.714,0.697,0.731,0.605,0.466,0.339,0.384,0.603,0.606,0.47,0.494,0.988,0.509,0.499,0.716,0.762,0.629,0.647,0.494,0.291,0.47,0.257,0.541,0.644,0.34,0.461,0.469,0.704,0.389,0.247,0.662,0.237,0.307,0.28,0.535,0.324,0.532,0.471
62.66666667,0.26,0.492,0.704,1.154,0.404,0.329,0.404,0.259,0.46,1.018,0.751,0.277,0.394,0.482,0.919,0.593,0.512,0.499,0.673,0.715,0.697,0.731,0.605,0.466,0.339,0.384,0.603,0.607,0.47,0.494,0.988,0.51,0.499,0.716,0.763,0.629,0.647,0.495,0.292,0.47,0.257,0.541,0.644,0.34,0.461,0.47,0.705,0.389,0.247,0.664,0.238,0.307,0.28,0.535,0.325,0.532,0.47
62.75,0.26,0.492,0.704,1.154,0.404,0.328,0.404,0.259,0.46,1.018,0.751,0.292,0.395,0.482,0.919,0.593,0.512,0.5,0.673,0.715,0.697,0.731,0.605,0.466,0.338,0.384,0.603,0.606,0.471,0.494,0.988,0.51,0.499,0.716,0.763,0.629,0.648,0.495,0.293,0.471,0.257,0.541,0.644,0.34,0.462,0.47,0.704,0.389,0.247,0.664,0.237,0.307,0.28,0.536,0.326,0.532,0.47
62.83333333,0.26,0.491,0.704,1.153,0.404,0.328,0.404,0.26,0.461,1.018,0.752,0.285,0.395,0.481,0.919,0.593,0.512,0.501,0.673,0.715,0.697,0.731,0.605,0.466,0.338,0.383,0.603,0.606,0.471,0.493,0.989,0.51,0.499,0.716,0.763,0.629,0.648,0.495,0.294,0.471,0.257,0.541,0.644,0.34,0.462,0.47,0.704,0.389,0.248,0.665,0.237,0.307,0.28,0.536,0.326,0.532,0.47
62.91666667,0.26,0.491,0.704,1.152,0.404,0.328,0.404,0.26,0.46,1.018,0.752,0.276,0.395,0.481,0.919,0.593,0.512,0.502,0.673,0.715,0.696,0.73,0.605,0.466,0.338,0.383,0.602,0.606,0.471,0.493,0.988,0.51,0.499,0.716,0.764,0.629,0.648,0.496,0.295,0.47,0.257,0.541,0.643,0.34,0.462,0.47,0.704,0.39,0.248,0.665,0.237,0.307,0.28,0.537,0.327,0.532,0.47
63,0.26,0.491,0.704,1.158,0.403,0.328,0.405,0.261,0.461,1.018,0.753,0.287,0.395,0.481,0.919,0.593,0.512,0.503,0.673,0.715,0.696,0.73,0.606,0.466,0.338,0.383,0.602,0.606,0.471,0.493,0.989,0.511,0.5,0.716,0.765,0.629,0.649,0.496,0.295,0.471,0.257,0.542,0.644,0.34,0.462,0.47,0.704,0.39,0.248,0.666,0.237,0.307,0.28,0.537,0.327,0.532,0.47
63.08333333,0.26,0.491,0.704,1.156,0.403,0.327,0.405,0.261,0.461,1.018,0.753,0.295,0.396,0.481,0.919,0.594,0.513,0.505,0.673,0.715,0.696,0.73,0.606,0.466,0.338,0.383,0.602,0.607,0.472,0.493,0.989,0.511,0.5,0.717,0.766,0.629,0.649,0.496,0.296,0.471,0.257,0.542,0.644,0.34,0.462,0.471,0.705,0.39,0.248,0.666,0.237,0.307,0.28,0.538,0.328,0.532,0.469
63.16666667,0.26,0.491,0.705,1.154,0.403,0.327,0.405,0.262,0.461,1.019,0.753,0.291,0.396,0.481,0.919,0.594,0.513,0.506,0.674,0.715,0.696,0.73,0.606,0.467,0.337,0.383,0.602,0.606,0.472,0.492,0.989,0.511,0.5,0.717,0.767,0.629,0.65,0.497,0.297,0.472,0.257,0.542,0.644,0.339,0.462,0.471,0.705,0.39,0.248,0.667,0.237,0.307,0.28,0.538,0.328,0.531,0.469
63.25,0.26,0.49,0.705,1.154,0.403,0.327,0.405,0.262,0.461,1.019,0.753,0.293,0.396,0.48,0.919,0.594,0.513,0.507,0.674,0.715,0.696,0.73,0.607,0.466,0.337,0.383,0.602,0.606,0.472,0.492,0.989,0.511,0.5,0.717,0.767,0.628,0.65,0.497,0.298,0.472,0.257,0.542,0.644,0.339,0.463,0.471,0.705,0.391,0.249,0.667,0.237,0.307,0.28,0.539,0.329,0.531,0.469
63.33333333,0.26,0.49,0.705,1.151,0.403,0.327,0.406,0.263,0.461,1.019,0.754,0.325,0.396,0.48,0.92,0.594,0.514,0.508,0.674,0.716,0.696,0.729,0.607,0.467,0.337,0.383,0.602,0.606,0.473,0.492,0.99,0.512,0.5,0.718,0.768,0.629,0.651,0.497,0.299,0.472,0.257,0.542,0.644,0.339,0.463,0.471,0.705,0.391,0.249,0.667,0.237,0.307,0.28,0.539,0.33,0.531,0.469
63.41666667,0.26,0.49,0.705,1.157,0.403,0.326,0.406,0.263,0.461,1.019,0.754,0.307,0.397,0.48,0.92,0.594,0.518,0.509,0.674,0.716,0.695,0.729,0.607,0.467,0.337,0.383,0.601,0.606,0.473,0.492,0.989,0.512,0.5,0.718,0.768,0.629,0.651,0.498,0.3,0.473,0.257,0.543,0.644,0.339,0.463,0.471,0.705,0.391,0.249,0.668,0.237,0.307,0.28,0.54,0.33,0.531,0.469
63.5,0.259,0.49,0.705,1.156,0.402,0.326,0.406,0.264,0.461,1.019,0.755,0.315,0.397,0.48,0.92,0.594,0.525,0.51,0.674,0.716,0.695,0.729,0.608,0.467,0.337,0.383,0.601,0.606,0.473,0.492,0.99,0.512,0.5,0.718,0.769,0.628,0.651,0.498,0.301,0.473,0.257,0.543,0.644,0.339,0.463,0.472,0.705,0.391,0.25,0.669,0.237,0.306,0.28,0.54,0.331,0.531,0.469
63.58333333,0.259,0.49,0.705,1.156,0.402,0.326,0.406,0.264,0.461,1.019,0.755,0.303,0.397,0.48,0.92,0.594,0.529,0.511,0.674,0.716,0.695,0.729,0.608,0.468,0.337,0.383,0.601,0.606,0.474,0.491,0.99,0.512,0.5,0.719,0.769,0.628,0.652,0.498,0.302,0.474,0.257,0.543,0.644,0.339,0.463,0.472,0.706,0.391,0.25,0.67,0.237,0.307,0.28,0.541,0.331,0.531,0.469
63.66666667,0.259,0.489,0.705,1.157,0.402,0.325,0.406,0.265,0.461,1.019,0.756,0.324,0.397,0.479,0.92,0.595,0.53,0.512,0.674,0.716,0.694,0.729,0.608,0.468,0.337,0.383,0.601,0.606,0.475,0.491,0.99,0.513,0.5,0.719,0.769,0.628,0.652,0.499,0.303,0.474,0.257,0.543,0.644,0.339,0.464,0.472,0.706,0.392,0.25,0.671,0.237,0.307,0.279,0.541,0.332,0.531,0.469
63.75,0.259,0.489,0.705,1.157,0.402,0.325,0.406,0.265,0.461,1.02,0.756,0.329,0.398,0.479,0.92,0.594,0.531,0.513,0.674,0.716,0.694,0.728,0.608,0.468,0.337,0.383,0.601,0.606,0.475,0.491,0.99,0.513,0.5,0.719,0.77,0.628,0.652,0.499,0.303,0.474,0.257,0.543,0.644,0.338,0.464,0.472,0.706,0.392,0.25,0.671,0.237,0.307,0.279,0.542,0.333,0.531,0.469
63.83333333,0.259,0.489,0.705,1.157,0.401,0.325,0.406,0.265,0.462,1.019,0.756,0.301,0.398,0.479,0.92,0.595,0.531,0.514,0.674,0.716,0.694,0.728,0.609,0.468,0.336,0.383,0.6,0.606,0.475,0.491,0.99,0.513,0.5,0.72,0.77,0.628,0.652,0.499,0.304,0.474,0.257,0.543,0.644,0.338,0.464,0.472,0.705,0.392,0.251,0.672,0.237,0.306,0.279,0.542,0.333,0.53,0.469
63.91666667,0.259,0.489,0.705,1.157,0.401,0.325,0.406,0.266,0.462,1.019,0.756,0.285,0.398,0.479,0.92,0.595,0.53,0.515,0.674,0.716,0.694,0.728,0.609,0.468,0.336,0.383,0.6,0.606,0.475,0.49,0.989,0.513,0.501,0.72,0.77,0.628,0.653,0.499,0.305,0.474,0.257,0.543,0.644,0.338,0.464,0.473,0.704,0.392,0.251,0.673,0.237,0.306,0.279,0.543,0.333,0.53,0.468
64,0.259,0.489,0.705,1.156,0.401,0.324,0.406,0.266,0.462,1.02,0.756,0.289,0.398,0.478,0.92,0.595,0.53,0.517,0.674,0.716,0.693,0.728,0.609,0.468,0.336,0.382,0.6,0.605,0.475,0.49,0.989,0.514,0.501,0.72,0.771,0.628,0.653,0.5,0.306,0.475,0.257,0.543,0.644,0.338,0.464,0.473,0.704,0.392,0.251,0.673,0.237,0.306,0.279,0.543,0.334,0.53,0.468
64.08333333,0.259,0.488,0.706,1.158,0.401,0.324,0.406,0.267,0.461,1.02,0.757,0.29,0.399,0.478,0.92,0.595,0.53,0.518,0.675,0.716,0.693,0.728,0.609,0.468,0.336,0.382,0.6,0.606,0.476,0.49,0.99,0.514,0.501,0.72,0.771,0.628,0.654,0.5,0.307,0.475,0.257,0.544,0.644,0.338,0.464,0.473,0.704,0.393,0.251,0.674,0.237,0.307,0.279,0.543,0.335,0.53,0.468
64.16666667,0.259,0.488,0.706,1.157,0.401,0.324,0.406,0.267,0.461,1.02,0.758,0.309,0.399,0.478,0.92,0.595,0.53,0.519,0.675,0.717,0.693,0.727,0.609,0.468,0.336,0.382,0.6,0.605,0.476,0.489,0.99,0.514,0.501,0.721,0.771,0.629,0.654,0.5,0.308,0.475,0.257,0.544,0.644,0.338,0.465,0.473,0.705,0.393,0.251,0.674,0.237,0.306,0.279,0.544,0.335,0.53,0.468
64.25,0.259,0.488,0.706,1.158,0.401,0.324,0.406,0.268,0.461,1.02,0.758,0.297,0.399,0.478,0.92,0.595,0.53,0.519,0.675,0.716,0.693,0.727,0.61,0.468,0.335,0.382,0.599,0.605,0.476,0.489,0.99,0.514,0.501,0.721,0.771,0.628,0.654,0.5,0.308,0.475,0.256,0.544,0.644,0.338,0.465,0.473,0.705,0.393,0.252,0.674,0.237,0.306,0.279,0.545,0.336,0.53,0.468
64.33333333,0.259,0.488,0.706,1.158,0.4,0.323,0.406,0.268,0.461,1.02,0.758,0.297,0.4,0.478,0.92,0.595,0.529,0.52,0.674,0.716,0.692,0.726,0.61,0.468,0.335,0.382,0.599,0.606,0.476,0.489,0.99,0.514,0.501,0.721,0.771,0.628,0.654,0.501,0.309,0.475,0.256,0.544,0.644,0.337,0.465,0.473,0.705,0.393,0.252,0.674,0.237,0.306,0.279,0.545,0.336,0.53,0.468
64.41666667,0.258,0.488,0.706,1.155,0.4,0.323,0.407,0.269,0.461,1.02,0.758,0.298,0.4,0.477,0.921,0.595,0.529,0.521,0.674,0.716,0.692,0.726,0.61,0.468,0.335,0.382,0.599,0.606,0.477,0.489,0.991,0.515,0.501,0.722,0.771,0.628,0.654,0.501,0.31,0.476,0.256,0.544,0.644,0.337,0.465,0.474,0.705,0.393,0.252,0.675,0.237,0.306,0.279,0.545,0.337,0.53,0.468
64.5,0.258,0.487,0.706,1.158,0.4,0.322,0.407,0.269,0.461,1.02,0.759,0.294,0.4,0.477,0.921,0.595,0.53,0.523,0.675,0.716,0.693,0.726,0.61,0.469,0.335,0.382,0.599,0.606,0.477,0.489,0.991,0.515,0.502,0.723,0.771,0.628,0.655,0.502,0.311,0.476,0.256,0.544,0.644,0.337,0.465,0.474,0.705,0.394,0.253,0.675,0.236,0.306,0.279,0.546,0.337,0.53,0.468
64.58333333,0.258,0.487,0.706,1.157,0.4,0.322,0.407,0.27,0.461,1.02,0.759,0.314,0.401,0.477,0.921,0.596,0.53,0.523,0.675,0.717,0.693,0.726,0.611,0.468,0.335,0.382,0.599,0.605,0.478,0.488,0.991,0.515,0.502,0.723,0.771,0.628,0.655,0.502,0.311,0.476,0.257,0.544,0.644,0.337,0.466,0.474,0.705,0.394,0.253,0.676,0.237,0.306,0.279,0.546,0.338,0.529,0.468
64.66666667,0.258,0.487,0.706,1.157,0.399,0.323,0.407,0.27,0.461,1.02,0.759,0.297,0.4,0.477,0.921,0.596,0.529,0.525,0.675,0.716,0.692,0.726,0.611,0.469,0.335,0.382,0.598,0.605,0.478,0.488,0.99,0.516,0.502,0.723,0.771,0.628,0.655,0.502,0.312,0.476,0.256,0.545,0.644,0.337,0.466,0.474,0.705,0.394,0.253,0.676,0.237,0.306,0.279,0.547,0.338,0.529,0.467
64.75,0.258,0.487,0.707,1.155,0.4,0.323,0.407,0.27,0.461,1.02,0.759,0.3,0.401,0.476,0.92,0.596,0.529,0.526,0.675,0.716,0.692,0.726,0.611,0.469,0.334,0.382,0.598,0.605,0.478,0.488,0.991,0.516,0.502,0.724,0.771,0.628,0.655,0.502,0.313,0.476,0.256,0.545,0.644,0.337,0.466,0.475,0.705,0.394,0.253,0.676,0.237,0.306,0.279,0.547,0.339,0.529,0.467
64.83333333,0.258,0.487,0.707,1.156,0.399,0.324,0.407,0.271,0.461,1.02,0.76,0.311,0.401,0.476,0.92,0.596,0.53,0.527,0.675,0.716,0.692,0.725,0.611,0.469,0.334,0.382,0.598,0.605,0.478,0.488,0.99,0.516,0.502,0.724,0.77,0.628,0.655,0.503,0.314,0.476,0.256,0.545,0.644,0.336,0.466,0.474,0.705,0.394,0.253,0.676,0.237,0.306,0.279,0.548,0.339,0.529,0.467
64.91666667,0.258,0.487,0.707,1.157,0.399,0.325,0.408,0.272,0.462,1.02,0.76,0.324,0.401,0.476,0.92,0.596,0.532,0.528,0.675,0.717,0.692,0.725,0.611,0.469,0.334,0.382,0.598,0.605,0.479,0.488,0.991,0.516,0.502,0.725,0.771,0.628,0.655,0.503,0.314,0.477,0.256,0.545,0.644,0.336,0.466,0.475,0.706,0.394,0.254,0.676,0.236,0.306,0.279,0.548,0.34,0.529,0.467
65,0.258,0.486,0.707,1.153,0.399,0.325,0.408,0.272,0.462,1.021,0.76,0.31,0.402,0.476,0.921,0.596,0.533,0.529,0.676,0.717,0.691,0.725,0.612,0.469,0.334,0.381,0.598,0.605,0.479,0.487,0.991,0.516,0.503,0.725,0.77,0.628,0.656,0.503,0.315,0.477,0.256,0.545,0.644,0.336,0.467,0.475,0.706,0.395,0.254,0.676,0.237,0.306,0.279,0.548,0.341,0.529,0.467
65.08333333,0.258,0.486,0.707,1.159,0.399,0.326,0.408,0.272,0.462,1.02,0.761,0.338,0.402,0.476,0.921,0.596,0.534,0.53,0.675,0.717,0.691,0.725,0.611,0.469,0.334,0.381,0.597,0.605,0.479,0.487,0.992,0.517,0.503,0.726,0.77,0.628,0.656,0.504,0.316,0.477,0.256,0.545,0.644,0.336,0.467,0.475,0.706,0.395,0.254,0.676,0.237,0.305,0.279,0.549,0.341,0.529,0.467
65.16666667,0.258,0.486,0.707,1.156,0.399,0.327,0.408,0.273,0.462,1.021,0.761,0.315,0.402,0.475,0.921,0.596,0.535,0.531,0.675,0.717,0.69,0.725,0.612,0.47,0.334,0.381,0.597,0.605,0.48,0.487,0.991,0.517,0.503,0.726,0.77,0.628,0.656,0.504,0.316,0.478,0.256,0.545,0.644,0.336,0.467,0.475,0.706,0.395,0.254,0.677,0.237,0.306,0.279,0.549,0.342,0.528,0.467
65.25,0.258,0.486,0.707,1.157,0.399,0.327,0.408,0.273,0.462,1.024,0.761,0.319,0.402,0.476,0.921,0.596,0.535,0.532,0.676,0.717,0.691,0.724,0.613,0.47,0.334,0.381,0.597,0.605,0.48,0.486,0.991,0.517,0.503,0.727,0.77,0.627,0.656,0.505,0.317,0.478,0.256,0.545,0.644,0.336,0.467,0.476,0.706,0.396,0.254,0.677,0.236,0.306,0.279,0.55,0.342,0.529,0.467
65.33333333,0.258,0.485,0.707,1.158,0.398,0.327,0.408,0.274,0.462,1.025,0.761,0.308,0.403,0.475,0.92,0.596,0.535,0.533,0.675,0.717,0.69,0.724,0.613,0.47,0.333,0.381,0.597,0.605,0.48,0.486,0.991,0.518,0.503,0.727,0.77,0.627,0.656,0.505,0.318,0.478,0.256,0.545,0.644,0.335,0.467,0.476,0.706,0.396,0.254,0.677,0.236,0.306,0.278,0.55,0.343,0.528,0.467
65.41666667,0.257,0.485,0.707,1.161,0.398,0.327,0.408,0.274,0.463,1.026,0.761,0.333,0.403,0.474,0.92,0.596,0.535,0.534,0.675,0.717,0.69,0.724,0.613,0.47,0.333,0.381,0.596,0.605,0.481,0.486,0.991,0.518,0.503,0.728,0.77,0.627,0.656,0.505,0.319,0.478,0.256,0.545,0.643,0.335,0.468,0.476,0.705,0.396,0.255,0.677,0.236,0.306,0.278,0.551,0.343,0.528,0.466
65.5,0.257,0.485,0.707,1.157,0.398,0.327,0.408,0.275,0.463,1.028,0.762,0.334,0.403,0.475,0.921,0.597,0.536,0.536,0.675,0.717,0.69,0.724,0.613,0.47,0.333,0.381,0.597,0.604,0.481,0.486,0.991,0.518,0.503,0.729,0.769,0.628,0.656,0.506,0.319,0.479,0.256,0.545,0.643,0.335,0.468,0.476,0.706,0.396,0.255,0.677,0.236,0.305,0.278,0.551,0.344,0.528,0.466
65.58333333,0.258,0.485,0.708,1.16,0.398,0.328,0.409,0.275,0.463,1.03,0.762,0.308,0.404,0.474,0.921,0.599,0.536,0.537,0.676,0.717,0.69,0.723,0.614,0.471,0.333,0.381,0.596,0.604,0.481,0.486,0.991,0.519,0.503,0.73,0.77,0.627,0.657,0.506,0.32,0.479,0.256,0.546,0.644,0.335,0.468,0.477,0.706,0.397,0.255,0.677,0.236,0.306,0.278,0.552,0.344,0.528,0.466
65.66666667,0.257,0.485,0.708,1.159,0.398,0.328,0.409,0.276,0.463,1.031,0.762,0.317,0.404,0.474,0.921,0.6,0.537,0.538,0.677,0.717,0.689,0.723,0.614,0.471,0.333,0.381,0.596,0.604,0.481,0.485,0.992,0.519,0.503,0.73,0.769,0.627,0.657,0.506,0.321,0.48,0.256,0.546,0.643,0.335,0.468,0.477,0.707,0.397,0.256,0.678,0.236,0.305,0.278,0.552,0.345,0.528,0.466
65.75,0.257,0.485,0.708,1.153,0.397,0.328,0.409,0.276,0.463,1.032,0.762,0.31,0.404,0.474,0.921,0.601,0.537,0.539,0.679,0.717,0.689,0.723,0.614,0.471,0.332,0.381,0.596,0.604,0.482,0.485,0.992,0.519,0.504,0.731,0.769,0.627,0.657,0.507,0.321,0.48,0.256,0.546,0.643,0.335,0.468,0.477,0.707,0.397,0.256,0.678,0.236,0.305,0.278,0.553,0.346,0.528,0.466
65.83333333,0.257,0.485,0.708,1.155,0.397,0.328,0.409,0.277,0.463,1.033,0.763,0.333,0.404,0.474,0.921,0.601,0.536,0.54,0.679,0.718,0.689,0.723,0.614,0.471,0.332,0.381,0.596,0.604,0.482,0.485,0.992,0.519,0.504,0.732,0.769,0.627,0.657,0.507,0.322,0.48,0.256,0.546,0.643,0.335,0.469,0.477,0.707,0.397,0.256,0.678,0.236,0.305,0.278,0.553,0.346,0.528,0.466
65.91666667,0.257,0.485,0.708,1.154,0.397,0.328,0.409,0.277,0.463,1.034,0.763,0.345,0.404,0.474,0.921,0.601,0.537,0.54,0.68,0.718,0.688,0.723,0.615,0.471,0.332,0.381,0.596,0.604,0.482,0.485,0.993,0.519,0.504,0.732,0.769,0.627,0.657,0.507,0.323,0.48,0.256,0.546,0.643,0.335,0.469,0.477,0.707,0.397,0.256,0.678,0.236,0.305,0.278,0.553,0.347,0.527,0.466
66,0.257,0.484,0.708,1.153,0.397,0.328,0.409,0.277,0.463,1.035,0.763,0.313,0.405,0.473,0.921,0.602,0.536,0.542,0.68,0.718,0.688,0.722,0.615,0.471,0.332,0.381,0.596,0.604,0.483,0.485,0.993,0.52,0.504,0.733,0.769,0.627,0.657,0.508,0.323,0.48,0.256,0.546,0.643,0.335,0.469,0.477,0.707,0.398,0.256,0.678,0.236,0.305,0.278,0.554,0.347,0.527,0.465
66.08333333,0.257,0.484,0.708,1.154,0.397,0.328,0.409,0.278,0.464,1.036,0.763,0.319,0.405,0.473,0.92,0.602,0.536,0.542,0.68,0.717,0.688,0.722,0.615,0.471,0.332,0.38,0.595,0.604,0.483,0.484,0.993,0.52,0.504,0.734,0.769,0.627,0.656,0.508,0.324,0.48,0.256,0.546,0.643,0.334,0.469,0.477,0.706,0.398,0.257,0.677,0.236,0.305,0.278,0.554,0.348,0.527,0.465
66.16666667,0.257,0.484,0.708,1.153,0.396,0.328,0.409,0.279,0.463,1.037,0.763,0.308,0.405,0.473,0.92,0.603,0.536,0.543,0.68,0.717,0.688,0.722,0.615,0.471,0.331,0.38,0.595,0.603,0.483,0.484,0.992,0.52,0.504,0.734,0.768,0.627,0.656,0.508,0.324,0.48,0.256,0.546,0.643,0.334,0.469,0.478,0.705,0.398,0.257,0.677,0.236,0.305,0.278,0.555,0.348,0.527,0.465
66.25,0.257,0.484,0.709,1.154,0.397,0.328,0.409,0.279,0.464,1.037,0.764,0.325,0.405,0.473,0.921,0.604,0.536,0.544,0.681,0.717,0.688,0.722,0.615,0.471,0.332,0.381,0.595,0.604,0.483,0.483,0.992,0.52,0.505,0.735,0.769,0.627,0.656,0.509,0.325,0.481,0.256,0.547,0.643,0.334,0.47,0.478,0.706,0.399,0.257,0.677,0.236,0.305,0.278,0.555,0.349,0.527,0.465
66.33333333,0.257,0.484,0.709,1.155,0.396,0.328,0.41,0.28,0.464,1.038,0.764,0.308,0.406,0.472,0.92,0.605,0.536,0.545,0.681,0.717,0.688,0.721,0.615,0.471,0.331,0.38,0.594,0.604,0.484,0.483,0.992,0.52,0.505,0.735,0.768,0.627,0.656,0.509,0.326,0.481,0.256,0.547,0.643,0.334,0.469,0.478,0.706,0.399,0.257,0.677,0.236,0.305,0.278,0.556,0.349,0.527,0.465
66.41666667,0.257,0.483,0.709,1.156,0.396,0.328,0.41,0.28,0.464,1.039,0.764,0.309,0.406,0.472,0.92,0.605,0.536,0.546,0.68,0.717,0.688,0.721,0.615,0.471,0.331,0.38,0.594,0.604,0.484,0.483,0.993,0.521,0.505,0.736,0.768,0.626,0.656,0.51,0.326,0.481,0.255,0.547,0.643,0.334,0.469,0.478,0.706,0.399,0.257,0.677,0.236,0.305,0.278,0.556,0.35,0.527,0.465
66.5,0.256,0.483,0.709,1.152,0.396,0.328,0.41,0.28,0.464,1.039,0.764,0.318,0.406,0.472,0.92,0.605,0.535,0.547,0.68,0.718,0.687,0.721,0.616,0.471,0.331,0.38,0.594,0.603,0.484,0.483,0.993,0.521,0.505,0.736,0.768,0.627,0.656,0.51,0.327,0.481,0.256,0.547,0.643,0.334,0.47,0.478,0.706,0.399,0.258,0.677,0.236,0.305,0.278,0.556,0.35,0.527,0.465
66.58333333,0.256,0.483,0.709,1.153,0.396,0.328,0.41,0.281,0.463,1.039,0.765,0.316,0.406,0.472,0.92,0.605,0.535,0.548,0.679,0.72,0.686,0.72,0.616,0.472,0.331,0.38,0.594,0.604,0.484,0.482,0.993,0.521,0.505,0.737,0.767,0.627,0.656,0.51,0.327,0.482,0.256,0.547,0.642,0.333,0.47,0.479,0.706,0.399,0.258,0.677,0.236,0.305,0.278,0.557,0.351,0.527,0.464
66.66666667,0.256,0.483,0.709,1.152,0.396,0.328,0.41,0.281,0.463,1.04,0.765,0.316,0.407,0.472,0.92,0.605,0.535,0.549,0.678,0.72,0.687,0.72,0.616,0.472,0.331,0.38,0.594,0.604,0.485,0.482,0.993,0.521,0.505,0.737,0.767,0.626,0.656,0.51,0.328,0.482,0.255,0.548,0.642,0.333,0.47,0.479,0.706,0.4,0.258,0.677,0.236,0.305,0.278,0.557,0.352,0.526,0.464
66.75,0.256,0.483,0.71,1.153,0.395,0.328,0.41,0.282,0.463,1.04,0.765,0.324,0.407,0.471,0.92,0.605,0.535,0.55,0.677,0.719,0.687,0.72,0.616,0.472,0.33,0.38,0.593,0.604,0.485,0.482,0.992,0.522,0.505,0.738,0.767,0.626,0.655,0.511,0.329,0.482,0.255,0.547,0.642,0.333,0.47,0.479,0.707,0.4,0.258,0.677,0.236,0.305,0.278,0.558,0.352,0.526,0.464
66.83333333,0.256,0.483,0.71,1.153,0.395,0.328,0.411,0.282,0.463,1.04,0.765,0.326,0.407,0.471,0.921,0.604,0.535,0.551,0.677,0.719,0.687,0.72,0.617,0.472,0.33,0.38,0.593,0.604,0.485,0.482,0.993,0.522,0.505,0.738,0.767,0.627,0.656,0.511,0.329,0.482,0.255,0.548,0.642,0.333,0.471,0.479,0.707,0.4,0.259,0.677,0.236,0.305,0.278,0.558,0.353,0.526,0.464
66.91666667,0.256,0.482,0.709,1.151,0.395,0.328,0.411,0.283,0.463,1.04,0.765,0.313,0.407,0.471,0.92,0.604,0.535,0.552,0.677,0.72,0.686,0.72,0.617,0.472,0.33,0.38,0.593,0.604,0.485,0.482,0.993,0.522,0.506,0.738,0.766,0.626,0.655,0.511,0.33,0.482,0.255,0.548,0.642,0.333,0.471,0.479,0.707,0.4,0.259,0.676,0.236,0.305,0.278,0.559,0.353,0.526,0.464
67,0.256,0.482,0.71,1.155,0.395,0.328,0.411,0.283,0.463,1.041,0.765,0.323,0.408,0.471,0.92,0.605,0.534,0.553,0.676,0.721,0.685,0.719,0.617,0.473,0.33,0.38,0.593,0.601,0.486,0.482,0.994,0.522,0.506,0.738,0.766,0.626,0.656,0.512,0.33,0.483,0.255,0.548,0.642,0.332,0.471,0.479,0.707,0.401,0.259,0.677,0.236,0.304,0.278,0.559,0.354,0.526,0.464
67.08333333,0.256,0.482,0.71,1.153,0.395,0.328,0.411,0.284,0.463,1.041,0.765,0.324,0.408,0.471,0.92,0.605,0.534,0.554,0.676,0.722,0.686,0.719,0.618,0.472,0.33,0.38,0.593,0.601,0.486,0.481,0.994,0.523,0.506,0.738,0.766,0.626,0.655,0.512,0.331,0.483,0.255,0.548,0.642,0.332,0.471,0.48,0.706,0.401,0.259,0.676,0.236,0.305,0.278,0.56,0.354,0.526,0.464
67.16666667,0.256,0.482,0.71,1.153,0.394,0.328,0.411,0.284,0.464,1.041,0.765,0.309,0.408,0.47,0.92,0.605,0.534,0.555,0.676,0.723,0.685,0.719,0.618,0.473,0.33,0.38,0.593,0.601,0.486,0.481,0.994,0.523,0.506,0.739,0.766,0.626,0.655,0.512,0.331,0.483,0.255,0.548,0.642,0.332,0.471,0.48,0.706,0.401,0.26,0.676,0.236,0.304,0.278,0.56,0.355,0.526,0.464
67.25,0.256,0.482,0.71,1.157,0.394,0.328,0.411,0.285,0.463,1.041,0.766,0.312,0.409,0.47,0.92,0.606,0.534,0.556,0.676,0.724,0.685,0.718,0.619,0.473,0.33,0.38,0.592,0.6,0.486,0.48,0.994,0.523,0.506,0.739,0.765,0.626,0.655,0.513,0.332,0.484,0.255,0.548,0.642,0.332,0.472,0.48,0.706,0.401,0.26,0.676,0.236,0.305,0.278,0.56,0.355,0.525,0.463
67.33333333,0.256,0.482,0.71,1.156,0.394,0.328,0.411,0.285,0.464,1.041,0.766,0.319,0.412,0.47,0.92,0.606,0.533,0.557,0.676,0.725,0.685,0.718,0.618,0.473,0.329,0.379,0.592,0.601,0.486,0.48,0.994,0.523,0.506,0.739,0.765,0.626,0.654,0.513,0.332,0.484,0.255,0.548,0.641,0.332,0.471,0.48,0.706,0.402,0.26,0.676,0.236,0.304,0.278,0.561,0.356,0.526,0.464
67.41666667,0.256,0.481,0.71,1.151,0.394,0.328,0.411,0.286,0.464,1.041,0.766,0.317,0.414,0.469,0.92,0.607,0.534,0.558,0.676,0.727,0.685,0.718,0.619,0.473,0.329,0.379,0.592,0.6,0.487,0.48,0.995,0.524,0.506,0.739,0.765,0.626,0.654,0.514,0.332,0.484,0.255,0.548,0.641,0.332,0.471,0.481,0.706,0.402,0.26,0.676,0.236,0.305,0.278,0.561,0.356,0.525,0.463
67.5,0.256,0.481,0.71,1.158,0.394,0.328,0.411,0.286,0.464,1.041,0.766,0.323,0.414,0.469,0.92,0.607,0.533,0.559,0.676,0.728,0.684,0.718,0.619,0.473,0.329,0.379,0.592,0.6,0.487,0.479,0.994,0.524,0.506,0.739,0.765,0.626,0.654,0.514,0.333,0.484,0.255,0.549,0.642,0.332,0.472,0.481,0.706,0.403,0.261,0.676,0.236,0.304,0.277,0.562,0.357,0.525,0.463
67.58333333,0.255,0.481,0.71,1.153,0.393,0.327,0.411,0.287,0.464,1.041,0.766,0.315,0.415,0.469,0.92,0.607,0.533,0.56,0.676,0.729,0.684,0.717,0.619,0.473,0.329,0.379,0.591,0.6,0.487,0.479,0.995,0.524,0.506,0.739,0.764,0.626,0.654,0.514,0.333,0.484,0.255,0.548,0.641,0.332,0.472,0.481,0.707,0.403,0.261,0.675,0.235,0.304,0.277,0.562,0.357,0.525,0.463
67.66666667,0.255,0.481,0.711,1.151,0.394,0.327,0.411,0.287,0.464,1.042,0.766,0.314,0.415,0.469,0.92,0.608,0.533,0.562,0.676,0.73,0.684,0.717,0.62,0.473,0.329,0.379,0.591,0.6,0.487,0.479,0.995,0.524,0.507,0.739,0.764,0.626,0.654,0.515,0.334,0.485,0.255,0.549,0.641,0.332,0.472,0.481,0.706,0.403,0.261,0.675,0.235,0.305,0.277,0.563,0.358,0.525,0.463
67.75,0.255,0.481,0.711,1.155,0.393,0.327,0.412,0.288,0.464,1.042,0.766,0.308,0.416,0.469,0.92,0.608,0.533,0.562,0.676,0.73,0.684,0.717,0.62,0.473,0.329,0.379,0.591,0.6,0.488,0.479,0.994,0.525,0.507,0.739,0.764,0.626,0.654,0.515,0.334,0.485,0.255,0.549,0.641,0.332,0.472,0.481,0.706,0.403,0.261,0.675,0.235,0.304,0.277,0.563,0.359,0.525,0.463
67.83333333,0.255,0.481,0.711,1.153,0.393,0.327,0.412,0.288,0.464,1.042,0.766,0.321,0.416,0.469,0.92,0.609,0.533,0.564,0.676,0.731,0.684,0.717,0.62,0.473,0.328,0.379,0.591,0.6,0.488,0.478,0.995,0.525,0.507,0.739,0.764,0.626,0.654,0.515,0.335,0.485,0.255,0.549,0.641,0.332,0.472,0.482,0.707,0.404,0.261,0.675,0.235,0.304,0.277,0.563,0.359,0.525,0.463
67.91666667,0.255,0.48,0.711,1.153,0.393,0.327,0.412,0.289,0.465,1.042,0.767,0.324,0.417,0.468,0.919,0.61,0.533,0.565,0.676,0.731,0.684,0.717,0.62,0.473,0.328,0.379,0.591,0.6,0.488,0.478,0.994,0.525,0.507,0.739,0.763,0.626,0.653,0.516,0.335,0.485,0.255,0.549,0.641,0.331,0.473,0.482,0.707,0.404,0.262,0.675,0.235,0.304,0.277,0.564,0.36,0.524,0.463
68,0.255,0.48,0.711,1.156,0.393,0.327,0.412,0.289,0.465,1.042,0.767,0.325,0.418,0.468,0.919,0.61,0.533,0.565,0.676,0.732,0.684,0.717,0.62,0.474,0.328,0.379,0.591,0.6,0.488,0.478,0.995,0.525,0.507,0.739,0.763,0.627,0.653,0.516,0.336,0.486,0.255,0.549,0.641,0.331,0.473,0.482,0.707,0.404,0.262,0.675,0.235,0.304,0.277,0.564,0.36,0.524,0.462
68.08333333,0.255,0.48,0.711,1.152,0.392,0.327,0.412,0.29,0.465,1.042,0.767,0.324,0.418,0.468,0.92,0.611,0.533,0.566,0.676,0.732,0.683,0.716,0.62,0.474,0.328,0.379,0.591,0.6,0.489,0.478,0.994,0.526,0.507,0.739,0.763,0.628,0.653,0.516,0.336,0.486,0.255,0.549,0.641,0.331,0.473,0.482,0.707,0.404,0.262,0.675,0.235,0.304,0.277,0.564,0.361,0.524,0.463
68.16666667,0.255,0.48,0.712,1.151,0.392,0.327,0.412,0.29,0.465,1.042,0.767,0.336,0.419,0.468,0.92,0.611,0.533,0.567,0.677,0.733,0.683,0.716,0.621,0.474,0.328,0.379,0.59,0.6,0.489,0.477,0.995,0.526,0.508,0.738,0.762,0.63,0.653,0.517,0.336,0.486,0.255,0.549,0.641,0.331,0.473,0.482,0.707,0.405,0.262,0.674,0.235,0.304,0.277,0.565,0.361,0.524,0.462
68.25,0.255,0.48,0.712,1.152,0.392,0.327,0.412,0.29,0.465,1.042,0.767,0.356,0.419,0.467,0.92,0.612,0.533,0.568,0.677,0.734,0.683,0.716,0.621,0.474,0.328,0.379,0.59,0.6,0.489,0.477,0.995,0.526,0.507,0.739,0.763,0.631,0.653,0.517,0.337,0.486,0.255,0.55,0.641,0.331,0.473,0.482,0.707,0.405,0.263,0.675,0.235,0.304,0.277,0.566,0.362,0.524,0.462
68.33333333,0.255,0.48,0.712,1.15,0.392,0.327,0.413,0.291,0.465,1.042,0.767,0.336,0.42,0.468,0.92,0.613,0.533,0.569,0.676,0.734,0.683,0.716,0.621,0.474,0.327,0.379,0.59,0.6,0.49,0.477,0.995,0.526,0.508,0.739,0.762,0.631,0.652,0.518,0.337,0.487,0.255,0.55,0.64,0.331,0.473,0.483,0.707,0.405,0.263,0.674,0.235,0.304,0.277,0.566,0.363,0.524,0.462
68.41666667,0.255,0.48,0.712,1.154,0.392,0.327,0.413,0.292,0.465,1.042,0.768,0.348,0.42,0.467,0.92,0.613,0.533,0.57,0.676,0.734,0.682,0.716,0.621,0.474,0.327,0.378,0.59,0.6,0.489,0.477,0.995,0.526,0.508,0.739,0.762,0.631,0.652,0.518,0.337,0.487,0.254,0.55,0.64,0.331,0.473,0.483,0.707,0.405,0.263,0.674,0.235,0.304,0.277,0.566,0.363,0.524,0.462
68.5,0.255,0.479,0.712,1.153,0.392,0.327,0.413,0.292,0.466,1.042,0.768,0.335,0.421,0.467,0.92,0.614,0.533,0.572,0.677,0.735,0.682,0.716,0.622,0.474,0.327,0.379,0.589,0.6,0.49,0.477,0.995,0.527,0.508,0.738,0.762,0.632,0.652,0.518,0.338,0.487,0.255,0.55,0.64,0.33,0.473,0.483,0.708,0.406,0.263,0.674,0.235,0.304,0.277,0.567,0.364,0.524,0.462
68.58333333,0.254,0.479,0.713,1.152,0.391,0.327,0.413,0.293,0.466,1.042,0.768,0.339,0.421,0.466,0.92,0.614,0.533,0.573,0.677,0.735,0.681,0.715,0.622,0.474,0.327,0.379,0.59,0.6,0.49,0.477,0.995,0.527,0.508,0.738,0.762,0.633,0.652,0.519,0.338,0.488,0.255,0.55,0.64,0.33,0.474,0.483,0.708,0.406,0.263,0.673,0.235,0.303,0.277,0.567,0.364,0.524,0.462
68.66666667,0.254,0.479,0.713,1.151,0.391,0.327,0.413,0.293,0.466,1.041,0.768,0.331,0.421,0.466,0.92,0.615,0.533,0.573,0.677,0.735,0.681,0.715,0.622,0.475,0.327,0.378,0.589,0.6,0.49,0.477,0.995,0.527,0.508,0.738,0.761,0.633,0.652,0.519,0.339,0.488,0.254,0.55,0.64,0.33,0.474,0.484,0.708,0.406,0.264,0.673,0.235,0.304,0.277,0.567,0.365,0.524,0.461
68.75,0.254,0.479,0.713,1.149,0.391,0.326,0.413,0.293,0.466,1.042,0.768,0.341,0.422,0.466,0.92,0.616,0.533,0.574,0.677,0.736,0.681,0.715,0.623,0.475,0.327,0.379,0.589,0.599,0.491,0.477,0.995,0.528,0.509,0.738,0.761,0.633,0.651,0.519,0.339,0.488,0.254,0.551,0.64,0.33,0.474,0.483,0.708,0.407,0.264,0.673,0.235,0.304,0.277,0.568,0.366,0.523,0.461
68.83333333,0.254,0.479,0.713,1.15,0.391,0.326,0.414,0.294,0.466,1.041,0.768,0.341,0.422,0.466,0.92,0.616,0.532,0.575,0.677,0.736,0.681,0.714,0.623,0.475,0.327,0.378,0.589,0.599,0.491,0.476,0.995,0.528,0.509,0.737,0.761,0.633,0.651,0.52,0.339,0.488,0.254,0.55,0.64,0.33,0.474,0.484,0.708,0.407,0.264,0.673,0.235,0.303,0.277,0.568,0.366,0.523,0.461
68.91666667,0.254,0.479,0.713,1.15,0.391,0.326,0.414,0.295,0.466,1.042,0.769,0.361,0.422,0.466,0.92,0.617,0.533,0.576,0.677,0.736,0.681,0.714,0.624,0.475,0.326,0.378,0.589,0.6,0.491,0.476,0.994,0.528,0.509,0.737,0.761,0.633,0.651,0.52,0.34,0.489,0.255,0.55,0.64,0.33,0.474,0.484,0.708,0.407,0.264,0.673,0.235,0.304,0.277,0.569,0.366,0.523,0.461
69,0.254,0.479,0.713,1.152,0.391,0.326,0.414,0.295,0.465,1.041,0.769,0.347,0.422,0.465,0.92,0.617,0.533,0.577,0.677,0.736,0.68,0.714,0.624,0.475,0.326,0.378,0.588,0.599,0.492,0.476,0.994,0.528,0.509,0.737,0.76,0.633,0.651,0.521,0.34,0.489,0.254,0.551,0.64,0.33,0.474,0.484,0.708,0.407,0.264,0.672,0.235,0.303,0.277,0.569,0.367,0.523,0.461
69.08333333,0.254,0.478,0.713,1.152,0.39,0.326,0.414,0.296,0.465,1.042,0.769,0.332,0.423,0.465,0.92,0.617,0.533,0.577,0.678,0.737,0.68,0.714,0.624,0.475,0.326,0.378,0.588,0.599,0.492,0.475,0.994,0.529,0.509,0.737,0.76,0.633,0.65,0.521,0.34,0.489,0.254,0.551,0.64,0.33,0.474,0.484,0.708,0.408,0.265,0.672,0.235,0.303,0.276,0.57,0.368,0.523,0.461
69.16666667,0.254,0.478,0.713,1.149,0.39,0.326,0.414,0.296,0.465,1.041,0.769,0.334,0.422,0.465,0.92,0.618,0.532,0.577,0.677,0.737,0.68,0.714,0.624,0.475,0.326,0.378,0.588,0.599,0.492,0.475,0.994,0.529,0.509,0.737,0.76,0.633,0.65,0.521,0.34,0.489,0.254,0.551,0.64,0.33,0.475,0.484,0.708,0.409,0.265,0.672,0.235,0.303,0.277,0.57,0.368,0.523,0.461
69.25,0.254,0.478,0.713,1.149,0.39,0.326,0.414,0.297,0.466,1.041,0.769,0.327,0.423,0.465,0.919,0.618,0.532,0.579,0.677,0.737,0.68,0.713,0.625,0.475,0.326,0.378,0.588,0.599,0.492,0.474,0.993,0.529,0.509,0.736,0.759,0.633,0.65,0.521,0.341,0.489,0.254,0.551,0.64,0.33,0.475,0.484,0.707,0.409,0.265,0.671,0.235,0.303,0.277,0.57,0.369,0.523,0.461
69.33333333,0.254,0.478,0.714,1.153,0.39,0.326,0.414,0.297,0.466,1.041,0.769,0.349,0.423,0.464,0.919,0.619,0.532,0.581,0.677,0.737,0.681,0.713,0.625,0.475,0.326,0.378,0.587,0.599,0.492,0.474,0.993,0.529,0.509,0.736,0.759,0.634,0.649,0.522,0.341,0.49,0.254,0.551,0.639,0.329,0.475,0.485,0.707,0.409,0.265,0.671,0.235,0.303,0.276,0.571,0.369,0.523,0.461
69.41666667,0.254,0.477,0.714,1.149,0.389,0.326,0.414,0.298,0.465,1.041,0.769,0.335,0.423,0.464,0.918,0.619,0.532,0.581,0.677,0.737,0.68,0.712,0.625,0.476,0.325,0.378,0.587,0.599,0.492,0.474,0.993,0.529,0.509,0.736,0.759,0.633,0.649,0.522,0.341,0.49,0.254,0.551,0.639,0.329,0.474,0.484,0.707,0.409,0.266,0.671,0.235,0.303,0.276,0.571,0.37,0.522,0.46
69.5,0.254,0.477,0.714,1.155,0.389,0.326,0.414,0.298,0.465,1.041,0.769,0.327,0.422,0.464,0.918,0.619,0.532,0.582,0.677,0.737,0.679,0.712,0.625,0.475,0.325,0.378,0.587,0.599,0.492,0.474,0.993,0.529,0.509,0.736,0.759,0.633,0.649,0.523,0.341,0.49,0.254,0.551,0.639,0.329,0.475,0.485,0.707,0.409,0.266,0.671,0.235,0.303,0.276,0.571,0.37,0.522,0.46
69.58333333,0.254,0.477,0.714,1.151,0.389,0.326,0.414,0.298,0.465,1.041,0.769,0.349,0.423,0.463,0.919,0.619,0.532,0.582,0.677,0.737,0.68,0.712,0.625,0.475,0.325,0.378,0.587,0.599,0.493,0.473,0.993,0.53,0.509,0.736,0.759,0.633,0.649,0.523,0.342,0.49,0.254,0.551,0.639,0.329,0.475,0.485,0.708,0.41,0.266,0.671,0.235,0.303,0.276,0.572,0.371,0.522,0.46
69.66666667,0.254,0.477,0.714,1.151,0.389,0.326,0.415,0.299,0.465,1.041,0.769,0.344,0.423,0.464,0.919,0.62,0.532,0.583,0.678,0.737,0.68,0.712,0.625,0.476,0.325,0.378,0.587,0.599,0.493,0.473,0.992,0.531,0.51,0.735,0.759,0.633,0.649,0.523,0.342,0.491,0.254,0.552,0.639,0.329,0.475,0.485,0.707,0.41,0.266,0.671,0.235,0.303,0.276,0.572,0.371,0.522,0.46
69.75,0.254,0.477,0.715,1.15,0.389,0.326,0.415,0.3,0.466,1.041,0.77,0.341,0.423,0.464,0.919,0.62,0.532,0.585,0.678,0.737,0.68,0.712,0.626,0.476,0.325,0.378,0.587,0.599,0.493,0.473,0.993,0.53,0.51,0.735,0.758,0.634,0.648,0.524,0.342,0.491,0.254,0.552,0.639,0.329,0.475,0.485,0.707,0.411,0.267,0.67,0.235,0.303,0.276,0.573,0.372,0.522,0.46
69.83333333,0.254,0.477,0.715,1.15,0.389,0.326,0.415,0.3,0.466,1.041,0.77,0.374,0.423,0.464,0.919,0.62,0.532,0.586,0.678,0.738,0.68,0.711,0.626,0.476,0.325,0.378,0.587,0.599,0.494,0.473,0.993,0.531,0.51,0.735,0.758,0.634,0.648,0.524,0.343,0.491,0.254,0.552,0.639,0.328,0.476,0.486,0.707,0.411,0.267,0.67,0.235,0.303,0.276,0.573,0.373,0.522,0.46
69.91666667,0.253,0.477,0.715,1.149,0.389,0.325,0.415,0.301,0.466,1.041,0.77,0.353,0.423,0.463,0.918,0.62,0.532,0.586,0.678,0.738,0.679,0.712,0.626,0.476,0.325,0.378,0.586,0.599,0.493,0.472,0.993,0.531,0.51,0.735,0.758,0.634,0.648,0.525,0.343,0.491,0.254,0.552,0.639,0.328,0.476,0.486,0.707,0.412,0.267,0.67,0.235,0.303,0.276,0.574,0.373,0.522,0.46
70,0.253,0.476,0.715,1.155,0.388,0.325,0.415,0.301,0.465,1.041,0.77,0.356,0.423,0.463,0.918,0.621,0.532,0.588,0.678,0.738,0.679,0.711,0.626,0.476,0.324,0.377,0.586,0.599,0.494,0.472,0.992,0.531,0.51,0.735,0.758,0.634,0.648,0.525,0.343,0.491,0.254,0.552,0.639,0.328,0.476,0.486,0.708,0.412,0.267,0.67,0.235,0.303,0.276,0.574,0.374,0.522,0.46
70.08333333,0.253,0.476,0.715,1.154,0.388,0.325,0.415,0.302,0.466,1.04,0.77,0.363,0.423,0.463,0.919,0.621,0.532,0.588,0.678,0.738,0.678,0.711,0.627,0.476,0.324,0.377,0.586,0.599,0.494,0.472,0.993,0.531,0.51,0.734,0.757,0.634,0.648,0.525,0.343,0.492,0.254,0.553,0.639,0.328,0.476,0.486,0.708,0.413,0.267,0.669,0.235,0.303,0.276,0.574,0.374,0.522,0.46
70.16666667,0.253,0.476,0.715,1.152,0.388,0.325,0.416,0.302,0.466,1.04,0.77,0.349,0.422,0.462,0.919,0.621,0.532,0.59,0.678,0.738,0.678,0.711,0.627,0.476,0.324,0.377,0.586,0.599,0.494,0.472,0.993,0.532,0.51,0.734,0.757,0.634,0.647,0.526,0.344,0.492,0.254,0.552,0.638,0.328,0.476,0.486,0.708,0.413,0.267,0.669,0.234,0.303,0.276,0.574,0.375,0.521,0.46
70.25,0.253,0.476,0.716,1.15,0.388,0.325,0.416,0.303,0.466,1.04,0.77,0.36,0.423,0.462,0.918,0.621,0.532,0.591,0.678,0.738,0.678,0.71,0.627,0.477,0.324,0.377,0.586,0.598,0.495,0.472,0.992,0.532,0.51,0.734,0.757,0.633,0.647,0.526,0.344,0.492,0.253,0.552,0.638,0.328,0.476,0.486,0.707,0.413,0.268,0.669,0.235,0.303,0.276,0.575,0.375,0.521,0.46
70.33333333,0.253,0.476,0.715,1.151,0.388,0.325,0.416,0.303,0.466,1.04,0.77,0.342,0.423,0.462,0.918,0.622,0.532,0.592,0.678,0.738,0.678,0.71,0.628,0.477,0.324,0.377,0.585,0.599,0.495,0.471,0.992,0.532,0.511,0.733,0.756,0.633,0.646,0.526,0.344,0.492,0.253,0.552,0.638,0.327,0.477,0.486,0.707,0.413,0.268,0.669,0.235,0.303,0.276,0.575,0.376,0.521,0.459
70.41666667,0.253,0.476,0.716,1.15,0.387,0.325,0.416,0.304,0.466,1.04,0.77,0.344,0.422,0.462,0.918,0.622,0.532,0.592,0.679,0.738,0.678,0.71,0.628,0.477,0.324,0.377,0.585,0.599,0.495,0.471,0.992,0.532,0.511,0.733,0.756,0.634,0.646,0.527,0.344,0.493,0.253,0.552,0.638,0.327,0.476,0.487,0.707,0.414,0.268,0.669,0.234,0.303,0.276,0.576,0.377,0.521,0.459
70.5,0.253,0.476,0.716,1.154,0.387,0.325,0.416,0.304,0.467,1.04,0.771,0.336,0.422,0.462,0.918,0.622,0.532,0.593,0.683,0.738,0.678,0.71,0.629,0.477,0.324,0.377,0.585,0.599,0.495,0.47,0.992,0.533,0.511,0.733,0.756,0.633,0.646,0.527,0.344,0.493,0.253,0.552,0.638,0.327,0.477,0.487,0.707,0.415,0.268,0.668,0.235,0.303,0.276,0.576,0.377,0.521,0.459
70.58333333,0.253,0.475,0.716,1.152,0.387,0.325,0.416,0.305,0.467,1.04,0.771,0.349,0.423,0.461,0.918,0.622,0.532,0.594,0.686,0.738,0.678,0.709,0.629,0.477,0.323,0.377,0.585,0.599,0.495,0.47,0.991,0.533,0.511,0.733,0.755,0.633,0.646,0.527,0.345,0.493,0.253,0.552,0.638,0.327,0.477,0.487,0.707,0.415,0.269,0.668,0.234,0.303,0.276,0.577,0.378,0.521,0.459
70.66666667,0.253,0.475,0.716,1.153,0.387,0.325,0.416,0.305,0.467,1.04,0.771,0.359,0.422,0.461,0.918,0.622,0.532,0.595,0.687,0.738,0.677,0.709,0.629,0.477,0.323,0.377,0.584,0.599,0.495,0.47,0.992,0.533,0.511,0.732,0.755,0.633,0.645,0.528,0.345,0.493,0.253,0.552,0.638,0.327,0.477,0.487,0.708,0.415,0.269,0.668,0.234,0.302,0.276,0.577,0.378,0.521,0.459
70.75,0.253,0.475,0.717,1.151,0.387,0.325,0.416,0.306,0.467,1.04,0.771,0.354,0.422,0.461,0.918,0.622,0.532,0.595,0.688,0.738,0.677,0.709,0.629,0.477,0.323,0.377,0.584,0.599,0.496,0.47,0.991,0.533,0.511,0.732,0.755,0.633,0.645,0.528,0.345,0.493,0.253,0.553,0.638,0.327,0.477,0.487,0.708,0.415,0.269,0.667,0.234,0.303,0.276,0.577,0.379,0.521,0.459
70.83333333,0.253,0.475,0.717,1.15,0.387,0.324,0.416,0.306,0.467,1.04,0.771,0.35,0.422,0.461,0.918,0.622,0.532,0.596,0.69,0.738,0.677,0.709,0.63,0.477,0.323,0.377,0.584,0.598,0.495,0.47,0.991,0.533,0.511,0.732,0.755,0.634,0.645,0.528,0.345,0.493,0.253,0.553,0.638,0.327,0.477,0.487,0.708,0.415,0.269,0.667,0.234,0.302,0.276,0.577,0.379,0.52,0.459
70.91666667,0.253,0.474,0.717,1.149,0.386,0.324,0.416,0.307,0.467,1.039,0.772,0.353,0.422,0.461,0.917,0.622,0.532,0.596,0.691,0.738,0.677,0.708,0.629,0.477,0.323,0.376,0.584,0.598,0.495,0.469,0.991,0.534,0.511,0.731,0.754,0.633,0.644,0.529,0.346,0.494,0.253,0.553,0.638,0.327,0.477,0.488,0.709,0.415,0.269,0.667,0.234,0.302,0.275,0.578,0.38,0.52,0.458
71,0.253,0.474,0.717,1.151,0.386,0.325,0.417,0.307,0.467,1.04,0.772,0.354,0.422,0.46,0.918,0.622,0.532,0.597,0.692,0.739,0.677,0.708,0.63,0.477,0.323,0.377,0.584,0.598,0.496,0.469,0.992,0.534,0.512,0.732,0.754,0.633,0.644,0.529,0.346,0.494,0.253,0.553,0.638,0.327,0.477,0.488,0.712,0.416,0.27,0.667,0.234,0.302,0.276,0.578,0.38,0.52,0.459
71.08333333,0.252,0.475,0.717,1.147,0.386,0.324,0.417,0.308,0.468,1.04,0.772,0.355,0.422,0.46,0.918,0.623,0.532,0.598,0.693,0.739,0.676,0.708,0.63,0.478,0.323,0.377,0.584,0.598,0.496,0.469,0.991,0.534,0.512,0.731,0.754,0.633,0.644,0.53,0.346,0.494,0.253,0.553,0.637,0.326,0.477,0.488,0.714,0.417,0.27,0.667,0.234,0.302,0.276,0.579,0.381,0.52,0.458
71.16666667,0.252,0.474,0.717,1.147,0.386,0.324,0.417,0.308,0.468,1.04,0.771,0.369,0.422,0.46,0.918,0.623,0.532,0.599,0.694,0.738,0.676,0.708,0.631,0.478,0.322,0.377,0.583,0.599,0.497,0.469,0.991,0.535,0.512,0.731,0.754,0.633,0.644,0.53,0.346,0.495,0.253,0.553,0.638,0.326,0.477,0.489,0.714,0.417,0.27,0.666,0.234,0.302,0.276,0.579,0.381,0.52,0.458
71.25,0.252,0.474,0.718,1.147,0.386,0.324,0.417,0.309,0.468,1.039,0.772,0.346,0.422,0.46,0.918,0.623,0.532,0.6,0.695,0.738,0.676,0.708,0.631,0.478,0.322,0.377,0.584,0.598,0.497,0.469,0.991,0.535,0.512,0.731,0.754,0.633,0.644,0.531,0.347,0.495,0.253,0.553,0.637,0.326,0.478,0.489,0.715,0.417,0.27,0.667,0.234,0.302,0.276,0.58,0.382,0.52,0.458
71.33333333,0.252,0.474,0.718,1.149,0.386,0.324,0.418,0.309,0.468,1.039,0.772,0.363,0.422,0.459,0.917,0.623,0.532,0.6,0.696,0.738,0.676,0.707,0.631,0.478,0.322,0.376,0.583,0.598,0.497,0.468,0.991,0.535,0.512,0.731,0.753,0.633,0.643,0.531,0.347,0.495,0.253,0.553,0.637,0.326,0.477,0.489,0.715,0.418,0.27,0.666,0.234,0.302,0.275,0.58,0.383,0.52,0.458
71.41666667,0.252,0.474,0.718,1.145,0.385,0.324,0.418,0.31,0.468,1.039,0.772,0.352,0.421,0.459,0.917,0.623,0.532,0.601,0.697,0.738,0.675,0.707,0.632,0.478,0.322,0.376,0.583,0.598,0.498,0.468,0.991,0.535,0.512,0.73,0.753,0.633,0.643,0.531,0.347,0.495,0.253,0.553,0.637,0.326,0.478,0.489,0.715,0.418,0.271,0.666,0.234,0.302,0.275,0.58,0.383,0.52,0.458
71.5,0.252,0.474,0.718,1.145,0.385,0.324,0.418,0.31,0.467,1.039,0.772,0.365,0.422,0.459,0.917,0.623,0.532,0.602,0.697,0.739,0.675,0.707,0.633,0.478,0.322,0.376,0.583,0.598,0.498,0.468,0.991,0.536,0.513,0.73,0.753,0.633,0.643,0.531,0.347,0.495,0.253,0.554,0.637,0.326,0.48,0.489,0.715,0.419,0.271,0.666,0.234,0.302,0.275,0.58,0.384,0.52,0.457
71.58333333,0.252,0.473,0.718,1.145,0.385,0.324,0.418,0.311,0.468,1.039,0.772,0.355,0.421,0.459,0.917,0.623,0.532,0.603,0.697,0.738,0.675,0.707,0.632,0.478,0.322,0.376,0.583,0.598,0.498,0.467,0.991,0.536,0.513,0.73,0.752,0.633,0.643,0.532,0.348,0.496,0.253,0.554,0.637,0.326,0.481,0.489,0.714,0.419,0.271,0.666,0.234,0.302,0.275,0.581,0.384,0.52,0.457
71.66666667,0.252,0.473,0.718,1.144,0.385,0.324,0.418,0.311,0.468,1.039,0.773,0.353,0.421,0.459,0.918,0.623,0.532,0.604,0.698,0.738,0.674,0.707,0.633,0.478,0.322,0.376,0.583,0.598,0.499,0.467,0.991,0.536,0.513,0.73,0.753,0.632,0.642,0.532,0.348,0.496,0.253,0.554,0.637,0.326,0.481,0.489,0.714,0.419,0.271,0.666,0.234,0.302,0.275,0.581,0.385,0.519,0.457
71.75,0.252,0.473,0.719,1.143,0.385,0.324,0.418,0.312,0.468,1.039,0.773,0.361,0.421,0.458,0.918,0.623,0.532,0.604,0.699,0.738,0.674,0.707,0.634,0.478,0.321,0.376,0.582,0.598,0.498,0.467,0.991,0.536,0.513,0.73,0.752,0.633,0.642,0.532,0.348,0.496,0.253,0.554,0.637,0.326,0.481,0.489,0.714,0.42,0.272,0.666,0.234,0.302,0.275,0.582,0.385,0.519,0.457
71.83333333,0.252,0.473,0.719,1.147,0.384,0.323,0.419,0.313,0.468,1.039,0.773,0.369,0.421,0.458,0.918,0.623,0.532,0.606,0.7,0.739,0.674,0.706,0.634,0.479,0.321,0.376,0.582,0.598,0.499,0.467,0.99,0.537,0.513,0.729,0.752,0.632,0.642,0.533,0.348,0.496,0.253,0.554,0.637,0.326,0.481,0.49,0.714,0.42,0.272,0.665,0.234,0.302,0.275,0.582,0.386,0.519,0.457
71.91666667,0.252,0.473,0.718,1.145,0.384,0.323,0.418,0.313,0.468,1.038,0.772,0.349,0.421,0.458,0.917,0.623,0.532,0.606,0.7,0.737,0.674,0.705,0.634,0.478,0.321,0.376,0.582,0.598,0.499,0.466,0.989,0.537,0.513,0.728,0.751,0.632,0.641,0.533,0.348,0.496,0.253,0.554,0.636,0.325,0.481,0.49,0.713,0.42,0.272,0.665,0.234,0.302,0.275,0.582,0.387,0.519,0.457
72,0.252,0.473,0.719,1.145,0.384,0.323,0.419,0.314,0.468,1.038,0.773,0.363,0.421,0.458,0.917,0.623,0.532,0.606,0.7,0.738,0.674,0.706,0.635,0.479,0.321,0.376,0.582,0.598,0.499,0.466,0.99,0.537,0.513,0.728,0.752,0.632,0.641,0.533,0.349,0.497,0.253,0.554,0.637,0.325,0.482,0.49,0.714,0.42,0.272,0.665,0.234,0.302,0.275,0.583,0.387,0.519,0.457
